-0.024100307	0.019173684	0.07559799	0.48935908	0.23902297	-0.106526755	0.039075155	-0.09438442	0.09090075	0.092870496	0.042531222	0.03074711	0.724965	-0.07018144	0.18062045	-0.05229517
0.020526754	-0.03096632	0.19617175	0.651154	0.35524213	-0.11023345	0.042964283	-0.09864546	0.13160706	0.15054582	0.055621643	-0.0819367	0.7858949	-0.062015824	0.2969807	-0.06861016
-0.027297974	0.04596583	0.012917471	0.6481642	0.25794363	-0.18482858	0.116609186	-0.19213761	0.10599087	0.06853259	-0.09532272	0.0032122966	0.8576246	-0.10235716	0.18665037	-0.16121924
0.012512755	0.02491524	0.08606212	0.5805371	0.317367	-0.19102652	0.11731289	-0.17202982	0.14436463	0.11823597	-0.043633454	0.04453373	0.8394665	-0.11358295	0.22219159	-0.0998125
-0.050894897	0.03339608	0.051305152	0.55521196	0.16973603	-0.06316537	0.05420697	-0.081943	0.13478062	0.17905544	-0.03901598	-0.016317265	0.7144432	-0.038210116	0.21332963	-0.09833324
0.11478653	-0.07697831	0.14453676	0.61706924	0.19210128	-0.032455545	0.044085402	-0.0651486	0.23604898	0.21077259	0.083725624	-0.08801465	0.79474753	0.08741008	0.36398032	-0.009382668
-0.03061983	0.07648013	0.07568415	0.60828084	0.32871798	-0.20740639	0.18932766	-0.108373456	0.11862579	0.17839098	-0.06909549	0.058211476	0.81812626	-0.14030534	0.25878227	-0.17081256
0.5486995	-0.6061782	0.661082	0.685798	0.12071167	0.2824394	-0.379444	0.27727175	0.64301896	0.60102445	0.5929417	-0.55673194	0.84415716	0.53179693	0.72948056	0.46727765
-0.02353794	0.0034040536	0.08545377	0.67647314	0.31804422	-0.1405095	0.0745084	-0.12640783	0.16263363	0.13305123	-0.03322204	-0.0053712428	0.8135382	-0.08904477	0.32761106	-0.08523062
0.060707156	-0.11071401	0.12699786	0.5873379	0.23384318	-0.020610373	-0.013952454	-0.012206042	0.22787471	0.16855252	0.06388407	-0.066056095	0.6841837	0.0039822715	0.35454068	-0.054667734
-0.15769187	0.16614734	-0.104804374	0.42186272	0.37702245	-0.23369844	0.25495777	-0.26671755	-0.062458344	-0.058719296	-0.08134867	0.1388843	0.4448191	-0.1795611	-0.003206174	-0.21328826
0.01046301	-0.026974874	0.06400088	0.48745918	0.18866634	-0.032254178	0.094629206	-0.04382832	0.12692554	0.12004547	0.05076503	-0.05057848	0.64391375	-0.003172487	0.18561831	-0.05921453
0.060600903	-0.068777025	0.09719939	0.39430702	0.24881293	-0.04652024	0.10741888	-0.09046544	0.13276401	0.11100891	0.017500086	-0.03151353	0.44577482	-0.038680084	0.13760433	-0.021231722
0.026033157	-0.03960152	0.031098293	0.46134555	0.28268665	-0.0921164	0.036735218	-0.11890362	0.09894887	0.073911466	0.043746073	-0.029650766	0.56100774	-0.058700483	0.14281066	-0.050064974
0.36708993	-0.37165987	0.44874796	0.48236504	0.16798997	0.095279574	-0.19835192	0.16523965	0.4283248	0.34383348	0.35434905	-0.3589548	0.4726507	0.24736506	0.47114176	0.24792686
0.09505719	-0.15844783	0.19807322	0.4952517	0.2404732	-0.0940978	-0.054647524	-0.011408869	0.22377777	0.21241194	0.15024832	-0.15194574	0.6319615	0.061652962	0.3216544	0.036918554
0.10584809	-0.01932055	0.110265195	0.38576078	0.1117607	-0.06485668	-0.0152046215	0.020716252	0.11859063	0.16957705	0.022034295	-0.02836966	0.5025058	0.047342107	0.24053718	0.024138706
-0.039957736	-0.04162098	0.114360936	0.53800267	0.29510832	-0.07544201	0.12499529	-0.12290335	0.16418718	0.11925185	0.023731666	-0.034357645	0.66156465	0.006600487	0.22447573	-0.05723892
0.28834996	-0.22954181	0.32117194	0.49967888	0.09918587	0.07334326	-0.17946954	0.145162	0.3720815	0.347392	0.29810855	-0.23226853	0.5997488	0.26509595	0.3755419	0.1997798
-0.5037775	0.5433438	-0.45746177	0.328582	0.5179467	-0.4984371	0.5357684	-0.49564916	-0.40212533	-0.35829592	-0.59738946	0.48220176	0.44385797	-0.53591543	-0.29880598	-0.59423053
0.19861056	-0.16792257	0.2387978	0.3308662	0.0394295	0.024695478	-0.13790727	0.088069685	0.22250348	0.18086874	0.1798045	-0.16296944	0.4051719	0.03900283	0.21807367	0.058324277
0.20756064	-0.17053625	0.20753846	0.28493115	-0.009017172	0.1057037	-0.1538227	0.094197325	0.21692592	0.21340361	0.221112	-0.1373817	0.38859993	0.110270955	0.28167927	0.116807535
0.3498715	-0.3666743	0.41142896	0.450191	-0.0017639048	0.20161319	-0.26783407	0.16062294	0.42763478	0.32653695	0.29478616	-0.27174202	0.45080706	0.24995294	0.44719076	0.30930912
-0.12882973	0.14933984	-0.028703073	0.47427365	0.35475466	-0.28879052	0.23923863	-0.26593778	-0.05513957	0.023600977	-0.18536694	0.10640538	0.587925	-0.24055208	0.12589706	-0.27044398
-0.06039424	0.03496918	-0.001065921	0.5307793	0.27231264	-0.14276367	0.09891049	-0.15290338	0.0339035	0.068632536	-0.021327572	0.042109612	0.5559213	-0.07092444	0.23637876	-0.16963607
-0.030917766	0.080063164	-0.091548055	0.2545545	0.2208434	-0.1568831	0.14418626	-0.14446235	-0.02452004	-0.088313125	-0.06897494	0.09407359	0.33789814	-0.082244396	0.03652047	-0.12833017
0.52386355	-0.49061307	0.49753323	0.3867925	0.054097492	0.23966084	-0.3819957	0.2556929	0.5443202	0.4870275	0.49529287	-0.4144534	0.39512178	0.40781206	0.4978537	0.4103595
-0.20055605	0.17118622	-0.11342471	0.33661464	0.33604017	-0.21846145	0.22347341	-0.24413542	-0.112741806	-0.075751275	-0.17754771	0.21465424	0.43374068	-0.23992532	-0.102855206	-0.26419717
-0.17824785	0.15519951	-0.0067943376	0.49956417	0.3757369	-0.3071011	0.24881561	-0.27175716	0.0019783725	-0.08004334	-0.19781344	0.1508499	0.57859474	-0.19919884	0.091556095	-0.24585702
0.22454026	-0.15977214	0.26437417	0.32269868	0.11076195	0.020276472	-0.07095539	0.10507658	0.23571692	0.1756058	0.23379812	-0.15635435	0.3849436	0.09713012	0.28399763	0.103290536
-0.09268975	0.069473766	-0.06654605	0.4355159	0.21482705	-0.17385477	0.20298232	-0.15086913	-0.039607223	0.031226406	-0.092880756	0.13197045	0.50980586	-0.17126878	0.07503087	-0.20361821
0.25884032	-0.28110445	0.3876004	0.44986737	0.0046187723	0.10477718	-0.15646154	0.129449	0.32068583	0.3413101	0.29356846	-0.3028153	0.5196401	0.28549197	0.40927157	0.21275312
-0.32494107	0.32231063	-0.29438028	0.35268286	0.3366683	-0.3489113	0.3297626	-0.26890984	-0.23176952	-0.18378173	-0.2945423	0.24439786	0.47677737	-0.2978473	-0.19524196	-0.37074307
0.18052408	-0.19617163	0.25693515	0.5233403	0.16367708	0.030598057	-0.09629073	0.049547255	0.34093437	0.22885919	0.16920531	-0.22413999	0.58913463	0.12777738	0.34650496	0.08770834
-0.06117104	0.047541726	0.0017282123	0.40476796	0.19325888	-0.13557197	0.056530822	-0.10656361	0.115874946	0.06751959	-0.027596513	-0.016874487	0.43614984	-0.034187693	0.13560802	-0.07984983
0.10463276	-0.11143771	0.2122204	0.3631882	0.15653923	-0.0050871153	-0.008756949	-0.036347963	0.16438113	0.1922888	0.15465045	-0.10905426	0.49041185	0.07188504	0.28769192	0.052740626
-0.43460503	0.43856308	-0.37102622	0.42685458	0.4305237	-0.38152745	0.42860198	-0.38099575	-0.33361527	-0.22731547	-0.4023758	0.3564314	0.51102734	-0.38312137	-0.13313363	-0.40748566
-0.12535292	0.13489588	-0.047339015	0.4701714	0.24205926	-0.1294559	0.18670514	-0.13403934	0.007387054	0.086879976	-0.09473386	0.03708846	0.5252824	-0.1650316	0.09202719	-0.123149514
0.025295794	-0.0049595353	0.093832456	0.35693693	0.14883147	-0.002471554	0.062386278	-0.018452372	0.06609415	0.09470322	0.04817539	-0.06323838	0.47862387	0.007815411	0.22736502	-0.008444484
0.10212411	-0.15849982	0.18394656	0.2866599	0.017415509	0.12646154	-0.10476626	0.10364443	0.13619645	0.14566351	0.15726395	-0.14833607	0.33303535	0.11349107	0.15421051	0.09460947
0.2997839	-0.24808663	0.34933206	0.33050835	-0.013713535	0.19921587	-0.25980946	0.14262114	0.32958773	0.31680244	0.3078901	-0.2745645	0.44013608	0.27090532	0.3613643	0.24641967
-0.30070993	0.35299903	-0.32833934	0.2884206	0.36482573	-0.29339573	0.2922867	-0.2981252	-0.25110823	-0.19282141	-0.30442005	0.26974148	0.26376098	-0.28686517	-0.19931315	-0.33349985
-0.22044513	0.24809374	-0.20095772	0.19896083	0.25979185	-0.20454434	0.19903685	-0.2844635	-0.16470285	-0.054670755	-0.21014783	0.19867897	0.3809334	-0.17194442	-0.06261124	-0.21425942
0.15765154	-0.095272295	0.22588643	0.28498346	0.14082907	0.005143528	-0.080956064	-0.02446108	0.21717109	0.18442947	0.15962419	-0.12810603	0.36621952	0.043113068	0.22792177	0.055290826
0.13524777	-0.14783782	0.14468901	0.3465003	0.20254327	-0.09141133	-0.057098716	-0.014838732	0.15916543	0.18200992	0.15318501	-0.08679113	0.38916773	0.09406271	0.2065864	-0.0012398611
-0.124688864	0.07451558	-0.025451066	0.2858093	0.2545761	-0.1763891	0.15369135	-0.16145836	0.031043127	-0.032450896	-0.1196193	0.08614776	0.2790268	-0.057215314	0.0670955	-0.12618841
0.013273122	0.00083017314	-0.019750651	0.17883703	0.24045655	-0.11587036	0.02947171	-0.09931974	0.057323832	-0.051631738	0.015494479	0.068821594	0.27287924	-0.004193019	0.058778867	-0.04556813
0.094462596	-0.10872951	0.16119973	0.27254048	0.15145694	0.016291177	-0.024206268	0.048416436	0.081130885	0.13980965	0.13598101	-0.064387254	0.31743395	0.09936765	0.18832512	-0.0036020135
-0.037997723	0.019739471	0.065393314	0.3455689	0.116165675	-0.09544086	0.025210025	-0.07835865	0.0083699925	0.07208567	0.041886676	-0.035723716	0.38464546	-0.02403882	0.122926556	-0.08391292
0.3217774	-0.2830387	0.37880257	0.30631462	-0.0013231864	0.08725597	-0.19400777	0.14498913	0.36204147	0.31810388	0.2795432	-0.32283217	0.3557305	0.25934744	0.37718025	0.22715102
-0.0008307277	0.046179015	0.015318547	0.23979796	0.15740834	-0.06932899	0.007666369	-0.09089026	0.08273183	0.076377966	0.008453552	0.004686765	0.2691885	0.027467191	0.13568787	-0.09294996
0.21004142	-0.17161432	0.24750188	0.3304508	0.087874874	0.01646474	-0.0695314	0.07480355	0.2098513	0.17781898	0.18776995	-0.14423113	0.39022088	0.11885267	0.2824711	0.13334864
0.22489344	-0.22382186	0.29983717	0.29380175	-0.078758925	0.18869963	-0.14115697	0.17135139	0.27920175	0.28758246	0.21362464	-0.21330193	0.41452312	0.17027669	0.3427243	0.2177797
0.0892794	-0.11965	0.15628101	0.42012137	0.030414358	0.054879356	-0.037025537	0.042441066	0.19496626	0.20041841	0.048777446	-0.10064367	0.43218955	0.044150684	0.19108988	0.060376465
0.5855183	-0.6346718	0.6395956	0.3995733	-0.2818445	0.45529914	-0.54984343	0.43802547	0.64129865	0.6486372	0.5689725	-0.6313939	0.43055657	0.59495145	0.5800387	0.5705133
0.0064586075	0.015850786	0.07593634	0.28469205	0.138703	-0.06254409	0.10010449	-0.06006388	0.0930604	0.020715892	0.008873604	0.01760792	0.35219532	-0.07668969	0.06636767	-0.09261416
-0.016595565	0.00924272	-0.029061109	0.2738213	0.09289024	-0.101876125	0.06976097	-0.10815796	-0.00029804316	0.0696145	-0.011585654	0.03325765	0.34398103	-0.00028168008	0.05467222	-0.016368128
0.038572144	0.01437415	0.06931581	0.21287037	0.05135626	-0.044271816	0.001449917	-0.024039637	0.07528814	0.11298897	0.06473042	0.008647965	0.2925317	0.036016434	0.124761514	-0.011011102
0.4689471	-0.44378144	0.49647337	0.35555872	-0.08474901	0.33001143	-0.34840468	0.38582417	0.5037217	0.46162972	0.5199838	-0.49291813	0.43248528	0.45575103	0.45425427	0.3562181
0.04060687	-0.010590328	0.12861891	0.36898962	0.18433738	-0.073375545	-0.006405842	-0.017983818	0.17843355	0.2582368	0.021844253	-0.07428183	0.43841544	0.015874362	0.21565515	-0.065580055
-0.091535136	0.1062576	-0.035158865	0.2957276	0.31501704	-0.23746012	0.20852305	-0.16905189	-0.073211074	-0.04627016	-0.107364915	0.068808846	0.37679562	-0.13355523	0.012867746	-0.2091103
-0.00791752	0.024545	0.038510352	0.29825327	0.11448919	-0.13093133	0.11161068	-0.12868182	0.007092564	0.06950301	-0.030270137	-0.0019209256	0.3841878	-0.044892635	0.03547816	-0.09120075
-0.015515121	-0.015901238	0.030835506	0.29446363	0.14536221	-0.045315284	0.061020076	-0.04728278	0.121383086	0.08955571	0.038688276	-0.0030140907	0.31789985	0.013223804	0.09779746	-0.058280893
0.18947427	-0.18570313	0.24430545	0.26131117	-0.02465355	0.15014303	-0.21371602	0.13962163	0.2682414	0.17158103	0.23848563	-0.19353811	0.29502872	0.24966983	0.27421156	0.20119609
0.011775603	-0.018678056	0.006118741	0.2154749	0.111182466	-0.068199076	0.025981342	0.022948397	0.0070106797	0.022316467	0.06025849	0.016289013	0.25961137	-0.028612616	0.10294074	-0.010011465
0.5547363	-0.5524632	0.54717493	0.28144866	-0.3086691	0.46549243	-0.4629414	0.45108315	0.6009761	0.4809781	0.6192511	-0.58721024	0.31941295	0.55674523	0.5317817	0.49771887
-0.16683431	0.22665378	-0.08634187	0.40811443	0.2522433	-0.19839251	0.20533405	-0.24634114	-0.07921598	-0.054552853	-0.21330136	0.1617817	0.4376391	-0.19894245	0.005682224	-0.23949686
0.39475733	-0.43564996	0.43208572	0.29315755	-0.12897113	0.28765926	-0.3442695	0.287519	0.4463983	0.4778751	0.47944668	-0.3969964	0.33690304	0.43817294	0.4565588	0.40353468
0.007047971	-0.039382957	0.13292004	0.26086882	0.1452278	-0.09435319	0.023295294	-0.051919933	0.12854625	0.06333827	0.04718001	-0.0802525	0.34703502	0.027915264	0.15880004	0.014101107
0.20276389	-0.15830888	0.1962609	0.28311563	-0.12176941	0.20552127	-0.24238779	0.21488425	0.26242307	0.22213794	0.2544192	-0.16437875	0.33073807	0.18899265	0.24255212	0.25172564
0.10902082	-0.044346586	0.12794933	0.1842861	0.08176542	0.027435897	-0.06372364	0.0177381	0.08848448	0.022042274	0.081689395	-0.041802417	0.23145592	0.09239703	0.08026287	0.06271463
-0.1784611	0.19611233	-0.104142725	0.3308044	0.26397744	-0.27735025	0.22317962	-0.18440719	-0.01634799	0.048115913	-0.26617706	0.174057	0.4748488	-0.22719887	0.027148703	-0.24470744
-0.14356755	0.20406103	-0.09551031	0.20191465	0.1937393	-0.13711928	0.18067716	-0.109525524	-0.07858951	-0.009755288	-0.17710145	0.11986526	0.31011716	-0.1485695	-0.043679673	-0.1810233
0.03343802	-0.106016904	0.1191163	0.14429331	0.09907842	-0.040865123	0.009213578	-0.017471235	0.06821552	0.09092191	0.04320517	-0.09497899	0.19160607	0.0030554996	0.10882334	0.014473013
-0.0664725	0.103983134	0.015315691	0.20045121	0.18178718	-0.19932066	0.09290862	-0.17345145	-0.0638444	-0.018964898	-0.08221034	0.10992758	0.22416769	-0.07548385	0.067425355	-0.17682119
0.44962072	-0.4228628	0.44212097	0.32814574	-0.046373565	0.30562606	-0.38871697	0.33333203	0.4401092	0.4182494	0.45558915	-0.4302	0.28045833	0.42149624	0.35528627	0.39068455
0.31789368	-0.3218195	0.3576208	0.26398507	-0.08679246	0.24158925	-0.27947763	0.24270922	0.45214036	0.34680393	0.33992133	-0.3272911	0.3245394	0.3024237	0.3846669	0.31770682
0.021276092	-0.006432075	-0.016748125	0.28478134	0.0893632	-0.09155462	0.08739316	-0.010749175	0.06616933	0.0006088689	-0.07438249	-0.03591011	0.4232333	0.006333338	0.11945296	-0.0308972
0.1017317	-0.094229065	0.14712588	0.23009844	-0.029790236	0.052246768	-0.03493851	0.086122476	0.15029424	0.17253758	0.079077646	-0.14439027	0.2738948	0.057309236	0.1391885	0.076083176
0.0384568	-0.11657622	0.11860203	0.21178898	0.1079618	0.013110099	0.0076129963	-0.027090054	0.108898215	0.06482998	0.10079086	-0.033808257	0.26359227	0.05515398	0.1584705	0.022245595
0.30040574	-0.25442415	0.2669356	0.28802216	0.042754926	0.09636659	-0.16086353	0.13143529	0.2730502	0.22165412	0.2882675	-0.241066	0.30130112	0.17387578	0.31491366	0.2114787
-0.3059167	0.31397998	-0.26961008	0.14949538	0.35419944	-0.31794637	0.23066123	-0.26247054	-0.23648423	-0.20424442	-0.32613763	0.24084334	0.19688207	-0.27605504	-0.1366682	-0.26208276
0.04472517	-0.008866358	0.08047091	0.20440787	0.036705147	-0.029433535	0.02288137	0.051148005	0.057042457	0.12227109	0.023024848	-0.045973156	0.23993641	0.08552342	0.17529666	-0.022114892
-0.063262485	0.10636405	0.033809118	0.2220129	0.25126776	-0.1306746	0.11846565	-0.1442841	-0.0582725	0.022365663	-0.055090636	0.084543735	0.2816085	-0.11054576	0.015847964	-0.158567
0.0344103	-0.06860057	0.13629465	0.14773469	0.0292419	0.010992715	-0.03484026	-0.0068093915	0.07394643	0.09850682	0.06278095	-0.11793767	0.15056734	0.09027869	0.1566761	0.0008363676
-0.016794205	0.004217968	0.012817233	0.18708101	0.080539	-0.057146933	0.059319492	-0.07142723	-0.039401494	0.0077329245	-0.08283856	0.06431527	0.30823588	-0.008711947	0.0017537115	0.0049083233
-0.088771455	0.10707682	-0.08167526	0.2580899	0.15197013	-0.17783143	0.11882042	-0.1683599	-0.02749463	-0.040836193	-0.14199452	0.13504831	0.29026487	-0.14529333	0.0529073	-0.15275708
-0.19150877	0.22945875	-0.21870996	0.13505004	0.23868315	-0.21100348	0.17560431	-0.1951611	-0.22722007	-0.13359259	-0.25168598	0.2184628	0.27302676	-0.22784133	-0.14872459	-0.25105652
-0.013506576	-0.0010342661	0.088846736	0.3393939	0.0743643	-0.013833693	0.019099299	0.010520412	0.087406196	0.1984024	-0.04647962	-0.03283514	0.34205204	-0.027975146	0.21451715	0.01413153
0.306653	-0.32578284	0.36528307	0.31951964	-0.14629261	0.25363323	-0.3388774	0.23151292	0.3773267	0.3518578	0.3876022	-0.30408618	0.3277351	0.29668698	0.3880421	0.30617985
-0.057353716	0.050184518	0.0035468773	0.22152847	0.14074652	-0.12391531	0.10246562	-0.109705664	-0.028448021	-0.028099775	-0.045889083	0.05865701	0.27766648	-0.06655729	0.110325344	-0.062356807
-0.11016997	0.13355875	-0.05163081	0.14725763	0.105544485	-0.06449934	0.13661356	-0.11313209	-0.07580842	-0.06336359	-0.086599775	0.02987727	0.19989629	-0.12864551	0.015304271	-0.12208356
0.047702488	-0.03534052	0.07971532	0.32604015	0.06915723	0.08179603	-0.073072895	0.05374068	0.189671	0.20094992	0.09884042	-0.09806439	0.33404955	0.038299993	0.21724248	0.08352069
0.33210692	-0.23658304	0.3419039	0.24604844	-0.20143959	0.2910324	-0.21506001	0.19623263	0.2852825	0.32938388	0.3136613	-0.32653162	0.2622761	0.24619576	0.38212615	0.31025988
-0.034347866	0.04560326	0.04493308	0.27814257	0.04584353	-0.06935565	0.04586723	-0.07229235	0.008197771	0.11249441	-0.022148013	0.014556483	0.38667262	-0.074548304	0.13268933	-0.06866634
0.21455	-0.23277749	0.19531506	0.23886167	0.014003908	0.09078056	-0.1431335	0.121557854	0.24574421	0.25791296	0.24294214	-0.21391091	0.21121614	0.16586722	0.24311541	0.17398421
0.4119191	-0.40417433	0.444219	0.39047116	-0.06685515	0.24535096	-0.2940737	0.2577903	0.49915072	0.43038574	0.40341634	-0.40778342	0.3468045	0.34107906	0.4815441	0.34489846
0.110004306	-0.11933586	0.123661205	0.15557846	-0.09317954	0.109583326	-0.14437531	0.13083778	0.1968871	0.20752203	0.1085812	-0.16763808	0.22930361	0.17078161	0.13038917	0.18072407
0.048633378	-0.0532203	0.060992435	0.3095556	0.06563954	0.02220047	-0.04426227	-0.033391025	0.046274424	0.10335898	0.045813408	-0.059000947	0.2947151	-0.033721328	0.1751017	-0.02433003
-0.010465543	0.045251433	-0.01095452	0.23479554	0.15179367	-0.112915784	0.1005438	-0.027807094	0.09724103	0.06668529	-0.05992607	-0.0041861646	0.348896	-0.07412821	0.15719877	-0.103324674
-0.066681184	0.05725591	-0.036329687	0.22613278	0.11974564	-0.083695	0.109215386	-0.08051996	0.025997197	0.033184256	-0.02932139	0.034437373	0.30413377	-0.11309395	0.04957764	-0.10315072
0.11980113	-0.20859125	0.19884525	0.15709437	-0.058336362	0.1415176	-0.18304501	0.1423938	0.15165995	0.16787538	0.18984596	-0.15747815	0.23289223	0.20412858	0.1856897	0.14891827
-0.10436627	0.08739833	-0.049866535	0.0493211	0.07123602	-0.13791436	0.13959272	-0.06042908	-0.052449267	-0.0879734	-0.07369714	0.09975723	0.12487888	-0.12741716	-0.0014457843	-0.108677
0.3890084	-0.410726	0.39934677	0.3041919	-0.11060322	0.26277918	-0.3768492	0.2743203	0.41044125	0.33341533	0.33915368	-0.36511233	0.22543071	0.3616032	0.37498325	0.33828345
-0.052541137	0.0072357343	0.00058052386	0.16750844	0.12833974	-0.08929133	0.061251376	-0.07186825	-0.011405862	-0.065875605	-0.08759421	0.01615811	0.18520997	-0.09693086	-0.020109653	-0.04848179
0.08038045	-0.06921312	0.06586248	0.1396275	0.050257362	-0.014375153	0.01808389	4.177555e-05	0.023476684	0.015363283	0.055474684	-0.022251317	0.16813068	0.044573724	0.04936815	-0.0074041653
-0.06933399	0.08229513	-0.097340494	0.18375452	0.10739073	-0.0612686	0.09331907	-0.13575138	-0.07971302	-0.043620937	-0.069639385	0.12520593	0.26755735	-0.12028529	0.0075075547	-0.12949519
-0.012113265	0.07259657	-0.00874291	0.19316204	0.10077358	-0.09615284	0.085593306	-0.078702904	-0.053712912	-0.06485548	-0.046451107	0.010717569	0.20780465	-0.08832495	-0.025610493	-0.08767598
-0.22193621	0.22561188	-0.25416383	0.13765307	0.2807038	-0.2438868	0.2690724	-0.21446893	-0.21627209	-0.21502039	-0.25406504	0.26200444	0.19895509	-0.24146847	-0.13537511	-0.3007051
0.02312743	-0.0148244705	0.11428923	0.11865726	-0.015439359	0.009957357	-0.044121172	0.012467157	0.0578748	0.09920491	0.08485723	-0.0037836202	0.19156836	0.028527047	0.10396697	0.013657202
0.061025996	-0.067932725	0.073286906	0.16915509	0.078068465	0.0056935553	-0.0040510506	0.044449233	0.123663075	0.08080863	0.13925317	-0.08434166	0.1824444	0.066973515	0.13723804	0.03884082
-0.17074704	0.20082466	-0.17409337	0.10877627	0.16634364	-0.14763704	0.23964988	-0.2019993	-0.21077426	-0.18536487	-0.26368058	0.21946177	0.077384576	-0.22947009	-0.1822214	-0.19191147
-0.13359599	0.13503274	-0.07845063	0.1462533	0.25053632	-0.2221458	0.17163108	-0.15793905	-0.072949834	-0.076540165	-0.14797911	0.1092526	0.23260348	-0.1412953	-0.05694428	-0.14776362
-0.115526095	0.18576586	-0.15536843	0.18217222	0.27824065	-0.1945123	0.24557051	-0.1583494	-0.10112128	-0.0966261	-0.22624728	0.14972171	0.33068264	-0.22954802	-0.06638532	-0.23841718
0.04726025	-0.009062379	0.0107460115	0.21065402	0.17015201	-0.08857828	0.023401117	-0.025855185	0.037543356	0.030622348	0.03975408	-0.045780536	0.25222108	-0.008898919	0.10095827	-0.028746363
0.060484257	-0.067884505	0.0038214924	0.15756258	0.012349011	0.036867704	-0.05841791	0.018375015	0.10608761	0.04657319	0.002508067	-0.069524676	0.27776974	0.06684008	0.098617025	0.061505876
0.09728267	-0.11671781	0.18388063	0.17579442	0.008406007	0.09054019	-0.025003884	0.018545613	0.16713174	0.13119397	0.12755121	-0.17497317	0.19523022	0.13198975	0.19128974	0.0902052
0.08143271	-0.08875769	0.06479787	0.16507961	-0.07709957	0.15863645	-0.07447525	0.11306231	0.11529476	0.1308714	0.08520578	-0.06291685	0.28545046	0.11686852	0.12384382	0.11842631
0.28049675	-0.31159103	0.27796498	0.23654294	-0.11799594	0.20350638	-0.30704194	0.2707493	0.29787904	0.32122526	0.31356227	-0.28797987	0.33618554	0.29850888	0.33834884	0.2921018
0.22977081	-0.22622724	0.25878552	0.23101024	-0.10314603	0.15969129	-0.15827826	0.1981663	0.2816786	0.20998757	0.26043484	-0.1679266	0.25590447	0.19153765	0.28137356	0.14843342
0.2634943	-0.2723528	0.2687038	0.2370627	-0.13109541	0.23795341	-0.18245535	0.26088122	0.3054192	0.23904203	0.28801498	-0.25149938	0.3041079	0.27820754	0.3188163	0.21919158
0.006448251	-0.05108857	0.10813145	0.2303402	0.12211277	-0.065850236	0.008176155	-0.056758583	0.10749988	0.08073339	0.034358367	-0.029578608	0.26914018	-0.024777696	0.1642695	-0.0063354517
0.17130071	-0.19162	0.20272286	0.2607859	-0.013825577	0.19950385	-0.11337261	0.111308664	0.27851805	0.2378507	0.16464579	-0.16876653	0.2900991	0.24113277	0.25743476	0.11882946
-0.09083094	0.059807435	-0.09014054	0.14126985	0.14998418	-0.093330756	0.07533999	-0.10237028	-0.105146095	-0.040377457	-0.14474009	0.13053301	0.1961416	-0.040654488	-0.06500023	-0.07842178
-0.30264142	0.3634758	-0.3023072	0.30116594	0.4061535	-0.34543404	0.4009541	-0.32963896	-0.25442922	-0.12860703	-0.33595836	0.35343477	0.4136155	-0.30237412	-0.12851585	-0.3686753
0.063404605	-0.032014515	0.105080806	0.20037685	0.071957424	-0.001758933	-0.030620525	0.044537198	0.12559558	0.08289959	0.038729466	-0.04006869	0.2543172	0.09225271	0.09704744	0.039190803
-0.14347091	0.24626301	-0.17357749	0.030249353	0.21472758	-0.14502747	0.22752753	-0.1761247	-0.19018388	-0.16027832	-0.19109444	0.24143606	0.101419225	-0.23913184	-0.15995088	-0.21495642
-0.17637917	0.14288358	-0.13707972	0.13230507	0.3043198	-0.26282397	0.23477766	-0.22693478	-0.14846261	-0.13327545	-0.1845898	0.17887694	0.22913203	-0.2187142	-0.042028382	-0.2683063
0.023124544	-0.11655652	0.0909006	0.11472942	0.008238621	0.043990195	-0.009219172	0.017482387	0.0554717	0.031299196	0.05526102	-0.023118744	0.08648391	0.10040311	0.046711627	0.0090681715
0.16490792	-0.17310107	0.13197881	0.21203777	-0.030370923	0.10894558	-0.092547424	0.06062008	0.19794759	0.17543033	0.13299903	-0.109845914	0.26924405	0.07200767	0.1853926	0.048634663
-0.20153986	0.18992288	-0.1830553	0.1821549	0.37435114	-0.28039935	0.3022574	-0.2783899	-0.19688952	-0.13746546	-0.17539853	0.2186347	0.25987372	-0.26825255	-0.06682583	-0.2828281
0.31871662	-0.29113105	0.25805518	0.2306257	-0.18936329	0.23132616	-0.20780465	0.18879403	0.34875095	0.25805613	0.31807226	-0.33365268	0.25494167	0.32178164	0.33791858	0.26341814
0.0037026156	0.049832325	0.041831385	0.10573932	0.17391342	-0.09037879	0.089943096	-0.05664049	-0.013739767	0.053561673	0.0012109119	0.048642866	0.1757858	-0.08963812	0.06555049	-0.10118192
-0.22633491	0.18375286	-0.159239	0.25473565	0.2032077	-0.22950666	0.20452003	-0.23487279	-0.14290236	-0.11874397	-0.21073209	0.22230804	0.26334864	-0.20662706	-0.1335288	-0.16547012
-0.033818237	-0.047593787	0.044503562	0.11704871	0.051972955	0.025881587	0.04873566	0.016174512	0.05816398	0.019342918	0.0036108384	0.01151121	0.15372948	-0.022616433	0.041166667	0.008525114
0.2118619	-0.16983587	0.26874888	0.27279958	-0.0705068	0.20784993	-0.21945101	0.17439386	0.2620335	0.19272901	0.2463883	-0.19381474	0.20692135	0.19051357	0.22736827	0.16772003
-0.10925727	0.13300022	-0.10807476	0.1826804	0.16961361	-0.16509756	0.09400995	-0.15289512	-0.06665481	-0.038459312	-0.1713891	0.043284588	0.260339	-0.122800425	0.007365683	-0.16186811
-0.031680234	0.050069124	0.039320994	0.1522203	0.16187137	-0.10430616	0.05598215	-0.057766777	0.03451758	0.01902571	-0.050184745	-0.03524521	0.24275401	-0.008148739	0.08329808	-0.04463694
0.005609378	0.043152317	-0.019582054	0.20058706	0.06326903	-0.043970525	0.014305952	-0.069084674	0.02093125	0.044589546	-0.08472929	-0.007825207	0.28182006	-0.015706915	0.029148566	-0.0024425527
0.39555535	-0.42077315	0.45722768	0.3023818	-0.20555913	0.39442402	-0.3466438	0.37390488	0.5139182	0.38480213	0.3982569	-0.42885885	0.2624805	0.3956678	0.45609024	0.44008335
0.16734435	-0.18713878	0.20929629	0.28337345	-0.10190682	0.20113309	-0.19066568	0.15607755	0.3242765	0.28228077	0.215802	-0.21454668	0.3061367	0.22265646	0.34763694	0.19367543
0.11343951	-0.040755525	0.15429561	0.14554223	0.08010411	-0.0054426515	-0.068379	0.064303555	0.09153495	0.088594906	0.11710372	-0.057322253	0.17930631	0.057064075	0.18287915	0.059257414
0.47043684	-0.42331412	0.50798	0.303896	-0.23048899	0.3896782	-0.4834073	0.3689418	0.5326568	0.42645332	0.5161196	-0.45127222	0.3737191	0.40405616	0.5008131	0.4211235
0.18409626	-0.21991166	0.24752769	0.1755452	-0.18202823	0.22429623	-0.15620586	0.21991572	0.19879387	0.17234845	0.15713407	-0.1705221	0.2599098	0.15214165	0.20773159	0.21239738
-0.02845238	-0.051951766	0.07448534	0.16215736	0.10916615	-0.018292435	0.030273044	-0.07871473	0.063187	-0.00053637207	0.037129726	0.026617676	0.15865509	-0.06391801	0.053288206	-0.01859795
0.41047767	-0.45424795	0.43720272	0.27489397	-0.17939685	0.38211063	-0.36317703	0.39084765	0.49387932	0.3902439	0.44553974	-0.40451336	0.24919875	0.4271571	0.36815864	0.39122558
0.15320693	-0.19552791	0.26172793	0.22941475	-0.12864284	0.14880434	-0.17804684	0.1334911	0.22832179	0.25426635	0.18393023	-0.17945534	0.26615456	0.2010858	0.19501683	0.2130617
-0.18470766	0.18768075	-0.14566016	0.22352496	0.2955109	-0.25258547	0.21498887	-0.19925845	-0.19473702	-0.07296265	-0.21610077	0.14183152	0.32615566	-0.15986896	-0.09703926	-0.1950379
-0.24767977	0.26676044	-0.25098002	-0.030990133	0.26589122	-0.3065539	0.22940253	-0.3064056	-0.22801931	-0.28215268	-0.30389032	0.3177962	0.025418703	-0.2571469	-0.18728402	-0.28954506
0.09056162	-0.14905544	0.1231669	0.26266992	-0.061677195	0.11066167	-0.1394809	0.06453095	0.19112416	0.14600039	0.07527164	-0.17207886	0.31466615	0.12993354	0.209386	0.10286143
-0.10235345	0.065704554	-0.03447659	0.089323215	0.044575606	-0.07256124	0.095063716	-0.05541306	-0.09652862	-0.07774765	-0.10519809	0.025048159	0.16830121	-0.10632548	0.006660609	-0.084986605
-0.28860772	0.26035482	-0.28658718	0.17809929	0.33416322	-0.30262575	0.3031103	-0.2752499	-0.27646783	-0.27912474	-0.29751256	0.2640773	0.23793575	-0.32112652	-0.20828184	-0.3166794
0.12067943	-0.15139183	0.16151986	0.1301088	-0.08284112	0.0694419	-0.10166892	0.04671071	0.17485979	0.18379572	0.10872271	-0.16860722	0.18543163	0.13608545	0.19683757	0.08957988
0.07384048	-0.041854445	0.14238045	0.14787856	0.03556998	-0.0026812817	-0.073285304	0.042393375	0.075638875	0.06906007	0.08179582	-0.068513766	0.21322237	0.05119846	0.14042212	0.03053748
-0.1603483	0.16915461	-0.10454117	0.18137243	0.17787771	-0.16538998	0.18758488	-0.1798995	-0.112939574	-0.06962236	-0.14794144	0.13307399	0.26698676	-0.18802778	-0.036593445	-0.16783507
0.10055063	-0.069827996	0.08846369	0.22843681	0.17638245	-0.052460406	0.01879775	-0.038725592	0.16539213	0.057217207	0.046305444	-0.022681061	0.25431922	0.01793401	0.16706327	-0.010184784
-0.48935068	0.44990376	-0.40827584	0.2397334	0.53255355	-0.52075315	0.46423805	-0.43398333	-0.49956366	-0.3889097	-0.5238522	0.44436797	0.25145644	-0.49395406	-0.34155908	-0.5239582
0.43015918	-0.516381	0.5042335	0.31033677	-0.11330793	0.3807186	-0.4667078	0.4314654	0.51388025	0.46826506	0.49722987	-0.47540653	0.2913905	0.50627565	0.42013592	0.4221601
-0.30285263	0.22111735	-0.26971102	-0.061810035	0.2522971	-0.32650712	0.22533385	-0.25279254	-0.328885	-0.24164128	-0.27506322	0.30758634	0.0005449746	-0.23117767	-0.27368736	-0.3274732
0.23482221	-0.23425667	0.22428785	0.2447606	-0.074031726	0.19532281	-0.18715198	0.17100525	0.2634687	0.2786808	0.27820253	-0.24111325	0.2731988	0.18583292	0.27610654	0.15024033
0.2831497	-0.24564911	0.33839908	0.31737489	-0.1462822	0.26956078	-0.28610277	0.28512174	0.31897038	0.3352114	0.29910135	-0.3558197	0.29448384	0.32226554	0.35594043	0.26070818
0.055198867	-0.065793954	0.032260176	0.2110205	0.04979465	0.046257693	-0.033567075	0.036970504	0.06106354	0.061058547	-0.00017897529	-0.010618918	0.2319997	-0.003867989	0.077790774	-0.012103608
-0.003902133	-0.030313836	0.021069624	0.18458866	0.062714815	0.041934762	-0.018275242	0.048097327	0.08956064	0.036118485	-0.01176996	-0.030153193	0.20075086	0.030333284	0.11636177	0.039624542
-0.1561472	0.1904898	-0.1071424	0.15199886	0.1791481	-0.21496932	0.1544125	-0.12367183	-0.14070332	-0.114423834	-0.11650101	0.16500159	0.20824443	-0.119602926	-0.01939776	-0.13272287
-0.07196943	0.04937095	0.016932713	0.28305602	0.17491144	-0.052729703	0.09095726	-0.07884609	0.043218125	0.11126728	-0.03618777	0.045737404	0.33352664	-0.09855969	0.08072501	-0.08857621
-0.19257629	0.17662375	-0.16520017	0.09669728	0.19633798	-0.174003	0.16342242	-0.21679221	-0.1625815	-0.083124116	-0.17172764	0.14947686	0.246394	-0.23011085	-0.07044748	-0.24418779
0.34725502	-0.40677908	0.3650489	0.23577794	-0.25095767	0.39864382	-0.31526583	0.3422805	0.40747267	0.35693327	0.36461288	-0.4242368	0.21945366	0.32340887	0.3497608	0.35518682
0.3515734	-0.36656433	0.4372575	0.22962382	-0.18501411	0.31105837	-0.3382276	0.27713245	0.43577248	0.40663472	0.3965529	-0.36917058	0.29566747	0.37584314	0.47281003	0.30531803
-0.12649949	0.17338726	-0.15509918	0.003217103	0.20222251	-0.14971662	0.10248459	-0.18937118	-0.16940737	-0.16712108	-0.09131412	0.19252004	0.032325406	-0.1512101	-0.1282366	-0.14159288
-0.28688413	0.26685643	-0.2898152	0.058964267	0.33788097	-0.29901025	0.2606075	-0.23974659	-0.28091875	-0.27708972	-0.24926913	0.2501605	0.17124441	-0.3298658	-0.27027717	-0.29312083
0.065152116	-0.11064913	0.0975145	0.21838483	0.015568035	-0.024384212	-0.03775727	0.0014663171	0.12015819	0.071467444	0.10433646	-0.04054592	0.21506199	0.009363859	0.10937786	0.03264491
0.23412907	-0.20763728	0.18433027	0.092338055	-0.18625155	0.14999014	-0.16059169	0.2074344	0.17415418	0.15708385	0.1775254	-0.23205133	0.18794522	0.15193951	0.23151056	0.1416055
0.14912969	-0.07434473	0.12616558	0.094618686	-0.13165335	0.11014083	-0.15338771	0.10109285	0.14000331	0.07598938	0.11761514	-0.1515675	0.07446879	0.06880163	0.100807704	0.10651459
0.13222602	-0.1557605	0.2102489	0.28849068	0.05088119	0.015483089	-0.051946282	0.07231819	0.16645275	0.19405973	0.14022437	-0.19512418	0.2651381	0.103326015	0.21443899	0.08881329
-0.38290468	0.3927834	-0.41799915	0.12570137	0.42465666	-0.40570924	0.39767838	-0.40906426	-0.33368343	-0.2985393	-0.3979844	0.4054304	0.28719372	-0.46037078	-0.23865397	-0.388561
0.07106852	-0.062460896	0.16401593	0.16508962	-0.058283642	0.14449364	-0.07939448	0.15044901	0.17208521	0.12300915	0.09718932	-0.14248037	0.16233206	0.16262034	0.14558925	0.1215823
0.32657355	-0.28986934	0.2773033	0.17907293	-0.15670364	0.24889702	-0.2876269	0.29158065	0.3308451	0.2904712	0.24002549	-0.2937298	0.17793791	0.27636135	0.2639302	0.28599954
0.17192823	-0.14852779	0.11336023	0.14146374	-0.058795616	0.13315941	-0.12759623	0.108747266	0.14457111	0.14638343	0.13498768	-0.16015841	0.2269768	0.09844138	0.20332946	0.14285126
-0.042098228	0.042940702	-0.081986964	0.18601009	0.20862892	-0.10480468	0.16101843	-0.16660815	-0.006815526	0.015866118	-0.12995493	0.086252585	0.25021344	-0.11688203	-0.002989452	-0.07261152
0.10934119	-0.11500234	0.07098416	0.18582563	0.028466832	0.054725174	-0.01837527	0.09168325	0.06793531	0.13740245	0.13212603	-0.10742931	0.19551952	0.06183796	0.11938612	0.10308296
0.019618016	0.012815963	0.0974577	0.22671418	0.09737926	0.040400755	-0.005922005	-0.051198926	0.059405018	0.056039263	0.005590768	0.008546106	0.21834713	0.022470329	0.1208469	0.0022978846
0.13697375	-0.12437047	0.14452581	0.15595554	-0.124050185	0.12175519	-0.16692203	0.16753653	0.1535517	0.1724342	0.11787322	-0.17527944	0.2510589	0.11493184	0.18776894	0.17952062
-0.20937157	0.220062	-0.2214779	0.023600917	0.29294258	-0.29977065	0.25201803	-0.21137857	-0.22960933	-0.20742147	-0.20260778	0.25433153	0.037062	-0.2415207	-0.18208586	-0.23127459
0.19778219	-0.19675659	0.25019684	0.21694526	-0.2001502	0.22895996	-0.2259514	0.171404	0.24916856	0.26921242	0.28577325	-0.22129838	0.27116752	0.18933605	0.27769244	0.2445049
-0.30929723	0.36733332	-0.3499704	0.16352956	0.3030523	-0.37084058	0.38651708	-0.28069898	-0.3323017	-0.21656735	-0.3896621	0.33539462	0.23160064	-0.33023596	-0.22625479	-0.3774181
-0.3016599	0.315406	-0.27569377	0.1398323	0.29190877	-0.32877833	0.30640572	-0.25864416	-0.3015013	-0.2640152	-0.29950073	0.31300184	0.19208266	-0.34198418	-0.2450393	-0.33251405
0.23364398	-0.20790948	0.20551404	0.03872739	-0.20839405	0.27193192	-0.17642993	0.2177212	0.26900864	0.21178776	0.27881354	-0.23155583	0.1114822	0.2314666	0.19880402	0.23782384
-0.017526282	-0.051594	0.07810996	0.20785984	0.11523189	0.03065388	0.02757732	-0.022276212	0.115517475	0.11193774	0.04596077	-0.023579838	0.24290879	0.045044295	0.096925244	0.010592406
-0.03705153	0.06965381	-0.04205469	0.020582594	0.13026136	-0.12129073	0.14616862	-0.08695668	-0.037233546	-0.099368885	-0.092860736	0.06275608	0.07491802	-0.08061379	-0.06408282	-0.10288242
-0.08250813	0.12165399	-0.10333718	0.14450148	0.13483474	-0.0833667	0.07112106	-0.059919365	-0.011118171	-0.013055952	-0.10017256	0.11858172	0.15505388	-0.11260136	-0.061340235	-0.14215113
0.10873289	-0.13223241	0.10655585	0.120421946	-0.17762798	0.1575898	-0.13317312	0.13728242	0.12379037	0.14018777	0.15113409	-0.15131587	0.12626114	0.17363901	0.1212244	0.15958743
0.08496399	-0.16086516	0.20620573	0.18461484	-0.015033894	0.13998298	-0.057765603	0.055662654	0.21485703	0.20466544	0.09817427	-0.115120284	0.23585579	0.1173609	0.16004694	0.12477302
-0.14600448	0.1607714	-0.18973026	0.009987876	0.16492929	-0.20165093	0.1741662	-0.15692145	-0.18580979	-0.1322112	-0.17401898	0.18722999	0.11783497	-0.20029023	-0.15551257	-0.20105694
0.1823436	-0.27144682	0.28887564	0.19214289	0.029834747	0.12825985	-0.15900569	0.1635894	0.28847924	0.25448972	0.28015876	-0.19088982	0.27699956	0.20354828	0.19954057	0.14927037
0.022037033	0.049395442	0.044339817	0.27757162	0.06375131	-0.02512637	0.014206716	0.024698686	0.046601932	0.0981734	-0.0072594224	0.025271695	0.2563824	-0.018956011	0.12610742	0.030824551
-0.09580884	0.10616714	-0.021995155	0.106209986	0.0719362	-0.04323389	0.05314722	-0.09237042	-0.06186541	0.015536295	-0.09140233	0.009882792	0.21509053	-0.08589298	-0.05138981	-0.068627164
0.046338066	-0.024533078	0.0723447	0.118621595	0.027302383	-0.0061042607	0.06890794	-0.07241179	0.008336168	0.037051182	0.037717145	0.045321442	0.21011254	-0.00850202	0.047562703	-0.023401925
0.3336072	-0.3357053	0.36197636	0.29031247	-0.12866752	0.3141064	-0.31816024	0.28399193	0.40341973	0.38154602	0.31907046	-0.3413143	0.35857043	0.3677408	0.40931624	0.39369333
0.0045533977	0.0746254	-0.061904635	0.10453645	0.08998735	-0.04529821	0.0128145395	-0.036675043	-0.011713303	-0.022867735	-0.07697277	0.02929069	0.11384589	-0.06852966	-0.012509463	-0.025519254
-0.22868031	0.21856822	-0.25477198	0.22269066	0.33544287	-0.28803882	0.30738845	-0.29609078	-0.2481707	-0.1870183	-0.3295419	0.27807602	0.2561301	-0.27749416	-0.09377973	-0.2692985
-0.25284863	0.30061692	-0.2329397	0.190816	0.27807572	-0.28848	0.31106082	-0.27363148	-0.18636082	-0.12897502	-0.27861878	0.27160886	0.24480519	-0.22666748	-0.08930031	-0.2522253
0.1193175	-0.1209746	0.18038227	0.12899733	-0.11589139	0.17809168	-0.087298006	0.14978069	0.15328227	0.16697466	0.1953718	-0.16186194	0.18308032	0.12823053	0.23186673	0.17399776
0.18921383	-0.16436593	0.22965017	0.23148037	-0.17559534	0.19730966	-0.22244072	0.1687164	0.21883057	0.23771198	0.23537008	-0.1784422	0.23836482	0.14928624	0.28010026	0.17549701
-0.026253045	-0.055580396	-0.03573718	0.007257095	-0.004280741	-0.017619878	-0.0726577	-0.0024816378	-0.02094387	-0.04480867	-0.0034130954	-0.020702157	-0.016063299	0.008834231	-0.057835795	-0.011054024
-0.058894616	0.070471294	-0.09710321	0.084683634	0.11196632	-0.06944742	0.09575667	-0.1275923	-0.08863866	-0.1192465	-0.068446	0.123915434	0.09397447	-0.12610626	-0.04506482	-0.12732607
0.13215251	-0.15916993	0.14936233	0.22895008	0.1067037	0.05498963	-0.118162446	0.066524714	0.22421704	0.21802106	0.19004539	-0.22122028	0.30513278	0.11094047	0.22445759	0.11900671
0.057789847	-0.08734305	0.09192922	0.1732406	-0.037015695	0.06573622	-0.09210997	0.052458886	0.12094274	0.106407836	0.031754784	-0.12807515	0.20566551	0.07937909	0.08699278	0.046880778
0.1716408	-0.13492817	0.15762329	0.17752756	0.018178953	0.11636311	-0.11198849	0.09221082	0.19762479	0.15257591	0.21562858	-0.19310413	0.19825584	0.1100627	0.15936767	0.15344745
-0.015866041	0.018968238	0.001857063	0.192868	0.18723737	-0.14665534	0.084200524	-0.15135887	-0.0062732208	0.046222404	-0.041271187	0.023668693	0.28994423	-0.054699793	0.08828081	-0.050726417
-0.39343396	0.4679864	-0.35669208	0.2253898	0.37471992	-0.3883109	0.4295114	-0.3875789	-0.42344382	-0.30113283	-0.45208716	0.35076204	0.2986592	-0.40973175	-0.2550933	-0.44691435
0.0637858	-0.13971195	0.09079958	0.16851796	0.088183865	0.009080893	-0.083886646	-0.013297777	0.17257299	0.10084097	0.12536974	-0.10310084	0.22886217	0.030123252	0.19024165	0.06911372
0.13200971	-0.15601061	0.10395311	0.23442003	-0.11401256	0.17786743	-0.100441836	0.15148701	0.13940448	0.1448966	0.1001856	-0.14514573	0.19977097	0.102388546	0.20307794	0.095552534
0.2502684	-0.24019751	0.2672284	0.17431037	-0.016286753	0.19256864	-0.22421755	0.13488409	0.35373217	0.3068408	0.32775706	-0.26165834	0.20804995	0.23461817	0.28481433	0.22382122
-0.3264928	0.33179387	-0.26185507	0.14961042	0.35340995	-0.29471007	0.31395376	-0.28323668	-0.25729603	-0.21495055	-0.28506383	0.28748912	0.26579687	-0.2825683	-0.106161885	-0.3678918
0.041768983	-0.077417694	0.10050948	0.18047383	0.019638095	0.031492572	-0.052802205	0.015070964	0.12996186	0.1019396	0.03745195	-0.11337585	0.13846652	0.063918	0.122686066	0.11941705
0.08545228	-0.055842895	0.04770634	0.0549137	-0.100658715	0.027488263	-0.042881962	0.0677549	-0.013512805	0.020323552	-0.0041532433	-0.006821014	0.09019377	0.03663335	0.03826737	0.030986138
-0.1211061	0.10174455	-0.08087399	0.04596154	0.064485155	-0.058461368	0.10319501	-0.041026544	-0.005509125	-0.01876927	-0.04552239	0.05119448	0.09173563	-0.07606167	-0.0057261116	-0.062268153
-0.15882058	0.20537578	-0.1905489	0.094617926	0.20148231	-0.23819028	0.27088687	-0.21455729	-0.19739833	-0.16582887	-0.23724517	0.17873523	0.22931033	-0.24261792	-0.12393833	-0.22255184
0.045229446	-0.13252002	0.10996154	0.14637926	-0.08284561	0.094148934	-0.040017743	0.068928175	0.16895448	0.14485036	0.11173513	-0.15448119	0.09792755	0.046783317	0.09566886	0.12544242
0.33276248	-0.3625762	0.31399196	0.2664386	-0.041227665	0.21012187	-0.2967322	0.22283347	0.36383435	0.32976496	0.30232933	-0.36562735	0.30814517	0.32869083	0.2904304	0.28847322
0.045501135	-0.041734688	0.10857974	0.22665742	0.017226323	0.07153045	-0.025059262	-0.0005946192	0.12213937	0.08398982	0.06201329	-0.10653536	0.24338126	0.059810005	0.13340423	-0.0005075957
-0.09161856	0.075198136	-0.020083535	0.22065327	0.07820793	-0.016091809	0.06706844	-0.024652014	0.0051265433	0.049854	-0.09214613	0.011839147	0.21090773	0.005725031	0.06252208	-0.06508296
0.08805862	-0.03184813	0.10252321	0.18650025	-0.019209245	-0.02067669	-0.033416707	0.03381671	0.09173605	0.023443433	0.079699874	-0.04458308	0.32688463	-0.007916934	0.092798874	0.016674684
0.33085814	-0.29588223	0.3288487	0.212768	-0.2453374	0.3449503	-0.28932354	0.3212052	0.4518824	0.39649886	0.28930646	-0.3932971	0.30187488	0.34266093	0.41304508	0.31085202
-0.26038888	0.21710488	-0.22265792	0.22237685	0.35975057	-0.33467293	0.2844356	-0.34826636	-0.2422772	-0.20217726	-0.2922736	0.2828057	0.29067445	-0.2789039	-0.04962223	-0.34707585
-0.15307665	0.23117736	-0.099802576	0.22066967	0.23294505	-0.18708763	0.24858066	-0.18429473	-0.04572976	0.014286088	-0.24901552	0.15176459	0.30155605	-0.16232403	-0.026820706	-0.19475885
0.06848585	-0.15684663	0.14884679	0.107772045	-0.009334937	0.060470037	-0.13453466	0.04589883	0.14830922	0.1481374	0.15553378	-0.08076062	0.13423459	0.1311763	0.18914717	0.13944626
0.092676185	-0.06697025	0.10487908	0.17885219	-0.05733872	0.09743388	-0.1534549	0.07208835	0.093001164	0.184129	0.06575124	-0.16132246	0.29550728	0.07046394	0.09717554	0.1061347
-0.08833116	0.13918862	-0.029409472	0.14316635	0.0977852	-0.051314916	0.027855475	-0.031021511	-0.05364978	-0.018625332	-0.123748384	0.03274398	0.21576446	-0.03827028	-0.018575832	-0.115798004
-0.29783913	0.38606793	-0.33085713	0.20507246	0.37483525	-0.37974867	0.3768788	-0.36619875	-0.26157156	-0.29004875	-0.38030604	0.36325458	0.30144578	-0.33128306	-0.21957973	-0.4155111
-0.3854071	0.36452958	-0.41604412	-0.080727205	0.4166127	-0.4580917	0.39117128	-0.4132667	-0.46170068	-0.38339463	-0.37211466	0.36749926	0.01785144	-0.4253622	-0.3407209	-0.37452316
-0.23887022	0.2877737	-0.2719985	0.036091324	0.2510697	-0.28365907	0.22323593	-0.26760525	-0.24772042	-0.23859479	-0.25135615	0.20973445	0.06923836	-0.23637794	-0.19157656	-0.24561258
-0.20162351	0.28213966	-0.16576499	0.2867747	0.27426797	-0.28324166	0.30972	-0.3281387	-0.15162091	-0.14254142	-0.24343492	0.23118752	0.27833885	-0.31870446	0.01995658	-0.307367
0.40807	-0.42853212	0.38098618	0.1754603	-0.21863593	0.39726645	-0.34672686	0.37071246	0.45837283	0.3903359	0.43265373	-0.3903952	0.20219548	0.3776929	0.35979193	0.4560472
0.09757809	-0.049262088	0.07095462	0.17521836	-0.0922244	0.14446308	-0.10588323	0.15533577	0.09890928	0.065465964	0.020760307	-0.1493829	0.1837435	0.07997695	0.13253674	0.18624876
-0.32515165	0.35828528	-0.26408795	0.2278666	0.3649561	-0.36804393	0.39352214	-0.36323	-0.23324303	-0.13685952	-0.40453213	0.29501796	0.25830007	-0.38785553	-0.09461419	-0.37716907
-0.08724938	0.051602434	-0.07196189	0.079037905	0.034945887	-0.069650464	0.03318062	-0.051737152	-0.03570872	-0.013513167	-0.00962912	0.0728063	0.025805892	-0.011588782	0.006639142	-0.07959636
-0.003459678	0.0051631476	0.089978196	0.23181266	0.12100765	-0.068602145	0.02025567	-0.00398291	0.11654074	0.049240727	0.036266316	-0.04379731	0.3030097	-0.0036679467	0.109991856	0.00045968554
0.13521357	-0.046639103	0.10225616	0.12051521	0.049394425	0.07589648	-0.03293294	0.058899608	0.14665627	0.06166149	0.12426312	-0.06544216	0.09032384	0.11736844	0.06938395	0.07079656
0.048339415	-0.11807446	0.12288361	0.19249435	-0.019935902	0.05635151	-0.09709664	0.11990914	0.16987035	0.19167458	0.112446725	-0.14799815	0.1740402	0.10757138	0.15355779	0.053141903
-0.10055383	0.05705402	-0.05949101	0.08909415	0.09518853	-0.07789466	0.12933634	-0.14565954	-0.053196926	-0.010214135	-0.10677613	0.12523448	0.15823638	-0.080955625	-0.04403951	-0.11332638
0.08423017	-0.07665056	0.16728139	0.16220264	-0.068979	0.09405105	-0.12425512	0.097076185	0.1736311	0.16811435	0.13783339	-0.09969529	0.17447318	0.09525218	0.12504879	0.1145813
-0.070628345	0.067385375	-0.00947577	0.10420149	0.17780875	-0.12030771	0.09420855	-0.06446636	-0.042727336	-0.03182926	-0.052554067	0.051654913	0.14867344	-0.098870784	-0.038123667	-0.10462682
0.25950527	-0.24950567	0.22617304	0.172025	-0.11175556	0.25949472	-0.268819	0.24416423	0.26918498	0.29768497	0.19282044	-0.23558512	0.25843528	0.2068334	0.25297496	0.25643742
0.26568285	-0.23960458	0.3111779	0.17116433	-0.0267918	0.1474457	-0.23767789	0.14932425	0.36333385	0.2959008	0.23514435	-0.29242626	0.17290708	0.27110696	0.25099975	0.26748484
-0.24868794	0.22298409	-0.19204673	0.17510943	0.19433595	-0.17039955	0.1716635	-0.22576086	-0.21478966	-0.20142835	-0.26514024	0.20509444	0.17361514	-0.17181292	-0.10384364	-0.24985045
-0.10343165	0.05128369	-0.08651202	0.064329594	0.129296	-0.16100228	0.13186203	-0.091336235	-0.06587687	-0.092212066	-0.117684744	0.06342351	0.11778085	-0.14690027	-0.028823547	-0.09057987
-0.15224293	0.1272074	-0.14898108	0.04805998	0.17681938	-0.23006003	0.13119559	-0.22593863	-0.17066738	-0.12707922	-0.12598138	0.12868081	0.0681371	-0.1293293	-0.12666887	-0.15052138
0.10193874	-0.12885958	0.16430707	0.14029954	-0.07877171	0.14075041	-0.10709498	0.12460514	0.15571141	0.14246127	0.11166034	-0.08362507	0.15597321	0.063656874	0.17321004	0.07138639
-0.17058347	0.12157868	-0.17822038	0.039094552	0.26775995	-0.17943512	0.18825397	-0.25277618	-0.12587796	-0.12271643	-0.17885634	0.15778527	0.13974167	-0.21493301	-0.14091282	-0.21884428
0.021691361	0.004667879	0.035915002	0.22326495	0.065308884	0.01252865	-0.034333203	-0.022515068	0.08482316	0.04232113	-0.027365219	0.000835172	0.18848601	0.041703857	0.07521759	0.0018040556
0.37544107	-0.32941324	0.4249695	0.20799054	-0.32213262	0.34672117	-0.298434	0.32675138	0.38546634	0.33464476	0.3543798	-0.36228853	0.22532421	0.29075626	0.3255918	0.39691445
-0.055313732	0.07445883	-0.0765151	0.0935707	0.024738403	-0.050799057	0.06321275	-0.097403094	0.0049902126	0.00014196994	-0.10593724	0.054266848	0.12153694	-0.031833448	-0.050139524	-0.082991384
0.17862208	-0.15450175	0.175381	0.17860815	0.026076902	0.05705506	-0.10216596	0.07118286	0.19642492	0.19826345	0.15585296	-0.20814432	0.24577786	0.17139916	0.24565262	0.11392849
0.17035581	-0.13935964	0.14695829	0.18223484	0.13653523	0.18558894	-0.14039907	0.1404462	0.143778	0.114752956	0.17963523	-0.21540563	0.15532465	0.10335166	0.18404686	0.14640695
0.2246035	-0.18082616	0.24407502	0.23852718	-0.08923769	0.17465736	-0.20911685	0.16838369	0.21984084	0.25761187	0.24820827	-0.21757635	0.1752888	0.21660936	0.21110784	0.21680829
-0.14166349	0.12806787	-0.10069147	0.077631734	0.12857097	-0.16590196	0.14731888	-0.10167369	-0.089866176	-0.08635474	-0.16044226	0.14740632	0.13878927	-0.12410772	-0.009512501	-0.17794922
-0.090664685	0.07259857	-0.105432585	0.06893265	0.11566848	-0.14596762	0.16637798	-0.09999291	-0.123236544	-0.0665242	-0.060370546	0.14237334	0.19077197	-0.109266214	-0.08039443	-0.138685
0.08238231	-0.17476426	0.17091736	0.20355739	-0.0042656097	0.04528206	-0.03720679	0.039226364	0.16224854	0.1395429	0.10516734	-0.1526263	0.20363893	0.09622198	0.2279087	0.08998405
-0.08112748	0.085410096	-0.010618592	0.19950475	0.13174188	-0.14624158	0.10261588	-0.15468462	-0.025094865	0.009537745	-0.11549458	0.03587415	0.18772532	-0.112264514	0.03282572	-0.15851182
0.007717626	-0.0995405	0.013234435	0.004078251	-0.036538165	0.03438908	-0.08831391	0.09246342	0.043349206	-0.006552476	0.04266653	0.0009803864	0.07208899	0.0012935433	0.013629176	0.02198989
0.22329575	-0.21100801	0.16059348	0.14198263	-0.09446961	0.1996582	-0.12735668	0.20343961	0.18921916	0.25496867	0.18884283	-0.2336361	0.2132156	0.208029	0.18149617	0.16900079
0.32575956	-0.3041233	0.3054992	0.20732673	-0.32101378	0.32183412	-0.33451173	0.33036825	0.32821327	0.38183054	0.31829166	-0.35623503	0.2805459	0.3260055	0.35234588	0.31496507
0.24978457	-0.24482511	0.2183437	0.1175062	-0.18041444	0.16316487	-0.22566186	0.20039529	0.27947477	0.2237871	0.25273252	-0.21514921	0.14510116	0.17294393	0.29871178	0.2276141
0.045837462	-0.006783947	-0.028307268	0.11035936	0.046884555	0.025138177	-0.022111598	0.031110505	0.07124525	0.011128104	-0.029889688	-0.043590553	0.21198243	0.029932253	0.029701985	0.034262124
0.12635921	-0.12487982	0.17877673	0.16598397	-0.014219308	0.09548605	-0.08854334	0.09597245	0.21395981	0.16502875	0.11013035	-0.1228513	0.17644545	0.12369291	0.1841582	0.12466428
0.33288112	-0.35723665	0.37165135	0.2560786	-0.120738246	0.26390517	-0.35115764	0.28084227	0.42621452	0.34533155	0.38532186	-0.30597726	0.172334	0.33032665	0.29339418	0.32208228
-0.192087	0.13863881	-0.14023508	0.11243187	0.17597985	-0.19204067	0.16310503	-0.23367964	-0.19014668	-0.20207243	-0.17952584	0.139338	0.053819418	-0.22240959	-0.12274533	-0.19455186
0.2102078	-0.28586665	0.26342565	0.16790341	-0.062344063	0.19227138	-0.19039887	0.13562548	0.25628185	0.3004342	0.24267365	-0.25876543	0.25558522	0.25897866	0.2598295	0.19174814
0.33688965	-0.26816326	0.33725315	0.21349534	-0.109991185	0.21248868	-0.25763875	0.26271042	0.35936666	0.34014508	0.34308013	-0.28621224	0.19150624	0.27864283	0.26076773	0.2533042
-0.026846679	-0.031467658	-0.02842468	0.03598755	-0.021531401	-0.0015200969	-0.0025130655	0.04955612	0.029465973	0.0397428	-0.02521759	0.017480597	0.100644894	-0.027766522	0.00035277256	-0.005815532
0.11565025	-0.101314604	0.13188605	0.091165125	0.0144587215	0.060397826	-0.07827867	0.106622815	0.1490111	0.04908543	0.15203668	-0.11653661	0.08127589	0.06181776	0.06135397	0.047470286
-0.11026823	0.085333884	-0.06161864	0.11608347	0.117238805	-0.15204875	0.11455675	-0.12686236	-0.06923063	-0.07742278	-0.09462803	0.058632083	0.21162225	-0.12193319	-0.009395203	-0.11875647
-0.10655465	0.095511064	-0.059047554	0.10532496	0.13713859	-0.13020173	0.09523766	-0.092080645	-0.087321505	-0.1177164	-0.10687848	0.09642875	0.18673997	-0.13602902	-0.102474205	-0.1763741
0.099624686	-0.17055959	0.17657933	0.102592565	-0.004868949	0.04413214	-0.0908044	0.08803093	0.19475983	0.11520067	0.09226069	-0.13930474	0.121576495	0.13707827	0.121821895	0.15228143
0.37022772	-0.35886028	0.356639	0.1962017	-0.21407127	0.3247326	-0.33261612	0.34315705	0.40196392	0.3365444	0.34666917	-0.3381984	0.23259383	0.34006527	0.27043846	0.30220094
-0.1449023	0.06541614	-0.10940666	-0.06293412	0.1088189	-0.13257405	0.056324773	-0.05921521	-0.092452034	-0.14730196	-0.13815346	0.1208804	-0.056299612	-0.1431543	-0.102383815	-0.09824722
0.32048813	-0.28986973	0.3515319	0.22642246	-0.1544859	0.2905828	-0.2788025	0.25588915	0.3291997	0.2695721	0.3618797	-0.27167922	0.2378264	0.34518766	0.2581751	0.2728179
-0.100043565	0.102216944	0.017894221	0.25340608	0.1423434	-0.09269118	0.12912266	-0.12267203	0.040897515	0.050107945	-0.07978618	0.046322856	0.26470542	-0.08787685	0.06862134	-0.09034345
-0.045184895	0.061374925	0.020658003	0.15871349	0.113512464	-0.018959487	-0.002257816	-0.00056832086	-0.017077915	-0.01575588	-0.015361594	-0.021115376	0.20824322	-0.017290518	0.008729154	-0.011959341
0.30879566	-0.2653892	0.32527784	0.20353924	-0.2588386	0.28961116	-0.2839533	0.26485854	0.3291592	0.35502937	0.26902217	-0.28223255	0.25018826	0.28122687	0.27775759	0.31511244
0.122536615	-0.12823856	0.10632767	0.14019114	-0.025625877	0.1193739	-0.19367583	0.14113551	0.11269855	0.19307613	0.1555993	-0.16093832	0.157378	0.17660154	0.09787499	0.13848308
-0.14541292	0.14102232	-0.21049957	-0.08412137	0.13900194	-0.1207789	0.13287662	-0.11959278	-0.1900012	-0.1782991	-0.23107444	0.1467722	0.014300066	-0.2195542	-0.16235873	-0.2163755
-0.16358432	0.16736236	-0.14509049	-0.011830079	0.16902189	-0.23084949	0.2060502	-0.16607274	-0.19200051	-0.2094524	-0.23178405	0.21227442	0.021526061	-0.16245201	-0.17771898	-0.23831895
-0.03348174	-0.0021379082	-0.03513759	0.16151921	0.21641128	-0.09223214	0.050259396	-0.10206325	0.05521409	-0.0020317587	-0.07324633	0.013341863	0.17479317	-0.02303345	0.12937237	-0.05050139
-0.16418582	0.1833546	-0.15622123	0.15057248	0.15454534	-0.12823404	0.12861983	-0.19767734	-0.13021472	-0.16950047	-0.16866893	0.10845307	0.14902468	-0.10569211	-0.0639052	-0.15139699
0.117988646	-0.092828125	0.08479864	0.16916391	0.07117763	0.024854109	-0.09866142	0.053526055	0.12987556	0.119616084	0.045878664	-0.041124545	0.1983615	0.06590403	0.066226356	0.0683581
-0.2884968	0.27964595	-0.2546168	-0.016810412	0.25406787	-0.30497855	0.2934496	-0.29048508	-0.27317542	-0.24338602	-0.3248049	0.2376215	0.026135532	-0.28422156	-0.22510174	-0.26623636
0.30629936	-0.26336306	0.27619052	0.21880394	-0.18286943	0.25287467	-0.30523723	0.242184	0.30419964	0.34224257	0.30626366	-0.3458112	0.25340798	0.28598413	0.34941283	0.3045786
-0.07456281	0.053062677	-0.02296718	0.1285978	0.17707357	-0.12712942	0.14502338	-0.11640883	-0.08721812	-0.09960846	-0.08333598	0.119926	0.19353972	-0.16645113	-0.017800264	-0.16301638
-0.08042211	0.12887943	-0.09722854	0.11370296	0.1515472	-0.17126977	0.13980225	-0.08901639	-0.035645094	-0.07575546	-0.06365092	0.13332208	0.14970408	-0.13541241	-0.03090903	-0.097064696
-0.010630308	0.05547365	-0.008861547	0.09092991	0.017297113	0.04559307	0.02795726	0.008293993	-0.0017302984	-0.007084318	-0.04984985	0.00038394952	0.09236662	0.0046492903	0.08391296	-0.011709892
0.25891393	-0.33966547	0.2873116	0.23945957	-0.2410915	0.30552605	-0.27161154	0.27570814	0.3748481	0.29123262	0.32665312	-0.36262172	0.234104	0.3186765	0.33762628	0.30916432
-0.21456331	0.23745006	-0.26798937	-0.00086480036	0.2660403	-0.22903225	0.23691852	-0.18072349	-0.23138936	-0.21422534	-0.28205028	0.23624773	0.11940701	-0.18439548	-0.23399387	-0.22576186
0.1308227	-0.21238029	0.19029969	0.20659785	-0.096158445	0.15626042	-0.1412419	0.11565588	0.18828548	0.17710617	0.14255531	-0.15689763	0.18569718	0.18013038	0.17803165	0.1221865
-0.063607715	0.072640754	0.0015084359	0.11330788	0.101705074	-0.014988814	0.0878539	-0.0073676524	-0.010910859	-0.0019650252	0.018820807	0.053448614	0.15817817	-0.067460574	-0.002834277	-0.054136425
0.11496605	-0.08642591	0.15860227	0.118390754	0.044968292	0.08462431	-0.11256251	0.06537132	0.12160888	0.10474119	0.13170232	-0.0944978	0.18480904	0.0889985	0.16796356	0.060249105
0.02600023	-0.0120887915	0.017657166	0.17784686	0.05861347	0.038007095	0.019947903	0.03945629	0.042966183	0.11290933	-0.039090537	-0.03459053	0.23923852	0.05028222	0.07663954	0.02997629
0.05084384	-0.08552351	0.035484485	0.17700341	-0.075774014	0.1243808	-0.10526617	0.053999655	0.07075393	0.10942586	0.012071915	-0.12098109	0.20780592	0.11205985	0.1035839	0.0714352
0.034025896	0.04438075	0.05218283	0.024366846	0.047407147	-0.0063918293	-0.009687345	-0.014046917	-0.01346843	-0.05766042	0.018813195	0.004581482	0.023141235	0.0005366426	-0.029641502	-0.0034133047
-0.1941158	0.19953467	-0.22214891	0.033697218	0.21909276	-0.18605946	0.1836062	-0.20268932	-0.23372295	-0.19059025	-0.26015586	0.18102957	0.12699349	-0.22102414	-0.17912817	-0.191201
-0.040342975	0.0015539897	-0.03804149	0.084569804	0.08339561	-0.083779365	0.0773291	-0.10335434	0.0039786915	-0.039357863	-0.021048568	-0.0022306493	0.16839814	-0.04681878	-0.020678606	-0.08848126
-0.008465012	0.046599843	-0.052195597	0.15375899	0.107652776	-0.10729956	0.056398977	-0.05991721	-0.058237664	0.020400722	-0.060765684	0.05362357	0.14896773	-0.090873525	-0.0133309625	-0.07730542
0.06252896	-0.055301536	0.047980327	0.07086136	-0.030692667	0.03271976	-0.06732229	0.009305883	0.08293847	0.046996042	0.08243626	-0.06418282	0.04402199	0.09583898	0.109349586	0.020682253
0.012582836	-0.031668443	0.064080104	0.16322918	0.03739202	0.054907627	-0.061624408	0.048690353	0.04970177	0.028935224	0.04638089	-0.066300966	0.22377904	-0.0035987548	0.116048634	0.06852201
-0.21824904	0.15657729	-0.17285064	0.10578844	0.24153593	-0.25377488	0.2509959	-0.24306206	-0.1859689	-0.16832127	-0.17369097	0.23085801	0.15085925	-0.18085971	-0.14772764	-0.1759644
0.10060699	-0.10578463	0.21405989	0.18495712	0.12936069	0.083717585	-0.05256282	0.07994635	0.2451987	0.23436205	0.13783827	-0.15826316	0.2108338	0.17180793	0.24088103	0.1350759
-0.09113707	0.12325412	-0.1102513	-0.028109482	0.17863731	-0.15615769	0.18081386	-0.10746174	-0.06774186	-0.09392451	-0.13969572	0.07947873	-0.006473397	-0.16286069	-0.071991734	-0.18512392
-0.07390274	0.045433145	-0.10168032	0.10037256	0.14406195	-0.12785819	0.104800254	-0.06158399	-0.05182819	-0.016272806	-0.095304355	0.098948546	0.12372907	-0.10838298	-0.04573586	-0.11988236
-0.103877224	0.07990781	-0.014328625	0.032860298	0.2011777	-0.11526719	0.10686634	-0.11285727	-0.05755704	-0.087928206	-0.0897655	0.051103912	0.052584957	-0.095993936	0.0023745287	-0.14295745
-0.25902072	0.32084504	-0.25450596	0.06838482	0.21421112	-0.26521134	0.32646954	-0.3027099	-0.35707328	-0.25444278	-0.33112273	0.26342568	0.17443739	-0.34643865	-0.17170455	-0.26270643
0.30238914	-0.34757125	0.32538208	0.18719569	-0.16891617	0.25811386	-0.30708346	0.28397888	0.36197513	0.36603722	0.32798806	-0.36714432	0.26130125	0.3278182	0.29320815	0.39028013
0.10504948	-0.16044237	0.18090184	0.20473322	-0.06533431	0.085938975	-0.09743709	0.07318822	0.2381942	0.20111589	0.17624332	-0.13487573	0.20499568	0.10634297	0.27216628	0.12747855
0.112428986	-0.13309845	0.13115948	0.1621256	-0.0857082	0.13861929	-0.078666635	0.12653232	0.08003601	0.121196955	0.1555371	-0.074934855	0.1665715	0.10781671	0.08844494	0.12545808
0.21416618	-0.20399803	0.2653527	0.16891064	-0.24497837	0.2557433	-0.3275642	0.23197818	0.33077237	0.25307623	0.22259474	-0.27193218	0.16220237	0.30352283	0.33358437	0.27087048
-0.35648838	0.2881387	-0.35440585	0.00019183972	0.27880955	-0.3514247	0.3265818	-0.29976752	-0.39254546	-0.2877254	-0.3885777	0.34964344	-0.016615648	-0.286734	-0.3048343	-0.33352107
0.16852456	-0.22064373	0.25953448	0.17775287	-0.19545388	0.20599364	-0.1657021	0.22357057	0.22710043	0.20246911	0.24213922	-0.21946347	0.14522763	0.18181841	0.2176305	0.23447607
-0.0044662575	-0.0072315596	0.04521761	0.29949766	0.063319705	-0.07895553	0.08019253	-0.008107891	0.0030136362	0.027080333	-0.0015841445	-0.04112443	0.2594911	-0.030049566	0.061161555	-0.021367755
0.1077331	-0.117373526	0.1240446	0.07830485	-0.013326105	0.1345079	-0.13737737	0.13234329	0.14178151	0.16478963	0.16107695	-0.11805175	0.08986657	0.0689206	0.1444363	0.06472844
-0.10403116	0.06211994	-0.06549473	0.12213397	0.14996454	-0.100820586	0.118711926	-0.04864787	-0.13602209	-0.078972444	-0.09304619	0.080338076	0.13014552	-0.097574286	-0.034650493	-0.10663154
-0.052667294	-0.01001409	0.014679911	-0.0028569775	0.08126353	-0.03668085	0.069495946	-0.005947161	-0.058857046	-0.07034143	-0.07546371	-0.0056148916	0.003993668	-0.038458373	-0.038031366	-0.08394846
0.19795676	-0.21368095	0.22173432	0.1834776	-0.1449071	0.21300608	-0.2518028	0.19162266	0.2916507	0.2849463	0.25127667	-0.2789599	0.19007671	0.25095588	0.27569106	0.22201498
0.1559886	-0.20413063	0.19114628	0.11224353	-0.10643406	0.1941533	-0.1754365	0.20492464	0.13969415	0.15433224	0.18788661	-0.14616373	0.11232481	0.14235401	0.16850385	0.17814769
-0.16875888	0.21152835	-0.13876109	0.029099349	0.25086072	-0.2380089	0.16094676	-0.17935233	-0.13584624	-0.19522777	-0.20466359	0.21651416	0.015991898	-0.18466435	-0.12065343	-0.24430273
0.2635689	-0.2809539	0.2828522	0.17970182	-0.04837367	0.20707503	-0.24776775	0.22193424	0.2884932	0.2517827	0.21525577	-0.23471144	0.18460114	0.2167774	0.27505594	0.19448175
0.0057938993	0.010114144	0.037547126	0.13586463	0.08357521	-0.046411287	0.04535441	0.018813124	0.081069775	0.017518103	0.05596563	0.020860257	0.19860816	-0.03483062	0.10742846	0.0020465062
-0.31622946	0.27277994	-0.29675576	0.04435513	0.3131363	-0.2829008	0.25764516	-0.276021	-0.32011726	-0.27601403	-0.3126531	0.298307	0.13556549	-0.2899337	-0.27753988	-0.33300456
0.07321052	-0.06750676	0.10051341	0.24978824	-0.06815287	0.10012131	-0.082692824	0.09718691	0.16665909	0.20211144	0.0925806	-0.16750494	0.2772543	0.11412462	0.15079106	0.0414423
-0.19380534	0.20220006	-0.23864825	0.015357639	0.22338463	-0.18951221	0.22807063	-0.17354491	-0.2732844	-0.1493991	-0.2693163	0.18071908	0.1147257	-0.23421867	-0.21737482	-0.19343291
0.04355516	-0.069434464	0.028059386	0.12570728	-0.09329548	0.11009209	-0.0913005	0.054307655	0.08750277	0.03876193	0.024977352	-0.07804529	0.13294847	0.07633181	0.08481274	0.09351288
0.26406997	-0.2753457	0.22910663	0.16779996	-0.17675948	0.25297305	-0.20031959	0.17887622	0.23537205	0.288145	0.208607	-0.22396255	0.230285	0.24211933	0.25916314	0.2712641
0.13399157	-0.1540097	0.15449654	0.08839842	-0.06927234	0.10146379	-0.10643082	0.0508302	0.1384646	0.15211439	0.16298144	-0.07295313	0.11500417	0.06595074	0.09467558	0.048626784
-0.052218217	0.044174608	-0.08911183	-0.038385417	0.09922507	-0.050343294	0.039008513	-0.07898991	-0.050499644	-0.060262993	-0.08275529	0.046009257	-0.015548351	-0.103954144	-0.09710921	-0.028408648
0.30015904	-0.27387393	0.2740579	0.19754714	0.08176048	0.18244661	-0.1864505	0.18761979	0.36139137	0.2358356	0.21563908	-0.28757447	0.26787764	0.2961569	0.277026	0.2021352
0.17338295	-0.11079469	0.13741222	0.19719975	-0.104150005	0.123042256	-0.10264538	0.104137965	0.16822127	0.16741078	0.09002675	-0.09521258	0.15057582	0.10800879	0.12626086	0.14970046
0.01534465	-0.09788873	0.09972622	0.12764938	0.05447466	0.048324555	-0.015554871	-0.008453854	0.10777166	0.076409146	0.08909352	-0.06842539	0.20314488	0.00945372	0.070320904	0.06347968
0.24869403	-0.25469863	0.27289182	0.1614654	-0.13688183	0.16767822	-0.14896022	0.18656789	0.26135522	0.21510501	0.17741072	-0.20590913	0.21696194	0.193442	0.23748386	0.2012706
0.10336697	-0.14545324	0.16688262	0.23554844	0.07095407	0.08869713	-0.03894348	0.043945864	0.104602516	0.09837073	0.08655124	-0.08005439	0.21687166	0.13534948	0.17226225	0.11955016
0.0681266	-0.020558408	0.052428868	0.16447172	0.015034516	0.040724184	-0.029180888	0.09278738	0.14699103	0.2228102	0.010889655	-0.14117612	0.23845379	0.048823614	0.112739086	0.09976265
-0.070940204	0.029143387	-0.02932749	0.14124243	0.11767697	-0.038653906	-0.013900129	-0.056504168	0.027440611	0.02357025	-0.052202962	-0.014017606	0.122584686	0.01642493	0.02367459	-0.057677176
-0.049404632	0.025690896	-0.07784988	0.09483257	0.11841269	-0.07046281	0.10274482	-0.07938625	-0.08725778	-0.06827894	-0.071229115	0.07099618	0.076216705	-0.040230684	-0.036719978	-0.10513632
-0.15384145	0.123439856	-0.082177974	0.06123596	0.21983644	-0.17336896	0.12687509	-0.15452348	-0.0931619	-0.13088605	-0.06994216	0.07678349	0.021363895	-0.14696094	-0.033827305	-0.11401875
-0.26728097	0.27681762	-0.23816863	0.010991234	0.35011348	-0.3498818	0.28526083	-0.30921853	-0.2267983	-0.2537894	-0.26929787	0.25718537	0.12871154	-0.2867633	-0.13788944	-0.36751932
-0.27535826	0.2688246	-0.2159067	0.1881868	0.26168725	-0.21318989	0.22754687	-0.19492312	-0.18899763	-0.103555806	-0.27240643	0.23726869	0.21878742	-0.24373572	-0.094337635	-0.26079282
-0.0018695868	0.04119467	0.0035022171	0.17999542	0.13688956	-0.04686147	0.07102828	-0.078105345	-0.018590715	-0.0040188194	-0.025319338	0.040752746	0.19855484	-0.05720583	0.08040067	-0.07403495
-0.031984765	-0.0003813229	0.018621651	0.1434946	0.08517442	-0.05540957	-0.024381343	-0.00867348	0.011057576	0.03259593	0.013759355	-0.026289213	0.24179626	-0.03770183	0.100488774	-0.009344513
-0.08163157	0.058252484	-0.013318871	0.040334456	0.16929653	-0.124705546	0.13606666	-0.1092008	-0.036743227	-0.08266271	-0.05223013	0.13312879	0.11230249	-0.10560861	-0.02617658	-0.07245414
-0.25534955	0.2876538	-0.23916472	0.08746858	0.2902378	-0.28837842	0.33097133	-0.2667836	-0.24253254	-0.19759929	-0.28601548	0.28018108	0.13557106	-0.26277673	-0.15600984	-0.33793676
-0.08597166	0.0064503276	-0.017108778	0.07735229	0.1300487	-0.05913123	0.06862718	-0.1081062	-0.008576112	-0.023278458	-0.058080483	0.005255225	0.0120943785	-0.09418542	0.0039221174	-0.042565793
0.07903964	-0.16633649	0.12838255	0.1467145	-0.0709726	0.0990532	-0.0633495	0.06547399	0.189608	0.13664114	0.15718657	-0.111936525	0.21513465	0.08123619	0.16476333	0.07501024
-0.04240235	0.07176357	-0.0057862527	0.11044816	0.1641942	-0.133991	0.11969875	-0.12482601	-0.01537266	-0.025129972	-0.055965926	0.115542434	0.14807035	-0.108478	-0.00042413682	-0.15457347
-0.101958714	0.062318765	-0.01626053	0.13384856	0.1912379	-0.22684821	0.12998661	-0.21656483	-0.094403304	-0.03690594	-0.06318588	0.10750368	0.09950962	-0.10035678	-0.030183788	-0.11845314
0.30904844	-0.25827163	0.32271537	0.1927599	-0.2746878	0.24615128	-0.29482305	0.22317879	0.34489813	0.30343083	0.23158374	-0.25834435	0.21956696	0.27302527	0.3053479	0.29443458
-0.26190877	0.26580304	-0.2447091	-0.042162586	0.22720481	-0.30388027	0.21366054	-0.26924923	-0.24066359	-0.30522218	-0.26165253	0.2570798	-0.036069468	-0.21681996	-0.26393548	-0.2757932
-0.2995834	0.32152689	-0.3407442	0.029724425	0.3350959	-0.37129065	0.31259233	-0.37564626	-0.34631598	-0.30521545	-0.3403713	0.2785055	0.17565052	-0.32411885	-0.26337245	-0.37910703
-0.22033907	0.26606423	-0.2121092	0.13320556	0.26741606	-0.28007528	0.25276956	-0.24480267	-0.16305366	-0.20906706	-0.24445608	0.25468487	0.21405841	-0.21354413	-0.07844834	-0.24902478
-0.10427467	0.12351626	-0.14396626	0.10390507	0.18820435	-0.1798049	0.14213921	-0.13537677	-0.11262524	-0.07746868	-0.110210605	0.10324177	0.21843924	-0.13244052	0.008796448	-0.17401317
0.11792314	-0.15440908	0.18730628	0.16796686	-0.07700295	0.1102059	-0.09212671	0.119203046	0.17855497	0.18258195	0.14898598	-0.17422895	0.18376286	0.12228818	0.16110426	0.09339423
0.018494176	-0.04005883	0.079911165	0.16247919	0.06777212	-0.036194764	0.013193351	-0.07254436	0.13904184	0.11480557	0.027743343	0.019168358	0.18046169	-0.022757094	0.16834332	-0.04229064
0.044238634	-0.038581118	0.03577663	0.09191733	0.005556449	0.017531939	-0.038006034	-0.014778937	0.08347701	0.11406222	0.056355476	-0.023027925	0.17160958	0.050503243	0.10939069	0.03640285
-0.24343659	0.15884571	-0.1375555	0.1446229	0.2437742	-0.20015198	0.17043073	-0.16148752	-0.25068596	-0.1475006	-0.23941618	0.21122204	0.17337884	-0.17250046	-0.105107196	-0.1937512
-0.043794867	0.031032948	-0.06389707	0.091402896	0.052985527	-0.07152897	0.06527942	-0.067491055	-0.012335334	-0.007324231	-0.0974927	0.05624699	0.20800893	-0.077362485	-0.017292265	0.0048779715
-0.10025525	0.19957455	-0.09256771	0.06744466	0.2418285	-0.22990417	0.13817294	-0.21655151	-0.088669404	-0.15207982	-0.12506472	0.112328246	0.07575558	-0.16565588	-0.099324994	-0.13642731
-0.19031349	0.19711637	-0.16409034	0.10454307	0.2850045	-0.3050588	0.24726121	-0.23047405	-0.1827564	-0.17130347	-0.25397593	0.1876997	0.20439269	-0.26723906	-0.10532292	-0.2474132
0.04197374	-0.04029177	0.09334912	0.16526581	-0.011599219	0.015978802	-0.04009784	-0.028903618	0.13654555	0.029378986	0.024756435	-0.10181942	0.1520154	0.012567337	0.1428693	0.027377352
0.13665357	-0.155645	0.16152051	0.08663903	-0.13100313	0.11732874	-0.15191877	0.124576144	0.12321818	0.09808179	0.17616181	-0.104486994	0.13710785	0.14707638	0.11171207	0.14863816
-0.065431885	0.07567818	-0.04576863	0.07629342	0.11481394	-0.095918365	0.1419514	-0.13446988	-0.08548686	-0.043641966	-0.13909675	0.12348798	0.09273402	-0.12882558	-0.103083104	-0.06911518
-0.061471473	0.058913782	-0.11759727	-0.005944492	0.053846948	-0.0777529	0.10108709	-0.050794497	-0.091302104	-0.14423239	-0.109589584	0.12057465	0.045708824	-0.1064704	-0.061637856	-0.051903404
-0.24537006	0.17080931	-0.17590791	0.024628479	0.25160652	-0.25049028	0.21382539	-0.23338796	-0.24680111	-0.22217424	-0.21873102	0.21137375	0.030386236	-0.22729017	-0.17946304	-0.22175555
-0.20863004	0.23859832	-0.2011493	0.112632915	0.22413412	-0.2808696	0.2497596	-0.2619194	-0.2060718	-0.208519	-0.23575066	0.21559629	0.14992942	-0.1995409	-0.1619716	-0.24082279
0.14130144	-0.11496071	0.098583736	-0.009113531	-0.16695333	0.19639157	-0.13395819	0.19616103	0.14409864	0.1317384	0.12763111	-0.16068842	-0.01745604	0.17905004	0.020446481	0.11660624
-0.163675	0.17361277	-0.16094457	0.072052136	0.24287638	-0.13864335	0.17836763	-0.16043685	-0.11513075	-0.1800746	-0.12602352	0.18552577	0.07535017	-0.1710703	-0.09210483	-0.19986261
0.007865626	0.047971375	-0.06913477	-0.022714803	0.17003547	-0.09509703	0.0641931	-0.11686872	-0.086744785	-0.04287319	-0.007829711	0.013202253	0.06393084	-0.03957657	-0.038735423	-0.101941936
-0.020350434	-0.039223723	-0.029731676	0.017767675	0.06935024	-0.03734333	-0.029687356	0.03194759	0.02509012	0.054057132	0.04807908	-0.004791684	0.07320722	0.04371686	0.0432847	0.0010613182
-0.037674632	0.034406535	-0.064172596	0.17891864	-0.008418443	0.011983772	0.05457427	0.029838856	0.039960332	0.10661427	-0.09612953	-0.026399652	0.29308483	-0.047608003	0.059143633	0.0077302223
0.26468238	-0.2488204	0.25995746	0.20785113	-0.20766787	0.24587202	-0.23252824	0.28182384	0.32815722	0.32399303	0.30798355	-0.3198498	0.18220662	0.29046342	0.25802666	0.28968355
-0.043043584	-0.0038885302	-0.0155548975	0.09688441	0.0034304408	-0.07153537	0.0031939337	-0.06324825	0.007644618	0.039800875	-0.030927418	-0.020103836	0.16162069	-0.021546792	-0.013428625	-0.023387855
0.005586965	-0.0031072886	0.020255217	0.1804004	0.11254151	-0.08131873	0.0871167	-0.0025855966	-0.045514103	0.014963932	-0.063707635	0.03987474	0.11121292	0.008356273	0.061517913	-0.014303696
-0.205108	0.24636683	-0.20481464	-0.0022401484	0.24207143	-0.17058079	0.24013235	-0.18862668	-0.20180565	-0.23192447	-0.20725507	0.2521833	-0.024506891	-0.23780903	-0.2262104	-0.24857073
-0.103202656	0.036146138	-0.024372736	0.068142116	0.041953646	-0.09116064	0.04427404	-0.09354225	-0.02048068	0.025564518	-0.08766472	0.040951982	0.11155642	-0.10509764	0.035477016	-0.07891886
0.04977269	-0.08001007	0.10566594	0.20141277	-0.048563402	0.09059478	-0.10107541	0.104263745	0.12624921	0.20502289	0.08114305	-0.12380961	0.2773697	0.1372322	0.11722601	0.15396118
-0.25786322	0.25785005	-0.19430642	-0.09835784	0.17307156	-0.1907362	0.21105295	-0.26520514	-0.23368637	-0.27423275	-0.18312636	0.24446799	-0.11028933	-0.27571514	-0.18827404	-0.21516983
-0.15708134	0.116671175	-0.17912452	-0.09146974	0.15986966	-0.13732992	0.16255917	-0.18254247	-0.1745259	-0.109488495	-0.14646848	0.16966595	-0.07080397	-0.18378597	-0.0845444	-0.19719335
-0.11685511	0.05489692	-0.12280001	0.053130824	0.09339069	-0.069641255	0.043894835	-0.11378514	-0.1073221	-0.08240347	-0.055983927	0.069229595	0.11853618	-0.09039259	-0.048703328	-0.0962992
0.20135602	-0.25533077	0.26313707	0.18196176	-0.10978617	0.21388388	-0.21245085	0.12324451	0.2671561	0.28352857	0.23433067	-0.26852962	0.25241908	0.19203459	0.28619984	0.13984604
0.1103931	-0.122072764	0.14975134	0.20149532	0.022825297	0.034377705	-0.042644765	0.025210839	0.16953363	0.22142619	0.031694386	-0.17353287	0.22106034	0.087237015	0.21046181	0.090529814
0.029304542	-0.02513422	-0.028427592	0.077822305	0.08155908	-0.085176155	-0.001468307	-0.008805322	0.045115985	-0.0411058	-0.035673257	0.025845999	0.11069689	0.024417073	0.024709499	-0.026385248
0.06576368	-0.12663901	0.1597833	0.20517296	0.029481318	0.025544485	-0.041404713	0.06992092	0.19475855	0.109901726	0.10008688	-0.12691239	0.19674674	0.09832529	0.21794261	0.11159637
-0.064711	-0.0055483286	-0.034868956	0.12044349	0.08837265	-0.052026737	-0.009563946	-0.030810758	0.0006268382	0.038051173	0.002794596	0.018308988	0.10133363	-0.027695503	-0.01604641	-0.014545011
0.07812421	-0.13923696	0.12361381	0.13409247	-0.06388598	0.105287656	-0.16096953	0.076301314	0.13928872	0.14041695	0.13957313	-0.09694281	0.15917145	0.08060738	0.10673238	0.12606896
-0.18638808	0.2197046	-0.21497764	0.05380172	0.20215496	-0.22067404	0.26175705	-0.22612548	-0.18992263	-0.19000374	-0.16774103	0.17494197	0.053507265	-0.19956614	-0.1525295	-0.19856441
0.009528105	0.005162588	0.046837736	0.10915095	0.044287156	0.04123555	-0.034525797	0.07163838	0.020253323	0.083426766	0.053819995	-0.022707654	0.12752	0.069594726	0.12552407	0.06362124
0.090728424	-0.02774701	0.043935206	0.016872935	-0.051436912	0.107555024	-0.042952154	0.0074788057	0.08840326	0.02196508	0.066224925	0.0045886775	0.098051324	0.030172728	0.07425859	0.07080476
0.17861302	-0.17884143	0.18546975	0.14536467	-0.09218153	0.16150811	-0.11478871	0.12105896	0.1399968	0.13417058	0.1630313	-0.10408492	0.1164537	0.10355203	0.20900008	0.098292954
-0.2919646	0.336996	-0.34657517	0.20616737	0.35521302	-0.3780244	0.3588445	-0.2974419	-0.33454815	-0.27526346	-0.30767044	0.32914641	0.19968605	-0.34025723	-0.27198067	-0.37015504
-0.19555786	0.26484963	-0.22635339	0.07041844	0.29291266	-0.2239559	0.23555616	-0.21577573	-0.18552731	-0.24682409	-0.22999623	0.18571687	0.09644894	-0.19728327	-0.18213303	-0.22185728
-0.16360871	0.12736511	-0.10328523	0.1191783	0.15958525	-0.19385256	0.16807476	-0.19864699	-0.08025183	-0.14248908	-0.111272804	0.0980476	0.18728948	-0.11132727	-0.10985091	-0.13477531
-0.22705911	0.15483361	-0.14456818	0.108628556	0.21282935	-0.1894225	0.22721106	-0.21358205	-0.14704841	-0.12555055	-0.2077823	0.15865499	0.18970759	-0.22471425	-0.09797296	-0.19463407
0.03317991	-0.06135915	0.032549154	0.051344804	-0.082103014	0.085236415	-0.08460715	0.057951532	0.06601726	0.014085262	0.06045483	-0.01497244	0.104459	0.10848993	0.05448522	0.047202043
0.24913678	-0.2531799	0.3345275	0.13575429	-0.1257916	0.26509517	-0.26763922	0.2809388	0.33534658	0.27686107	0.2988672	-0.30490768	0.15034759	0.23283613	0.2660573	0.310894
0.10182275	-0.059642643	0.126527	0.0027144689	-0.06900683	0.13988617	-0.11712954	0.081161454	0.11695904	0.1441414	0.08510083	-0.089042746	0.00834973	0.10787347	0.116176665	0.1499163
0.011481044	0.0033368496	0.05299726	0.11857996	0.066542126	-0.053588774	0.04418539	-0.047642373	0.035336297	0.07130754	-0.035292327	0.002309961	0.16750492	0.026889233	0.08895881	-0.046401314
-0.14639938	0.14664178	-0.07615818	0.05511271	0.11075937	-0.1210048	0.08226507	-0.06526866	-0.14041959	-0.14425656	-0.098053314	0.069579355	0.07457835	-0.06652716	-0.07655355	-0.12912148
0.014545852	-0.023248404	0.03382889	0.07032846	0.08589622	-0.03480614	0.017054213	-0.04621413	0.039805304	0.032388117	-0.021992838	0.030018633	0.13506852	-0.044671427	0.05527489	-0.04162948
0.329969	-0.2999212	0.26414844	0.2157513	-0.15157178	0.32609335	-0.29015362	0.26030236	0.36461598	0.2857373	0.34855455	-0.28649536	0.19959411	0.2846036	0.26180884	0.3335613
-0.24694271	0.27764183	-0.22419322	-0.031151991	0.22087616	-0.3103171	0.30246514	-0.26597762	-0.3036156	-0.23906629	-0.24798134	0.30701298	0.06418223	-0.23329441	-0.21734259	-0.24726687
-0.05824128	0.11415337	-0.0044329236	0.14492498	0.16571128	-0.1552429	0.15429479	-0.13083123	-0.004641205	0.019300891	-0.045163393	0.07959423	0.15405047	-0.13582492	0.09685612	-0.08155214
0.35950673	-0.43117538	0.39849344	0.20688057	-0.33235654	0.43588597	-0.36215878	0.33712453	0.42097226	0.43138757	0.40790066	-0.36373127	0.20089228	0.37569457	0.44683528	0.46401718
-0.21371855	0.20817985	-0.22381367	0.13045058	0.2188824	-0.23260045	0.27901497	-0.21714593	-0.2372492	-0.20367241	-0.22963631	0.2493775	0.122111715	-0.27254248	-0.151268	-0.28684932
-0.017702203	-0.0009779743	0.011738925	0.12594971	0.18401296	-0.09899531	0.08544122	-0.08764722	-0.02503804	0.021304246	-0.050475355	0.04505111	0.10835347	-0.122179784	0.014249871	-0.07981009
-0.16246995	0.14620583	-0.1944687	-0.17242375	0.17038773	-0.15340811	0.13957374	-0.13839875	-0.16525368	-0.16889845	-0.16134468	0.2120997	-0.14738636	-0.13935842	-0.18296221	-0.21912324
-0.07619467	0.092567556	-0.06024905	0.11750259	0.21045606	-0.19673866	0.09847688	-0.08905726	-0.033195484	-0.054816734	-0.08274434	0.11603502	0.16580088	-0.089596	0.017046863	-0.18574356
-0.009943441	-0.008011255	0.0074518793	0.06561436	0.024818167	-0.019141788	-0.023587612	0.022246689	-0.0017080314	0.028064732	-0.013229749	-0.0015816925	0.075272255	0.03269024	-0.013871823	-0.03052716
0.22532779	-0.25952786	0.24517764	0.20990708	-0.0936324	0.22443776	-0.26172763	0.14442475	0.29372898	0.2962794	0.26043588	-0.29088107	0.19033924	0.23324543	0.2781788	0.27208143
-0.18788065	0.24797931	-0.16356437	0.06236084	0.1991843	-0.18797597	0.20752756	-0.21393716	-0.16031583	-0.19506244	-0.25229204	0.16917522	0.1544068	-0.19105881	-0.120375186	-0.17296973
0.056232154	0.022559475	0.047209706	0.1708563	0.16610135	-0.013042221	0.005559171	-0.03046354	0.050828487	0.07952325	0.014052253	0.018736787	0.15894178	0.03224009	0.041556664	-0.048109442
0.21762547	-0.22829199	0.24610208	0.23228946	-0.14926577	0.21040015	-0.27364177	0.2243886	0.25603727	0.26175854	0.28079435	-0.2976967	0.19947952	0.2357724	0.27018678	0.24551728
-0.21058753	0.1480075	-0.18661138	0.15610163	0.18787125	-0.152834	0.19270286	-0.21355642	-0.15096682	-0.06031107	-0.24410957	0.14012171	0.18405084	-0.13185465	-0.020789249	-0.19195431
-0.034253567	0.035723545	0.013158501	0.18797539	0.12244015	-0.084509745	0.08638762	-0.085011445	-0.02763996	0.047494497	-0.033291906	0.05987103	0.22944917	-0.0013820789	0.022369122	-0.06278431
-0.100447424	0.13678499	-0.16457325	-0.0724774	0.15071839	-0.16946699	0.15807225	-0.1355035	-0.13619956	-0.16480364	-0.15324745	0.13753091	-0.07232226	-0.09720181	-0.08393059	-0.15201922
-0.09389305	0.13704889	-0.16134903	0.10598223	0.10891747	-0.08965798	0.13569959	-0.18120047	-0.15899332	-0.08173808	-0.13095364	0.11946586	0.21162972	-0.152732	0.0014094957	-0.15443723
-0.018254155	-0.03364537	0.013746425	-0.03590362	0.018541755	0.018466098	0.03723966	-0.012811237	-0.031213244	0.019268231	0.02428119	0.048200004	0.01102633	0.00304289	0.018600427	0.031480547
0.029243967	-0.10030425	0.110155895	0.24821495	0.04962811	0.044305958	-0.0064198435	-0.014483082	0.18367366	0.1559793	0.09176979	-0.05572548	0.26773345	0.058004975	0.244904	0.06678398
0.098331966	-0.12591809	0.10114664	0.025030324	-0.10913033	0.10695006	-0.06963953	0.1326527	0.08817892	0.088510014	0.14559917	-0.11201362	0.09245452	0.07656561	0.10605363	0.1545478
0.20899534	-0.13385935	0.25200763	0.15773596	-0.14275068	0.21666154	-0.18696924	0.12575549	0.24383976	0.15307544	0.17562272	-0.13710195	0.15563475	0.1904192	0.26090842	0.13912286
0.1403854	-0.19412433	0.26297498	0.20958996	-0.05822381	0.16242401	-0.1331646	0.17301361	0.2724908	0.18222225	0.15415652	-0.20025529	0.24638464	0.16657515	0.2570618	0.1796247
0.09374918	-0.078388065	0.07416505	0.06068567	0.061848775	-0.031693324	-0.035637796	0.034726173	0.0076015242	-0.006753734	0.030157393	-0.08496662	-0.011127664	0.1054993	0.02134885	0.013562933
-0.17837927	0.12587883	-0.13078247	0.074657336	0.14350809	-0.15652831	0.16349974	-0.14166583	-0.099933654	-0.1260479	-0.112273216	0.17881177	0.088122696	-0.17162697	-0.03354879	-0.1494862
0.18911982	-0.17922238	0.19430733	0.13166317	-0.05784602	0.15371011	-0.15017594	0.19394094	0.21221076	0.17963141	0.21480346	-0.1651244	0.1141599	0.16443242	0.23388046	0.2080372
0.26967254	-0.25031033	0.29390535	0.1475679	-0.2753671	0.2982076	-0.30406117	0.22238135	0.273004	0.3259403	0.27747762	-0.29637012	0.1389004	0.27769423	0.299052	0.24971728
-0.08557692	0.079789765	-0.03530493	0.11944278	0.103768595	-0.150897	0.08833716	-0.053805113	-0.07789052	-0.034982886	-0.11773195	0.10487471	0.07525498	-0.05208229	-0.07462439	-0.0554982
-0.0074153733	0.027595423	-0.02178429	0.097228326	0.084324405	-0.026111655	0.09942114	-0.026520913	-0.091735005	-0.1049327	-0.11471129	0.10337102	0.082186565	-0.03181259	-0.05074392	-0.08546
0.019429248	-0.095117316	0.016396422	0.04541752	0.018082445	0.05682629	-0.07855978	0.025997147	0.038362987	0.10140934	0.06639552	-0.10431938	0.12619784	0.087310106	0.02668944	0.028064165
-0.124114014	0.120537564	-0.07912499	0.069353305	0.099709116	-0.11934946	0.12952721	-0.13616589	-0.06054044	-0.047958627	-0.07514072	0.144833	0.068021104	-0.07121609	-0.085944474	-0.077955715
-0.1885188	0.22601135	-0.2147291	0.09922086	0.16673939	-0.20076345	0.23901394	-0.20563562	-0.16433884	-0.14819464	-0.22837125	0.24764058	0.09605506	-0.24308066	-0.10079413	-0.22454771
0.034608345	0.009687936	0.017617397	0.0704002	0.030658357	-0.012829225	0.008509613	-0.014414971	-0.010855415	0.02700847	0.057864968	-0.050826248	-0.011815816	0.050654985	0.06583372	-0.043157216
-0.04898975	-0.0049387105	0.0499135	-0.008061744	-0.03336837	0.046948005	0.040315155	-0.027302265	-0.043555666	-0.03052113	-0.013688218	0.018481705	-0.048545778	-0.003866244	-0.03872055	0.022152279
0.22478504	-0.17546974	0.22311269	0.1468494	-0.1659696	0.20174514	-0.23258884	0.19338466	0.20276707	0.23169798	0.22284561	-0.2624935	0.11722384	0.23840803	0.23705176	0.20526786
-0.089557655	0.08468153	-0.1333646	0.124859266	0.14645693	-0.20452897	0.16963549	-0.12638316	-0.04146228	-0.1343731	-0.16460326	0.13979363	0.22150043	-0.10802688	-0.078813925	-0.15364172
0.13032754	-0.10955997	0.103567556	-0.008360108	-0.20704971	0.18506207	-0.16295612	0.17775482	0.14409748	0.12387908	0.13741449	-0.11274238	0.0415832	0.19005638	0.07707911	0.23526362
0.2739339	-0.27929863	0.23336649	0.12888017	-0.22361696	0.27874658	-0.24954155	0.26286075	0.28270635	0.2984381	0.26352715	-0.25496724	0.064066	0.24142136	0.20879889	0.29455468
-0.17735356	0.15797997	-0.20480385	0.15651739	0.18729584	-0.19626276	0.1849442	-0.2137726	-0.14836825	-0.12230314	-0.23214015	0.22546317	0.28365368	-0.17085911	0.043771386	-0.22974259
0.008768721	0.02900192	0.010814508	0.0798321	0.05904358	0.0186401	0.038708817	0.008163068	-0.023295753	-0.01197025	0.018409908	-0.01849353	0.15409721	-0.0065734456	0.001272086	-0.038397536
0.032387	-0.08599887	0.07255017	0.040390234	-0.05268376	0.1042422	-0.105632395	0.08705622	0.12577698	0.03153902	0.073594734	-0.0789796	0.09595249	0.014330021	0.04954643	0.09630698
-0.26776975	0.28102255	-0.282335	0.12331722	0.34643102	-0.28806493	0.31256345	-0.35920966	-0.3421174	-0.3185677	-0.30955413	0.3305367	0.058994483	-0.3084446	-0.2514958	-0.29948953
-0.02412904	0.0236517	-0.015060361	0.054460112	-0.01669596	-0.05316951	-0.013185564	0.011972743	0.015375492	-0.0021120652	-0.06923228	0.062252864	0.043781657	-0.030545903	-0.0047074887	-0.0150146
0.18408191	-0.20158428	0.23115036	0.1548921	-0.17327705	0.20866369	-0.22802319	0.20521997	0.17938004	0.2547572	0.17972289	-0.18435542	0.117452204	0.18166788	0.18614371	0.20327502
-0.33611292	0.3773035	-0.39781272	-0.18134117	0.2960343	-0.4080256	0.38086978	-0.30545	-0.42291838	-0.34221965	-0.3686942	0.3260209	-0.1073451	-0.39059186	-0.33078876	-0.37617496
-0.10452853	0.16534439	-0.075363025	0.18698022	0.14107722	-0.15968877	0.20040216	-0.20704022	-0.08638053	-0.086231716	-0.19265355	0.1724716	0.18997489	-0.12816297	-0.05006146	-0.14158851
-0.19591664	0.25169507	-0.21814445	-0.032520246	0.20742022	-0.2501395	0.21103044	-0.25725007	-0.20706855	-0.19974814	-0.26995203	0.25367364	0.0070572924	-0.18624744	-0.1842762	-0.240271
-0.06914733	0.14799583	-0.05947961	-0.015976815	0.11069145	-0.13893484	0.10569181	-0.093743905	-0.12356954	-0.07920683	-0.071610376	0.06073197	0.081750594	-0.050673705	-0.100941695	-0.07195956
0.05450689	-0.04680581	0.06955345	0.20647332	0.089638926	-0.028555669	-0.016462443	0.026339496	0.13178769	0.09378418	0.014414711	-0.06123373	0.20790865	0.057798505	0.17136084	0.068177424
0.12254458	-0.0978592	0.17018138	0.19087434	0.02469692	0.016839085	-0.019938722	0.0188115	0.0974089	0.114530854	0.05792996	-0.06292837	0.12157343	0.054701254	0.16852333	0.05388215
0.07293124	-0.15991259	0.15513803	0.19540587	0.03080707	0.093371466	-0.06793452	0.11718557	0.2120022	0.20632602	0.10563604	-0.1345713	0.24725892	0.05490923	0.19572328	0.12684868
0.2686544	-0.23021084	0.24004899	0.16317452	0.038881697	0.16009381	-0.20296739	0.14747757	0.22744787	0.24136482	0.20502208	-0.23277347	0.16304733	0.26438588	0.1921364	0.22622226
-0.23599195	0.23765703	-0.27318683	-0.17315687	0.2849092	-0.27700874	0.2441655	-0.21882023	-0.21788555	-0.28577247	-0.240637	0.29011342	-0.15324757	-0.2347732	-0.2740984	-0.2761435
0.048450585	0.024758415	0.027630083	-0.004269847	-0.012964081	0.0329961	0.011894048	0.025640568	0.02861316	-0.040848687	0.033887293	0.012438261	-0.021721536	0.034885887	-0.04315649	0.05958809
0.045530006	-0.033779804	0.033919964	0.08605961	0.020688735	-0.039046478	-0.0068081277	-0.05256243	0.064090185	-0.0018950608	-0.025361128	0.04484823	0.0847124	-0.024123501	0.049234495	-0.044912934
-0.0920632	0.10288994	-0.07463342	0.16058265	0.15329641	-0.14103988	0.124172986	-0.1521716	-0.04742212	-0.11988803	-0.13391007	0.1612858	0.17712687	-0.11933647	-0.049822975	-0.14238583
-0.084270746	0.027188074	-0.0641004	0.089970745	0.1801935	-0.031323276	0.052291162	-0.105094306	-0.07001896	-0.011423447	-0.05422485	0.049142987	0.12904167	-0.09504939	0.010107462	-0.03637191
0.04081369	-0.019982208	0.07279818	0.19132295	0.114058964	0.041722402	0.008706155	-0.010840519	0.10307983	0.1268393	0.054769218	-0.035435077	0.23245576	0.049130842	0.12093909	0.018593464
-0.038370073	0.012948292	0.008656707	0.14378053	0.1437724	-0.07175013	0.059116874	-0.11600829	0.07455162	0.08073263	-0.09492017	0.015073371	0.21489432	-0.05797281	0.097580284	-0.10113298
-0.23313458	0.23866133	-0.19128467	0.16587622	0.18525918	-0.19617549	0.19211505	-0.19089304	-0.15504538	-0.103356756	-0.2919206	0.24187328	0.22032349	-0.23458134	0.054539848	-0.20290086
-0.064353876	0.08790004	-0.017679375	0.001433058	0.10673631	-0.06838351	0.05470399	-0.08338405	-0.0826257	-0.02297428	-0.103227966	0.058597445	-0.023714103	-0.07266228	-0.008854904	-0.068379715
0.14567222	-0.11069527	0.12164865	0.16395843	-0.032415178	0.081155695	-0.15474768	0.123714656	0.24518324	0.21848217	0.15169503	-0.18107522	0.2562052	0.17463039	0.17841056	0.13686918
0.21939771	-0.20425013	0.23283531	0.20455466	-0.11511893	0.253749	-0.23558228	0.1737088	0.25155887	0.232707	0.3129135	-0.23350218	0.21049225	0.2090796	0.21605656	0.3010288
0.0312715	-0.070616215	0.12783782	0.17270765	-0.045542996	0.0299429	-0.023958096	0.024985408	0.048621383	0.085773915	0.03329451	-0.09726726	0.13093397	0.018954195	0.13200423	0.06559836
-0.3028247	0.30448538	-0.2146257	-0.02254361	0.26342452	-0.2995588	0.276883	-0.29704893	-0.26147902	-0.23971292	-0.31373745	0.24557048	0.10971371	-0.24946193	-0.17601956	-0.22823536
-0.22180702	0.2472823	-0.23790447	0.014813952	0.2196959	-0.2705692	0.21864015	-0.27287197	-0.2912665	-0.23753697	-0.27894622	0.29111856	0.1238483	-0.24013865	-0.24551356	-0.29410446
0.09644958	-0.11920907	0.112346776	0.18623884	0.049555242	0.05111883	-0.05849122	-0.023816474	0.17181425	0.07868761	0.086660035	-0.11669707	0.19315805	0.10639591	0.13165602	0.07273511
-0.25208515	0.24470869	-0.24141689	-0.023394354	0.21742083	-0.23067491	0.23866561	-0.26260635	-0.2627205	-0.22580391	-0.21031581	0.24772087	0.07316662	-0.24328884	-0.22525726	-0.27769935
0.16764896	-0.18904585	0.14069316	0.14993283	-0.07514463	0.1501963	-0.12021576	0.1486338	0.13957879	0.22664961	0.17326427	-0.19660144	0.13672037	0.19183694	0.22557558	0.11864624
0.105315715	-0.04730961	0.058084544	0.06988177	0.08897524	0.08660628	-0.12295563	0.06419608	0.060219474	0.076642714	0.12333396	-0.08566068	0.107970245	0.03582012	0.10339764	0.12712662
0.16842172	-0.24927373	0.22899137	0.16166013	-0.16226508	0.13665138	-0.2123063	0.16229333	0.26888382	0.21784514	0.20772542	-0.16770472	0.23036808	0.21381336	0.20392397	0.15439966
-0.063609116	0.13581176	-0.0915806	-0.054000173	0.023978822	-0.06424133	0.04916071	-0.060533952	-0.10216276	-0.13379672	-0.14263566	0.07847751	-0.07643049	-0.048048645	-0.13508454	-0.04952571
-0.15089028	0.17829591	-0.2001667	0.12738666	0.16888757	-0.14139663	0.22998022	-0.16127625	-0.20120125	-0.16981167	-0.22747664	0.20867543	0.11611861	-0.16693217	-0.11800004	-0.20543699
-0.044686176	-0.030501211	0.0121799335	0.082437396	0.061689258	-0.06022529	0.0046257502	0.004562725	-0.027949793	-0.013038281	-0.03579021	0.06213984	0.1516145	-0.06585832	0.03256874	-0.0391871
0.0304194	-0.009409076	-0.014900259	0.095852755	0.0026626138	0.016385067	0.011322017	-0.06045862	0.05168375	0.033237383	0.017172579	-0.0054626777	0.10465942	-0.0011316768	0.04182075	0.021215526
0.027694786	-0.033152867	0.022094944	0.13957855	0.02686173	-0.02251733	-0.0029231652	-0.05748025	-4.9174825e-05	-0.0028241104	0.025618745	0.03368049	0.17722325	-0.0037591462	0.109821744	-0.024606159
-0.048083924	0.027744528	-0.052147686	0.119996764	0.14209172	-0.08542467	0.10443361	-0.105626464	-0.07936699	-0.09001896	-0.032825105	0.07698639	0.1585812	-0.020841224	-0.0021291575	-0.082291886
-0.2794803	0.31454667	-0.294132	-0.15985551	0.21601726	-0.26481283	0.28038955	-0.25264546	-0.3533157	-0.34511453	-0.29810905	0.3400226	-0.059014812	-0.31071422	-0.29967093	-0.32996458
0.18800697	-0.1776107	0.23193096	0.1289968	-0.019198677	0.12545362	-0.1700534	0.16494668	0.22193092	0.18478923	0.24348058	-0.22429727	0.08326142	0.15668413	0.14459816	0.1627918
-0.040827006	0.11537757	-0.061034273	-0.007974499	0.13052393	-0.09995625	0.08858905	-0.07333029	-0.04780728	-0.042312328	-0.0772156	0.12238491	-0.026582707	-0.05245128	-0.049826354	-0.096368425
-0.19342144	0.163491	-0.09039429	0.13795568	0.11486424	-0.09131161	0.11229724	-0.18742742	-0.14019386	-0.113230005	-0.18182828	0.11495214	0.15214296	-0.13026828	-0.107854344	-0.10246622
0.24329917	-0.19646043	0.26594785	0.07560943	-0.1867224	0.16945806	-0.18236764	0.21499708	0.27483568	0.188585	0.2374624	-0.18629861	0.04657969	0.25938642	0.23470275	0.21602239
0.11324478	-0.11041328	0.1395281	0.05774616	-0.09943804	0.08332117	-0.13082321	0.1325774	0.10196075	0.13912283	0.08656691	-0.08425329	0.076708846	0.07528551	0.1088088	0.08808608
-0.24534728	0.2568035	-0.2325497	0.0627155	0.23294885	-0.20624973	0.30965164	-0.21813352	-0.2706429	-0.27598736	-0.28887483	0.28408253	0.16579027	-0.23389667	-0.2008963	-0.2811719
0.015517016	-0.034212817	0.046735816	0.17828962	0.05774305	0.043778718	0.038413316	0.008241025	0.07801014	0.031847153	0.016703956	0.010439206	0.20294498	0.024754997	0.077988006	-0.049771596
-0.027003264	-0.031688057	-0.017225705	0.023180392	-0.04337063	-0.03648306	0.002377022	-0.03967191	-0.041668594	-0.04404763	0.023704853	0.008175708	2.5998801e-05	0.0036918744	-0.03295642	0.030752506
-0.2733913	0.30313292	-0.27919272	0.102352805	0.20929116	-0.25986964	0.22909187	-0.2410113	-0.2977129	-0.24196234	-0.31247872	0.25982857	0.12413379	-0.21418191	-0.19299272	-0.28376636
0.14022402	-0.063721694	0.11308058	0.11417882	-0.05289053	0.07856922	-0.06791174	0.09913252	0.06359999	0.12841348	0.13386826	-0.13042021	0.15841582	0.12331834	0.11245927	0.07436275
-0.19934995	0.21084955	-0.15631524	0.08248658	0.21833985	-0.18240544	0.18450962	-0.14313276	-0.20388828	-0.1320407	-0.15855384	0.21726291	0.1381732	-0.19867095	-0.1508443	-0.23321754
-0.101976566	0.10833954	-0.10028447	0.20120682	0.2297196	-0.19688307	0.15101007	-0.19901972	-0.09692451	-0.097478695	-0.15134245	0.07810585	0.21959537	-0.14609055	-0.047244318	-0.16580385
-0.04794645	0.027395012	-0.0868755	0.07114368	0.071650915	-0.0376989	0.030232934	-0.123937644	-0.10310087	-0.09097393	-0.024898304	0.077747725	0.055884734	-0.035401914	-0.04206279	-0.058317203
-0.00063016615	0.0051214695	0.069938496	0.060513996	-0.009622019	-0.024582151	0.043966684	0.028755656	0.013994382	0.03192628	0.009831421	-0.054333914	0.17496191	-0.020434592	0.07623709	0.015728861
-0.16779222	0.2116092	-0.1549362	0.09557739	0.19042647	-0.20390302	0.19619606	-0.22412717	-0.18754047	-0.121639535	-0.24747203	0.21021041	0.18528287	-0.14244907	-0.0948924	-0.21062586
0.128601	-0.043827366	0.043124896	0.070949666	0.02536354	0.07573508	-0.08012993	0.041377872	0.059365638	0.1291583	0.045085747	-0.06427605	0.12795176	0.06559025	0.049566913	0.12696268
-0.020009605	0.09974377	-0.10167822	0.040867917	0.06942662	-0.082997695	-0.015391531	-0.03957417	-0.0209123	-0.053273004	-0.0993715	0.07862361	0.040030308	0.013751161	-0.07101967	0.0023526864
0.18415819	-0.102953084	0.13716908	0.18745053	0.049837805	0.07563125	-0.13601035	0.15866424	0.21897542	0.17021762	0.10950552	-0.16548538	0.1023905	0.2118891	0.13250467	0.19070737
0.2330464	-0.1982989	0.2537534	0.20749786	-0.14773719	0.24266578	-0.28356397	0.21733129	0.26081648	0.30885524	0.2658729	-0.28584906	0.16746384	0.24726294	0.29027116	0.22036703
-0.1299559	0.12295974	-0.100400865	0.014949943	0.15398884	-0.13067125	0.109185524	-0.15672882	-0.12822606	-0.123313196	-0.10861284	0.11659226	0.06386707	-0.07841108	-0.09707205	-0.09087594
0.022655059	-0.0070075747	0.068615116	0.09391252	0.078716986	-0.036581475	0.03998293	-0.0065618074	0.006989396	0.07645109	-0.03519769	-0.037932172	0.07142	-0.0017614437	0.029302854	-0.06382379
0.0742874	-0.052585676	0.10700844	0.07579065	-0.04707897	0.022633046	-0.11088379	0.018774264	0.045685	0.08102715	0.07798073	-0.072283804	0.07467289	0.09940861	0.13112162	0.102477536
0.19174181	-0.20200762	0.16127975	0.06721313	-0.1460665	0.17645255	-0.18019378	0.18027413	0.2286707	0.23978494	0.24838704	-0.21896553	0.017197195	0.17776161	0.1300858	0.21616223
-0.0869777	0.072292596	-0.033645734	0.093427636	0.11985186	-0.10456184	0.08119628	-0.10069522	-0.08970556	-0.10919366	-0.15196228	0.12143268	0.112707734	-0.1089363	-0.031966213	-0.08103727
0.012601567	-0.011652315	0.011216187	0.086247385	-0.002705	-0.0099707665	-0.01993529	0.019863108	0.008011488	0.066138186	0.01857543	-0.015623323	0.081394136	0.021665374	-0.0022558854	0.006324626
0.09734746	-0.0944001	0.04272156	0.033634245	-0.024493959	0.0968995	-0.08897737	0.097111546	0.09640046	0.12930961	0.056033965	-0.07890624	0.1361653	0.042810258	0.09590182	0.053486954
-0.07181952	0.046363022	-0.015757786	-0.030709786	0.074926876	-0.03861382	0.024986733	0.0123485625	-0.029790813	-0.014567641	-0.00031355902	0.07097012	-0.0853696	-0.034950573	-0.038724665	-0.06669179
0.0046794144	-0.00039743353	-0.029115453	0.10434167	0.03850069	-0.0014519453	0.0013128449	0.0024180938	0.026339741	-0.024703281	-0.007989192	0.058253653	0.14814799	-0.026345678	-0.00285434	-0.014075881
0.027557515	-0.03622858	0.041917164	0.118363604	0.042513113	-0.030209709	0.033666067	-0.016952734	0.0073173996	0.04623269	-0.012457954	-0.02087707	0.16102059	0.06315732	0.06512725	0.030197266
0.22284895	-0.22249119	0.15199874	0.0954888	-0.020116497	0.11251474	-0.14885198	0.20040956	0.21212555	0.23945267	0.1609432	-0.1791741	0.106014594	0.18702465	0.18436773	0.21673688
0.11819	-0.1306496	0.09108492	0.13827488	0.1238527	0.16641305	-0.16253608	0.13618277	0.10283977	0.13571928	0.18361819	-0.18300319	0.071976915	0.1696624	0.16373816	0.127231
-0.0045999996	0.03367508	0.042273913	0.04568902	0.010201979	0.03565042	0.03953333	0.017093208	0.03594799	-0.04819156	-0.048333455	-0.04434642	0.019800011	-0.00021829456	-0.036368214	-0.028304959
0.10139867	-0.12977816	0.11119829	0.09188655	-0.037628993	0.17109242	-0.17195162	0.12395991	0.1132487	0.11099828	0.12298765	-0.114119485	0.074060746	0.16151334	0.118804015	0.1170398
-0.18638186	0.26523212	-0.17269832	0.12191071	0.19732846	-0.18634762	0.21873403	-0.15167129	-0.21085949	-0.19028202	-0.22479215	0.21542457	0.10500276	-0.23705176	-0.13185273	-0.25897375
-0.25404787	0.2547835	-0.28178528	-0.009094925	0.3063732	-0.34954187	0.2728615	-0.28352585	-0.3695447	-0.28678486	-0.26390395	0.31728986	0.05109406	-0.27828407	-0.2604456	-0.3644109
0.31901315	-0.26809177	0.2686307	0.18255283	-0.28777796	0.31716543	-0.26140234	0.3289891	0.29605287	0.35501266	0.29698378	-0.35971287	0.19581836	0.26944488	0.25376794	0.32397738
0.10424559	-0.12905996	0.1780142	0.13613935	-0.020513473	0.11831786	-0.053979814	0.13067085	0.14638387	0.109722726	0.15758337	-0.12021506	0.17096348	0.079118766	0.12466409	0.15837106
0.024215277	-0.041335832	0.043609176	0.06235099	-0.025814181	0.00089483935	-0.02328751	0.020739729	0.015799006	-0.009113814	0.0023618857	0.017851762	0.09886062	0.009571879	0.09696242	0.03487195
-0.28058848	0.22447865	-0.27279353	-0.006175336	0.23775525	-0.22826667	0.23856391	-0.20942275	-0.3115837	-0.24079232	-0.2350383	0.29957595	0.08961984	-0.25199708	-0.24373971	-0.26814345
-0.051279265	0.08847386	-0.0784262	0.036721606	0.09246281	-0.14597648	0.091387786	-0.09615737	-0.10186641	-0.08257071	-0.100929186	0.12200246	0.037560835	-0.116468616	-0.063280374	-0.13922204
0.20362674	-0.2470523	0.290966	0.12288428	-0.19570257	0.28605416	-0.2197347	0.25192267	0.31494653	0.22413671	0.20918472	-0.28453833	0.15102452	0.21231745	0.22014034	0.25534517
0.3709847	-0.29028863	0.37981588	0.12562777	-0.27204657	0.37972507	-0.28071323	0.3372834	0.36589748	0.32211614	0.38187397	-0.30450678	0.18945226	0.344882	0.29404482	0.37201858
-0.24646482	0.17750299	-0.16188774	0.069035	0.20012747	-0.24404773	0.2234884	-0.26516122	-0.1931758	-0.21693835	-0.201933	0.24600455	-0.0061536185	-0.20549561	-0.1963219	-0.2858832
-0.18188483	0.14716372	-0.12803705	0.04711172	0.12862645	-0.17734523	0.13153532	-0.16828863	-0.16511364	-0.13662794	-0.16641757	0.106291935	0.1161932	-0.12971927	-0.14859954	-0.15503606
-0.14542548	0.20083791	-0.11565547	0.18257265	0.20800972	-0.27084813	0.22781545	-0.1832215	-0.1523432	-0.07485361	-0.25620016	0.1936471	0.26474455	-0.22279836	-0.039997406	-0.24507272
-0.3824686	0.41022277	-0.41583553	-0.2501942	0.33243376	-0.3113075	0.339923	-0.31444067	-0.45017767	-0.38962984	-0.39976868	0.34186408	-0.21090409	-0.36643064	-0.39745653	-0.36298236
-0.16238755	0.1628224	-0.15685494	0.23296657	0.3045942	-0.30242896	0.24073179	-0.19330224	-0.24679947	-0.17374107	-0.24059653	0.20534676	0.18759099	-0.2538494	-0.14166692	-0.25790623
-0.13333747	0.10523109	-0.09577393	-0.03459418	0.20998876	-0.14136922	0.18064117	-0.17364906	-0.119142845	-0.13784617	-0.15674475	0.10332777	0.05492273	-0.1156498	-0.10681818	-0.12225635
-0.1288384	0.063033566	-0.058574963	0.016577158	0.14354022	-0.11193297	0.119770855	-0.123689525	-0.06625716	-0.07169525	-0.0976265	0.0634012	-0.00056232937	-0.097406365	-0.094622746	-0.083821855
0.14615004	-0.10442556	0.12611225	0.12583339	0.08154849	0.11683489	-0.15128103	0.03812908	0.21467187	0.20490737	0.15082681	-0.17539011	0.17572433	0.1883595	0.14057493	0.13541237
0.13620847	-0.13517152	0.08305593	0.08625342	0.07334802	0.08424366	-0.09318989	0.045388497	0.09213276	0.12808533	0.12376975	-0.12857968	0.14340332	0.1464579	0.1271609	0.14730538
0.18560843	-0.17210111	0.19087781	0.07945645	-0.10916294	0.22263046	-0.15200548	0.15764283	0.249957	0.18945207	0.21253192	-0.2517409	0.13155116	0.16215073	0.16923186	0.17548744
-0.27025953	0.26635313	-0.21138556	0.07120594	0.2514718	-0.22838306	0.2341781	-0.2419332	-0.29248932	-0.21473593	-0.3065924	0.22422513	0.13324468	-0.2509417	-0.2179812	-0.29234466
-0.12465596	0.16094297	-0.16464303	0.076824866	0.116422124	-0.14967412	0.1856346	-0.18639904	-0.09433742	-0.07745578	-0.16393325	0.19287774	0.08760897	-0.19161253	0.03634497	-0.1758712
-0.20058079	0.15234917	-0.20292938	-0.06940511	0.18347962	-0.1310895	0.18232982	-0.16423084	-0.21046357	-0.20229764	-0.1359085	0.14709674	-0.09084869	-0.1305452	-0.18940021	-0.11707142
-0.04676332	0.05740277	-0.1283086	-0.06847681	0.061604235	-0.039405752	0.1194611	-0.09298532	-0.13399477	-0.055407424	-0.05057991	0.14010583	-0.021899061	-0.082322896	-0.10533489	-0.11876078
-0.00030912916	0.0842401	0.029682154	0.1418146	0.09753922	-0.113827944	0.04292268	-0.0963596	-0.00078912417	0.023948431	-0.011077154	0.019400189	0.1539667	-0.05824492	0.06437736	-0.05614726
0.072914645	-0.04309991	0.0623852	0.1285466	-0.025705328	0.071211524	-0.0167372	0.034893513	0.067231484	0.04907366	0.03248826	-0.06781475	0.13818862	0.029818552	0.08916985	0.08618678
-0.07194452	0.048311066	-0.084090985	0.08773273	0.15350856	-0.118095934	0.057596866	-0.070074804	-0.04677423	-0.037854373	-0.09688689	0.108715825	0.058680896	-0.09834071	0.020248147	-0.1331698
-0.15046953	0.09333398	-0.018295046	0.13247544	0.21671896	-0.22464631	0.20241359	-0.14926167	-0.12585947	-0.066960484	-0.09676458	0.11478893	0.20944475	-0.18069321	-0.009735072	-0.19772868
-0.2429691	0.2942476	-0.24039079	0.07619611	0.1981245	-0.22435315	0.22382364	-0.25910985	-0.2896856	-0.26550114	-0.28816363	0.24114494	0.08239219	-0.2560979	-0.20492278	-0.29730046
-0.014128075	-0.00093509763	0.0491119	0.05658679	0.030727858	-0.07105479	-0.015469923	0.020698965	0.039549183	-0.00482575	0.017652811	0.039162222	0.1034635	-0.025648547	0.010206223	-0.04866709
0.1915144	-0.1998695	0.21293166	0.115589894	-0.17154232	0.21279971	-0.18911482	0.18896204	0.18809642	0.2031869	0.19044617	-0.1848013	0.13434659	0.19102864	0.222846	0.24388222
0.06645959	-0.033455003	0.08500761	0.11853525	0.062312867	-0.030542953	-0.01717958	0.024723912	0.11877343	0.10235744	0.044711858	-0.03923679	0.22135717	0.05193888	0.09403289	-0.026803166
0.17986986	-0.14262506	0.18130231	0.18066238	-0.10353085	0.14461671	-0.122166	0.097524785	0.20083445	0.21893519	0.13984783	-0.15970725	0.2173002	0.16227812	0.23506501	0.1663959
0.020591853	0.02650857	-0.001113962	0.048734322	0.05371481	-0.014065192	0.0012990596	-0.002039607	-0.0565186	-0.031272735	0.006687948	0.057623684	0.11042475	0.0061313147	-0.029498378	-0.07433181
-0.1640973	0.22477032	-0.1375017	-0.13324472	0.10576904	-0.18577132	0.20809308	-0.17516892	-0.22635497	-0.18592024	-0.134921	0.22467041	-0.07743703	-0.22561724	-0.1983725	-0.13257805
0.20517616	-0.24293911	0.18448919	0.15812708	0.048582435	0.21367152	-0.2101283	0.14836292	0.22056171	0.22014907	0.2420085	-0.22106555	0.19484943	0.2295788	0.19781724	0.220608
-0.10729994	0.18189085	-0.19665204	0.012149548	0.18623182	-0.1439048	0.17629635	-0.118518	-0.15572588	-0.14286083	-0.13281968	0.13613579	0.055961125	-0.14954315	-0.08807585	-0.10194261
0.053828996	-0.06826166	0.05138223	0.09700386	0.12238189	-0.101779275	0.038456846	-0.08676883	0.083020635	0.124902196	0.05131625	-0.088066354	0.09929331	0.031390317	0.0673148	-0.07638926
-0.09482443	0.1658077	-0.09007199	0.14198771	0.11424919	-0.1238369	0.11585635	-0.14542821	-0.10376759	-0.06329151	-0.13586614	0.14077856	0.07522846	-0.11829811	-0.014049572	-0.12815236
-0.006429769	0.01881263	-0.021252776	-0.014015116	-0.04360335	-0.022048427	0.0459528	0.026383448	0.0269215	0.035328295	0.012754831	0.046908405	-0.015798222	0.012950692	-0.025393462	0.041292194
-0.2097398	0.18077357	-0.22428875	0.040817942	0.19706833	-0.28085706	0.2828399	-0.29050794	-0.19086826	-0.12011459	-0.2073107	0.19837871	0.08098843	-0.24251609	-0.113594696	-0.27801535
-0.32402036	0.2749978	-0.29463547	-0.14360575	0.28921267	-0.32399666	0.26867357	-0.32209638	-0.27162874	-0.2983961	-0.34882414	0.29549244	-0.06355994	-0.3053593	-0.33400315	-0.34454527
0.21586686	-0.14685346	0.15752473	0.15028282	-0.028269406	0.13375846	-0.1868993	0.116695255	0.24835756	0.15964326	0.16446382	-0.18908875	0.14311521	0.17557886	0.21789455	0.13160284
0.07914532	-0.03107667	0.093014516	0.013346918	0.011401915	-0.018695517	-0.058112334	0.04408329	0.07538949	0.05182537	0.08260601	-0.005928832	0.014917521	0.08654919	0.04799349	-0.0045416346
-0.038864773	0.070382655	-0.00944971	0.09248377	0.1099571	-0.12083626	0.07549212	-0.10675989	-0.056593087	-0.050329898	-0.031083873	0.011990957	0.05342167	-0.017451232	-0.005441922	-0.08697784
-0.04877822	-0.016786799	-0.0069950945	0.009749704	0.05959746	-0.0411147	0.010298159	-0.029700404	-0.08965254	-0.013556954	-0.058420897	0.01453991	0.03902777	-0.0076428386	-0.023888836	-0.04854498
-0.0809929	0.12545182	-0.104133345	-0.03653239	0.1456433	-0.057297915	0.1053112	-0.1381369	-0.07967721	-0.13298564	-0.13707945	0.07529295	-0.0057172906	-0.11578093	-0.15811947	-0.103379376
-0.04572929	0.05239797	0.04152267	0.17512633	0.1047637	0.008683703	0.076126836	-0.002674105	-0.019814512	0.061834715	-0.015806885	-0.021613041	0.25498286	-0.028509483	0.014417254	-0.012712603
0.21378638	-0.23634754	0.21414608	0.18993609	-0.06774621	0.15367545	-0.17411032	0.14121407	0.25394696	0.2035067	0.285381	-0.22937457	0.1639396	0.28242797	0.26618564	0.18506283
-0.019854276	-0.07688129	0.07103849	0.1994836	0.064729825	0.029548801	-0.03195708	-0.030531675	0.10298198	0.07301789	0.021554276	-0.051533036	0.22347365	0.01695345	0.19499452	0.05189807
0.1726348	-0.24603851	0.20867474	0.22568336	0.07156043	0.17873557	-0.15591297	0.0997422	0.22102249	0.25505167	0.1638488	-0.17942673	0.20327535	0.22141786	0.17651524	0.20816751
-0.19445293	0.2736481	-0.19578749	-0.038357202	0.22163819	-0.23468213	0.23774138	-0.22163115	-0.2360234	-0.26404524	-0.21359499	0.2307705	-0.115197755	-0.1914561	-0.25183526	-0.2740633
-0.16692488	0.13956168	-0.09548096	0.034997188	0.18489571	-0.1864031	0.122276835	-0.12410196	-0.15961836	-0.09841483	-0.16373228	0.17505872	0.08376111	-0.15025477	-0.13872558	-0.194306
0.056013107	-0.04943998	0.117485695	0.050487183	-0.011583328	0.057700217	-0.094710045	0.056945298	0.05719818	0.11172347	0.10055995	-0.13637477	0.082798794	0.14848539	0.10241173	0.057175327
0.016553525	0.015646372	-0.038096387	-0.040540893	-0.0021863326	-0.09242172	0.058633246	0.00677284	-0.042039566	-0.073169515	0.009561385	0.03675347	0.015145692	-0.0056542535	-0.059615012	-0.07701528
-0.14362952	0.18595463	-0.09765761	0.06324569	0.19295731	-0.12367762	0.109906495	-0.15760477	-0.15173863	-0.11340024	-0.1348122	0.16401708	0.14326024	-0.13333292	-0.13013203	-0.20329927
0.27781352	-0.26166758	0.19911042	0.11189644	-0.13099003	0.26153135	-0.27135375	0.21182863	0.2521478	0.24634053	0.21845347	-0.25941366	0.10614734	0.2302658	0.2729106	0.22143623
0.15554515	-0.119395785	0.13183425	0.13061175	-0.063781105	0.1318381	-0.10802347	0.09364729	0.23097752	0.20536935	0.09127225	-0.09191168	0.157963	0.14445718	0.23064272	0.16826637
-0.26029187	0.24840005	-0.23619556	-0.03192362	0.30032742	-0.28234097	0.25359714	-0.20980859	-0.32495004	-0.23493229	-0.26671997	0.25864536	0.029233422	-0.2998221	-0.20194396	-0.3085257
0.052886844	-0.12171528	0.10784271	0.08036119	-0.078997955	0.084541045	-0.077781916	0.044866517	0.100586526	0.06276162	0.035103608	-0.09670216	0.06335264	0.076751985	0.09050717	0.080492474
0.32375804	-0.36894867	0.38000304	0.25331748	-0.23701312	0.29290837	-0.2856022	0.33293587	0.32746142	0.38668913	0.35137314	-0.3806479	0.2500017	0.37577865	0.3645266	0.35955307
-0.033411287	0.028408919	-0.0006405227	-0.0057398304	0.02121805	-0.023268485	-0.006142102	-0.01625669	0.004480291	-0.019626606	-0.030369103	0.009238314	-0.030123247	-0.018394947	0.042494502	0.016664851
0.100128435	-0.070113316	0.13052207	0.117680855	-0.04899473	0.16042235	-0.14986941	0.13267498	0.1698746	0.1698049	0.11269148	-0.12808895	0.19850425	0.10245288	0.16765545	0.13627648
-0.03108649	0.0671112	-0.01952439	0.12756418	0.019687336	0.021984171	-0.013032055	0.004026663	0.09746871	0.10684706	-0.06477252	-0.035275836	0.28104976	0.010446841	0.13087527	-0.023019282
0.03144386	0.012696493	-0.038200296	0.02019738	0.020895686	-0.046257067	0.019170258	0.023994494	-0.015028525	-0.026117492	0.012422264	-0.008743249	-0.04525552	-0.027303709	0.04083479	-0.04518949
0.09087599	-0.107543595	0.04490725	0.123205125	-0.05104725	0.08306745	-0.08422939	0.05810344	0.08362168	0.05776349	0.05975589	-0.117856614	0.15377861	0.12230505	0.0678033	0.07786794
0.0053373184	-0.004780577	0.08860985	0.16363035	0.18730615	-0.09020016	0.10252902	-0.042703953	0.10542665	0.14673258	0.03839894	-0.043575674	0.21473946	0.011334104	0.12992382	-0.0810808
-0.14270076	0.1590743	-0.11494812	0.10127102	0.17731388	-0.15285651	0.20752816	-0.17838168	-0.09227111	-0.080778405	-0.12557788	0.13537404	0.1101197	-0.17389494	0.013443759	-0.2277121
-0.031042254	0.07919745	-0.022158094	-0.022749988	0.107443824	-0.0843912	0.0994169	-0.12718809	-0.07217661	-0.09076391	-0.04919587	0.029865777	-0.00015067094	-0.03036295	-0.086529	-0.09351211
0.0048548398	-0.041050307	0.07373721	0.028187215	0.0026622347	0.0017331853	-0.020231383	0.009641092	0.013860159	0.01631727	0.030445984	-0.0034399268	0.06841926	-0.009184332	0.057572376	0.07986497
0.07465914	-0.07985029	0.035117846	0.062035635	0.044692714	0.016929818	-0.12230548	-0.0002540776	0.038091548	0.0971518	0.09468823	-0.017370783	0.06325986	0.049046908	0.109873615	0.11546962
0.047038816	-0.027960284	0.018487731	0.06567653	-0.042511445	0.10390758	-0.087397315	0.034742996	0.02447404	0.08133453	0.026924515	-0.033838	0.018650148	0.058745246	0.04412179	0.12498535
0.004499956	0.0423154	-0.020226635	0.016091818	0.02535916	-0.049686745	-0.031549323	0.020695215	-0.003743763	-0.032607403	-0.03425676	0.0047079087	0.059873685	0.013715716	0.068725355	-0.04361736
0.12842014	-0.18645023	0.1440362	0.08864637	-0.13450119	0.11487539	-0.14009207	0.112481005	0.16413371	0.14271744	0.16917334	-0.19342367	0.072807886	0.18878074	0.1788632	0.1591881
-0.08944041	0.07547012	-0.10983679	0.075752534	0.13219483	-0.08596996	0.07187201	-0.073947094	-0.12275742	-0.06381044	-0.10395994	0.088739395	0.06993162	-0.12202004	-0.03996374	-0.11996631
-0.038240306	-0.012337124	0.0016075614	-0.050482932	0.047488894	-0.03928605	0.05103216	0.029886799	-0.017672133	-0.0075881463	0.053637203	-0.05609971	0.045515757	-0.042859375	-0.026238894	0.02727495
0.22445571	-0.29333296	0.2727292	0.12747858	-0.15468155	0.2307277	-0.2697819	0.24906911	0.29469097	0.2998581	0.26581043	-0.2806801	0.06636573	0.26549113	0.22402102	0.28763288
-0.16903056	0.16283984	-0.20317641	0.104718976	0.18889341	-0.18084967	0.16482817	-0.22551678	-0.18648818	-0.09645453	-0.22585665	0.15936507	0.12377023	-0.13466267	-0.10729281	-0.18495224
0.20210327	-0.13218644	0.17873447	0.17067729	0.026431112	0.14387363	-0.17401057	0.14624551	0.19280557	0.18272674	0.16424398	-0.17327972	0.20543317	0.20418482	0.13157964	0.117527954
0.0074515278	0.04046675	-0.04799812	0.11488486	0.05900192	0.025456019	0.006665306	-0.03007903	0.006676333	0.041503802	-0.007466606	-0.027929699	0.11144551	0.034516487	-0.03520305	-0.051257506
-0.13070868	0.15070237	-0.117144756	0.13674782	0.18385953	-0.19836263	0.1604651	-0.19331194	-0.18778887	-0.06318743	-0.1971936	0.21911693	0.23283815	-0.14366515	-0.0912083	-0.2048893
0.33744332	-0.32119521	0.32382038	0.22544277	-0.22914673	0.34305087	-0.32544553	0.3251742	0.36613297	0.28562316	0.28357574	-0.30122826	0.18175608	0.3509155	0.3255866	0.34301093
0.08871853	-0.07326509	0.08277153	-0.03535758	-0.07615898	0.036801726	-0.08045268	0.095850974	0.011504971	0.008604117	0.02687639	-0.044353146	-0.019523479	0.05691419	-0.01783763	0.08802787
0.23548505	-0.2711063	0.21174708	0.06432655	-0.21236302	0.27889106	-0.21795465	0.2538402	0.23678765	0.20954087	0.18786757	-0.28089702	0.07892249	0.2520114	0.21694681	0.21154085
0.17190066	-0.17819498	0.22427751	0.06945884	0.015261384	0.11531941	-0.17971838	0.15153238	0.1998713	0.12809707	0.1620162	-0.17358108	0.1512733	0.2215358	0.11854166	0.19172134
0.15348083	-0.19783388	0.20538361	0.13409705	0.023603344	0.10113623	-0.14827242	0.15578203	0.18371636	0.1980568	0.19334498	-0.14949282	0.10217998	0.13328926	0.1796891	0.19313984
0.31164744	-0.27461126	0.26413965	0.08234708	-0.13747838	0.22002622	-0.24232028	0.23036171	0.26440534	0.26678953	0.26188055	-0.25078344	0.17181113	0.29669997	0.25225016	0.30848956
0.08552147	-0.11898974	0.116426736	0.07371873	-0.042422235	0.08102456	-0.102855906	0.080215454	0.12584402	0.12118196	0.11040619	-0.079220414	0.14817034	0.09765421	0.15217245	0.13822341
-0.13701652	0.13800818	-0.16642773	-0.15470412	0.1638507	-0.15160322	0.17664982	-0.20736414	-0.2351529	-0.17914651	-0.14114588	0.18883999	-0.14620261	-0.14911419	-0.21175131	-0.23344745
0.22120789	-0.24547869	0.20574956	0.12522134	-0.122430235	0.18111406	-0.20216213	0.17983043	0.269898	0.25105473	0.2273385	-0.26110643	0.1668703	0.24510096	0.23102185	0.23779742
0.19583938	-0.26576513	0.20594223	0.080398165	-0.11699743	0.16194522	-0.22105867	0.17944638	0.25465253	0.19192502	0.24229299	-0.21141523	0.09974716	0.20155197	0.21279244	0.1686842
0.14391436	-0.09213194	0.093271196	0.06737368	0.0826467	0.112612635	-0.09869463	0.06536555	0.117019705	0.093615025	0.16971904	-0.19118015	0.14648429	0.13139108	0.112153634	0.17965649
-0.104905486	0.15848815	-0.08564366	0.007890236	0.23922989	-0.16610567	0.17961858	-0.10898564	-0.07562077	-0.09503476	-0.104669295	0.12475727	0.0020694109	-0.11005749	-0.11899629	-0.13139667
-0.35297793	0.33921733	-0.34243974	-0.17352588	0.35876334	-0.3858204	0.38371897	-0.39974594	-0.41063297	-0.33958107	-0.39722648	0.38748887	-0.21718131	-0.33378264	-0.36005232	-0.39643118
0.17536938	-0.1661916	0.19731411	0.095469736	-0.14110401	0.17205441	-0.12843353	0.14708968	0.1837379	0.10235833	0.19605239	-0.159368	0.04629038	0.120101154	0.13364519	0.17522298
0.02971927	-0.088529594	0.050147682	0.0066579776	-0.07592282	0.025778916	-0.022354934	0.06228444	0.07916079	0.09605383	0.001403518	-0.077697776	0.043691598	0.086925186	0.049503133	0.056016155
0.20746428	-0.21719286	0.13278735	0.11986464	-0.17887309	0.19083065	-0.15223552	0.19087078	0.19676799	0.16204327	0.18427902	-0.22973093	0.06272151	0.16828081	0.22091632	0.20822091
-0.2198148	0.2618473	-0.28976163	0.064526856	0.29581034	-0.3217617	0.21670589	-0.21957268	-0.29994497	-0.26851428	-0.29637766	0.27093711	0.031883497	-0.27878746	-0.2535235	-0.2879943
-0.30810595	0.36037207	-0.28612652	-0.010428901	0.34231973	-0.363766	0.30021974	-0.316193	-0.34701747	-0.34105116	-0.37631288	0.33557644	0.06577649	-0.315302	-0.33603087	-0.32357967
-0.1433983	0.15574679	-0.11960172	0.037743803	0.11726967	-0.14083304	0.1585031	-0.13856772	-0.13081121	-0.095236324	-0.18184672	0.10613099	0.12617318	-0.115188	-0.09785477	-0.16674723
0.014825207	0.044947546	-0.0007576881	-0.0062638773	-0.015764685	-0.0001878356	0.0681218	-0.07790815	-0.0844059	-0.08313677	-0.09046011	0.05078324	-0.030759208	-0.09520553	-0.043794844	0.0077913296
0.23053572	-0.17878698	0.19707103	0.060461164	-0.09971984	0.16566634	-0.12870441	0.20479447	0.22076601	0.16779824	0.19906951	-0.20719872	0.092023775	0.19348843	0.16980052	0.17179592
0.1762542	-0.13111575	0.12018953	0.1665879	0.083867356	0.14887865	-0.12100413	0.14813426	0.15122892	0.1832743	0.14299075	-0.13822663	0.21149516	0.19802228	0.14406025	0.1271796
0.24850404	-0.253743	0.26880726	0.15064771	-0.0731336	0.18857533	-0.22346736	0.1463235	0.24758142	0.17795007	0.24320139	-0.26423666	0.12095055	0.24034145	0.23885652	0.20661597
0.1936189	-0.25865066	0.23860423	0.21718341	0.009234508	0.18671547	-0.1459586	0.14343889	0.21357045	0.24047042	0.19390035	-0.24627127	0.22725242	0.23423615	0.19228882	0.20252399
-0.00999726	0.04498181	-0.04391991	-0.013187598	0.01787522	-0.036599826	-0.0006214604	0.018503461	0.0010916591	0.003336072	0.036796693	0.009311497	-0.03390956	-0.046397697	-0.041863967	0.02548394
0.16313614	-0.11239616	0.16298349	0.07597955	-0.034067515	0.09454907	-0.13849269	0.06629664	0.14921562	0.16988765	0.13697277	-0.08345059	0.15169194	0.10051886	0.14771494	0.1448957
0.00664996	-0.024293268	-0.0048983693	0.008131634	-0.047887195	-0.043176066	-0.01405574	-0.028475821	0.0007259138	0.014390025	-0.013299476	-0.034599196	-0.029445304	-0.025986135	-0.027457405	-0.0037456863
-0.011162495	-0.012081236	-0.047515847	0.045137662	-0.0048459508	-0.071406	-0.0012548356	-0.016205233	-0.005597871	-0.002753082	0.009727269	0.06727875	0.06735017	-0.016602758	0.017164286	-0.029736593
-0.14629884	0.17432068	-0.14752059	0.069347955	0.20238069	-0.22177167	0.2278207	-0.2406755	-0.1971642	-0.1754821	-0.25375655	0.23332706	-0.019928824	-0.19116485	-0.16303219	-0.19500414
-0.13647689	0.12192419	-0.045329064	0.0826551	0.099855855	-0.12603612	0.10589807	-0.12519926	-0.09250757	-0.09587392	-0.1445596	0.11224394	0.17224438	-0.087706916	-0.086762615	-0.11071205
-0.017420791	0.019379811	-0.025686502	0.15174858	0.018613221	-0.019317705	0.032308273	-0.07896161	-0.058574434	0.01309445	0.007291238	0.052339256	0.17921375	-0.058511283	0.02603983	-0.03267448
0.18345541	-0.2178615	0.22551587	0.16355573	-0.13720487	0.20880291	-0.21217714	0.16252129	0.25121132	0.19221956	0.20510638	-0.18505786	0.15312812	0.15093711	0.20929039	0.23142573
0.19109648	-0.12050058	0.1325996	0.14123842	-0.049261354	0.128049	-0.1559512	0.092924796	0.1657846	0.17151229	0.14011386	-0.12306895	0.14379059	0.1351416	0.1880781	0.1343896
0.24776438	-0.23606762	0.27217057	0.13093533	-0.09547643	0.2098518	-0.20407736	0.17014945	0.2693765	0.23373106	0.27496052	-0.20757036	0.21611628	0.19194496	0.24727884	0.19670331
-0.08459868	0.091543704	-0.092210405	0.13593723	0.15204644	-0.07666404	0.16359092	-0.14842653	-0.13366832	-0.11204138	-0.10748298	0.116069674	0.14463554	-0.07449075	-0.09349311	-0.123464875
0.21174188	-0.24306378	0.24008965	0.18752247	-0.11247093	0.19146004	-0.2247522	0.17730372	0.24673317	0.26319978	0.24109912	-0.22490814	0.1591407	0.1918208	0.212296	0.19337654
0.3158446	-0.31429517	0.3113893	0.17200541	-0.26863974	0.3024237	-0.24809554	0.32085657	0.2960798	0.2969137	0.28798938	-0.3328163	0.19048145	0.2621423	0.27857718	0.27255216
0.04683729	-0.059011873	0.03705124	-0.021471698	-0.023281973	0.023707516	0.055905737	0.021157155	0.013217145	0.054358907	-0.030502116	-0.013343169	0.07036263	-0.017714102	0.039525144	-0.03375832
-0.23353927	0.27952382	-0.2786237	0.014977276	0.30623206	-0.3283741	0.31112993	-0.2617257	-0.2670895	-0.28151736	-0.3097107	0.32637465	0.02454065	-0.3142611	-0.28536084	-0.30713636
0.0496314	0.0014154427	0.06406325	0.03656901	-0.009574877	0.07054	0.0026245655	0.040944442	0.02541703	0.09207256	0.03562778	-0.07752635	0.11893726	0.061139185	0.016488677	0.04619817
0.02303794	-0.03132389	0.078532815	0.10902136	0.08746026	0.0057211407	0.02771198	-0.037368618	0.105983734	0.03920933	0.027753236	0.014411166	0.19227776	-0.0045447717	0.12717842	-0.034962725
-0.049792808	0.14393407	-0.11011723	0.0880594	0.091299444	-0.16189906	0.13785982	-0.13107546	-0.08545711	-0.033667833	-0.14807577	0.09276931	0.07545423	-0.07885419	0.032757238	-0.09498138
0.14509073	-0.0676813	0.11997641	0.03591971	-0.10923871	0.087269835	-0.14652449	0.144054	0.103287175	0.1111094	0.15200712	-0.13911614	0.09026474	0.07138085	0.11111197	0.096730836
-0.018738352	-0.023141965	0.044681035	0.18920979	0.02935513	-0.015079457	0.012735236	-0.02484442	0.0819665	0.06584086	-0.018573094	0.022380566	0.1663799	-0.04567375	0.059469953	-0.051497404
0.3100453	-0.31173784	0.26916847	0.22668669	-0.14571688	0.28465143	-0.29615128	0.2306122	0.3120376	0.2995021	0.29879853	-0.33388963	0.15443483	0.30261236	0.28806403	0.22920237
0.24193864	-0.32604715	0.32611194	0.16682757	-0.21373628	0.32839647	-0.2846253	0.29804692	0.27608263	0.30219278	0.30296484	-0.28546914	0.100625955	0.2862998	0.3338405	0.3296342
0.15903707	-0.18747932	0.13676378	0.09611714	-0.089471504	0.19686048	-0.11828261	0.118850246	0.18153454	0.23207168	0.16701663	-0.22165899	0.15206432	0.13188198	0.13480608	0.14769885
-0.1478077	0.16723081	-0.16869003	-0.032589544	0.22407003	-0.24232368	0.16738178	-0.1929843	-0.23855823	-0.20802632	-0.18238725	0.16262066	-0.012068504	-0.14875554	-0.19585745	-0.15584944
0.14455447	-0.10841455	0.13663904	0.10176369	-0.06650912	0.034250334	-0.084307276	0.025833597	0.201657	0.20082746	0.0766154	-0.15657519	0.13951485	0.10307542	0.15430616	0.075643815
-0.042523727	0.045755163	-0.00067113194	0.1659838	0.1642774	-0.13950281	0.13704358	-0.0996595	-0.0054486184	-0.005851159	-0.10120605	0.044515543	0.17495231	-0.11875399	0.050805844	-0.09523087
-0.081100725	0.053279888	-0.020043058	0.15867941	0.07426456	-0.08031654	0.08793036	-0.045368444	-0.097741194	-0.03628435	-0.07485946	0.04648517	0.11880892	-0.1109958	0.032889176	-0.13260433
-0.15057532	0.19494028	-0.1544262	0.121533334	0.24578813	-0.1945463	0.18926083	-0.23240809	-0.18858321	-0.16941305	-0.22558418	0.21802688	0.14160928	-0.20954597	-0.092314005	-0.16699812
-0.1337609	0.19016875	-0.11319619	-0.027814258	0.21472399	-0.13760675	0.20024489	-0.20342451	-0.15791914	-0.14486802	-0.11640495	0.17273691	-0.1034541	-0.14930578	-0.12683041	-0.15639482
0.21177852	-0.21203391	0.2955622	0.112783276	-0.19526419	0.21758427	-0.2153181	0.25265953	0.31008413	0.21866049	0.2602186	-0.23168956	0.11132062	0.21579272	0.27327555	0.20409644
0.21033846	-0.20620379	0.29170173	0.15276761	-0.26586056	0.25211722	-0.20346451	0.24751164	0.3229275	0.3042414	0.25319737	-0.22502111	0.11602128	0.25172257	0.20593524	0.24994282
-0.3487137	0.32193404	-0.34510374	-0.09485334	0.34104657	-0.35534373	0.2964191	-0.2901997	-0.32420436	-0.320061	-0.35431796	0.37321198	0.008844007	-0.32657948	-0.3686135	-0.30295816
0.07833243	-0.09074958	0.092734374	0.10732747	0.01028717	0.101450145	-0.15435451	0.065804064	0.1432665	0.11565187	0.09952903	-0.09430547	0.07807445	0.081893705	0.12867461	0.15556669
-0.16372086	0.09690041	-0.07667232	-0.029201899	0.1542571	-0.13534796	0.13418177	-0.10664217	-0.13725434	-0.08948905	-0.091487646	0.11099213	-0.028695142	-0.15440978	-0.16327779	-0.18835819
-0.062075574	0.02904951	0.014211297	0.06796572	0.01844802	-0.03811533	0.026148174	-0.043793242	-0.02952277	-0.035407923	-0.023445006	0.057313055	0.10170667	-0.04641097	0.039407063	-0.048000168
-0.17315193	0.09951988	-0.16623987	0.0849618	0.1818805	-0.16719295	0.10670785	-0.17837788	-0.095771685	-0.12163095	-0.18260199	0.18350278	0.16374657	-0.10569714	-0.071542524	-0.18261723
-0.18614218	0.14683846	-0.1764276	-0.08225956	0.13264333	-0.19064124	0.2370033	-0.17511606	-0.1488932	-0.14387654	-0.15033089	0.13783439	-0.16398273	-0.22322275	-0.17708978	-0.16575406
-0.17818847	0.15798496	-0.091798045	0.13100013	0.17149279	-0.22605406	0.12449326	-0.20677233	-0.19485243	-0.16539988	-0.20056604	0.21804851	0.21847388	-0.14564736	0.0032197586	-0.2027445
-0.01819714	-0.054175343	0.037161015	0.027392343	0.008692403	0.053661287	-0.028023724	0.008491951	0.05310802	0.01582472	0.056736033	0.0039213384	-0.007870447	-0.021397658	-0.029178765	0.040934738
-0.031005932	0.08876543	0.012516225	0.13053662	0.013003209	-0.07337965	0.022450788	-0.06256027	0.04012131	0.008019628	-0.07740471	-0.0010487166	0.18683349	-0.062131416	0.08809243	0.011871133
0.03303902	-0.022424534	-0.017879605	-0.004655819	0.007947517	0.0032148643	-0.037407275	-0.0607869	-0.011086847	0.021875283	-0.0073835	-0.01797912	-0.009319543	-0.014381199	-0.006980275	-0.055314362
-0.0013795276	0.08163424	-0.05295205	-0.0505731	0.03817419	0.02597971	0.031422067	-0.06669039	-0.07083298	-0.046032295	-0.026741711	-0.010683733	0.022381505	-0.007817105	-0.027606692	-0.05957931
-0.012022216	0.034007493	-0.016232343	0.054542087	0.011395787	-0.016059965	0.023017582	0.029351788	-0.0050705844	-0.000398242	-0.057958677	-0.0054374244	0.09908325	-0.05134926	-0.05385441	0.004182629
0.14241774	-0.18358853	0.22845966	0.052079245	-0.17233498	0.21106221	-0.16822863	0.13183321	0.18726058	0.21034269	0.15467192	-0.13033463	0.14585511	0.14236218	0.13656093	0.22066224
-0.2041425	0.16534443	-0.16554905	-0.06329841	0.1764128	-0.111523055	0.16129489	-0.13872392	-0.22833563	-0.146693	-0.1260982	0.22352678	-0.08583561	-0.18017484	-0.14998809	-0.19007024
-0.21381375	0.20076495	-0.20445494	0.104704775	0.2609261	-0.25977358	0.260856	-0.2199513	-0.25795645	-0.2591186	-0.2316426	0.18981326	0.12086224	-0.1994291	-0.26310927	-0.23137736
-0.08170021	0.0882949	-0.1286138	0.10098691	0.12859964	-0.12471083	0.12206297	-0.11909135	-0.061621882	-0.04517832	-0.13544042	0.11347923	0.067418955	-0.08870012	-0.020851811	-0.0989976
0.1448848	-0.19996351	0.21158698	0.080139175	0.01204579	0.14881939	-0.15350883	0.14272515	0.2096781	0.22736588	0.21809894	-0.16679943	0.17144395	0.20165272	0.18036896	0.1279903
-0.13334394	0.15397434	-0.119554274	0.14043467	0.17438273	-0.16526484	0.21479987	-0.20580404	-0.21064244	-0.16985244	-0.15982993	0.13666396	0.17798278	-0.19240342	-0.14843066	-0.23246562
-0.18863834	0.16230665	-0.16261026	0.18300115	0.13255936	-0.17870593	0.16402137	-0.13867177	-0.16150045	-0.080669604	-0.12352817	0.12324678	0.13033222	-0.14774536	-0.029344678	-0.20981836
-0.19574587	0.20216678	-0.17896694	0.10221253	0.1757067	-0.19568823	0.21381181	-0.18852381	-0.18773685	-0.13958195	-0.122896224	0.12089732	0.15757358	-0.1433972	-0.03080541	-0.23337428
0.16417067	-0.09640984	0.10078276	0.052672345	-0.13303085	0.16835424	-0.1305722	0.1355611	0.18387967	0.16452922	0.111077555	-0.13242376	0.056696232	0.10726511	0.15783808	0.09865891
-0.18188864	0.19050343	-0.1525591	0.23866026	0.20040849	-0.19431342	0.24271403	-0.23473763	-0.15271415	-0.10820616	-0.21856919	0.16050987	0.22274385	-0.20283066	0.110209554	-0.17518465
-0.11808597	0.14619249	-0.066571996	0.015415073	0.05873666	-0.13918963	0.06936458	-0.07127995	-0.09898037	-0.14677931	-0.12029159	0.15320837	0.024662405	-0.09357586	-0.079760335	-0.15549871
0.24414267	-0.28330767	0.2667343	0.12652515	-0.17471422	0.26147503	-0.3071883	0.21850228	0.27148008	0.31000322	0.34021705	-0.2993387	0.11231657	0.2379103	0.24723053	0.31116876
0.116674244	-0.07573346	0.13586466	0.14930019	0.02414752	0.09663627	-0.11621907	0.06651183	0.056746554	0.08986068	0.10986775	-0.058701362	0.04299707	0.13206634	0.12459524	0.14155833
0.04323465	0.041178584	-0.026785763	0.04290775	0.022022849	-0.04754499	-0.00808091	-0.014337461	0.0031755301	0.038156647	0.038583573	0.013295035	0.13469855	0.043428585	0.045043074	0.045225944
0.15582773	-0.14402011	0.20821387	0.10344101	-0.08781779	0.21165729	-0.15705237	0.1384272	0.2554286	0.19099589	0.2173309	-0.19611333	0.13771717	0.17219846	0.16567782	0.17272973
-0.18289417	0.22557956	-0.19345738	0.034400653	0.14755903	-0.17673595	0.18551525	-0.15933095	-0.15466651	-0.1684094	-0.23938775	0.20828204	0.12072988	-0.15763766	-0.18090546	-0.20429783
-0.047886353	0.07925746	-0.056031395	0.063083276	0.1320389	-0.05717264	0.06125589	-0.10966035	-0.057112582	-0.069560885	-0.038481805	0.120713085	0.043999232	-0.048916884	-0.07735509	-0.13844375
0.14824507	-0.10485723	0.12601566	0.15902989	0.08598731	0.08983462	-0.11868311	0.0728215	0.1337053	0.109057	0.1826055	-0.1314613	0.08080514	0.12164622	0.1690042	0.1227622
0.27618006	-0.27780184	0.26653108	0.13387124	-0.26348814	0.21178135	-0.20283379	0.26469922	0.2470308	0.2033115	0.21165355	-0.27796564	0.10433652	0.2593667	0.25216442	0.20409316
0.29541025	-0.20284069	0.2685767	0.12441324	-0.19680612	0.19834842	-0.2845084	0.2541251	0.29751605	0.22987087	0.3048433	-0.23907328	0.10375126	0.23064668	0.23203813	0.23818922
0.063864365	-0.008978088	0.02067985	-0.000663374	0.03849694	0.053253524	-0.007372898	0.0546856	0.057751082	-0.043046307	0.023237875	-0.025665184	-0.06597728	0.04381873	-0.009859129	0.019111227
0.26547202	-0.26050004	0.32878613	0.1518787	-0.15529935	0.23033887	-0.2804435	0.27099928	0.27330646	0.3027242	0.33839324	-0.27698916	0.21353222	0.27063683	0.31326917	0.24280961
0.07989625	-0.03290758	0.0073820273	0.12909022	0.023683261	-0.023918498	-0.030895676	0.0061750263	0.090495184	0.0038559313	-0.0035956297	0.006636645	0.04776477	0.08298006	0.08511279	0.042814262
0.17233443	-0.08484349	0.106294595	0.07301678	-0.072843336	0.104813	-0.12277725	0.10378383	0.14978956	0.12869374	0.110455975	-0.18655764	0.11793001	0.16833468	0.13848197	0.14587446
0.14738399	-0.14547195	0.21454819	0.112891205	-0.16668156	0.18432663	-0.20615432	0.15857615	0.22203888	0.24231026	0.17543738	-0.23971307	0.12087232	0.1973748	0.17324588	0.23329957
0.10194994	-0.13829574	0.15607108	0.01817736	-0.068953276	0.08463287	-0.085449986	0.1161515	0.17999971	0.15840597	0.07815514	-0.10465506	0.08611139	0.13103467	0.08554439	0.10434595
0.043787096	-0.09336546	0.044350132	0.02269464	-0.0074678124	0.0530038	-0.039557073	0.0330421	0.07546791	0.09881971	0.088122554	-0.07025943	0.1203858	0.032919142	0.044036485	0.13716426
-0.15156081	0.19537961	-0.2027541	-0.09709748	0.17846715	-0.1494338	0.18472236	-0.15846913	-0.22287214	-0.22530141	-0.21386375	0.20191538	-0.07568394	-0.15331565	-0.16856498	-0.18182757
0.15093064	-0.15111522	0.24543677	0.0637689	-0.20594263	0.23201324	-0.15881704	0.1547935	0.2403562	0.23376592	0.24078272	-0.21196894	0.07464153	0.22085793	0.21681274	0.14407767
-0.19500181	0.1807014	-0.17643186	0.09808497	0.17988741	-0.22564116	0.13736388	-0.13985595	-0.14936276	-0.11525941	-0.19398753	0.20007615	0.20945211	-0.16580832	-0.10755996	-0.16379645
0.10546333	-0.17924125	0.18404226	0.1022191	0.09637836	0.08356383	-0.16921972	0.05333137	0.1379928	0.10831868	0.12763534	-0.18407212	0.18185523	0.1305667	0.09811024	0.18735732
0.11657722	-0.1623394	0.15667117	0.065327354	-0.18752332	0.1094074	-0.14043145	0.12265391	0.1859471	0.13029602	0.11020256	-0.1782463	0.06468638	0.1548599	0.09506381	0.13694143
0.18094334	-0.1666732	0.16787179	0.14656065	0.04333492	0.12321619	-0.1748508	0.0993243	0.16503765	0.2259273	0.16431865	-0.18891414	0.17260078	0.13224305	0.14840609	0.19894543
-0.04058361	0.032259565	-0.009338955	0.15829669	0.08480244	-0.12278967	0.12648761	-0.049623404	-0.010239495	0.008364267	-0.0036045255	0.07573509	0.20111483	-0.09083837	0.015517396	-0.043891676
-0.29145747	0.27825433	-0.29191646	0.08734455	0.25645438	-0.3160852	0.28037527	-0.29821602	-0.28312576	-0.22618777	-0.25284222	0.31157252	0.0858963	-0.31220177	-0.22856411	-0.3427465
-0.15941769	0.2212527	-0.22064817	-0.066541165	0.09915351	-0.114448	0.12564796	-0.13329735	-0.24643348	-0.16316307	-0.16148302	0.20308916	-0.082933016	-0.15094246	-0.19660036	-0.12302004
-0.079528674	0.113438256	-0.078011	-0.06534944	0.14681892	-0.11473509	0.06965246	-0.11199194	-0.079074204	-0.13255855	-0.11957333	0.12715705	-0.064420104	-0.0952727	-0.13752523	-0.1347297
0.19773342	-0.19682589	0.17580312	0.13052389	-0.10809077	0.1654145	-0.13985541	0.18965115	0.23257892	0.22571059	0.19236933	-0.14399908	0.17348848	0.15283015	0.16927223	0.13489413
-0.057230137	0.09568421	-0.033946782	0.15055004	0.15272844	-0.14706416	0.12216898	-0.13996762	-0.017712954	0.017940214	-0.09603005	0.015237625	0.16046694	-0.034911364	0.09181973	-0.07651591
0.33186033	-0.31905353	0.3306253	0.13074304	-0.28224155	0.24789993	-0.22537565	0.264652	0.27017298	0.2746724	0.27348876	-0.26964188	0.21016593	0.30553585	0.25789356	0.31551987
-0.031660136	0.034920968	-0.10865602	0.0878584	0.095328644	-0.12148698	0.08841614	-0.0924286	-0.08451641	-0.057577305	-0.040733796	0.08638535	0.1069612	-0.05626023	-0.091105714	-0.06289676
0.01805703	0.032919098	0.017073173	0.14059344	0.09512794	-0.014367454	0.056555606	-0.01638006	-0.017421462	0.018543208	-0.059418373	-0.036512703	0.23747562	-0.07132603	0.020767083	-0.075545646
-0.17907457	0.22776406	-0.22051492	0.08451905	0.19166961	-0.21678776	0.27043012	-0.26639628	-0.18909468	-0.18006323	-0.25232115	0.25683212	0.16545616	-0.21802717	-0.21316627	-0.20846424
-0.22200245	0.17940296	-0.17262496	0.11387477	0.22402565	-0.21729007	0.14066726	-0.23958467	-0.2188712	-0.14985566	-0.21754566	0.14731896	0.10092424	-0.23257267	-0.20475507	-0.20975405
-0.118530475	0.10561991	-0.1127863	0.1412837	0.14882931	-0.20237081	0.12899567	-0.1387812	-0.08951753	-0.09423402	-0.10361277	0.14838538	0.078991175	-0.106911644	0.0682887	-0.15611854
-0.02737063	0.025191607	0.05396003	0.17155284	0.11901432	-0.01023567	0.05170082	-0.09370277	0.076090634	0.02756399	0.011834452	-0.051919267	0.20779142	-0.028307002	0.16282018	-0.07215999
-0.2688949	0.25794852	-0.2939596	0.04508403	0.21929492	-0.31066772	0.24259359	-0.23879403	-0.2618661	-0.19464102	-0.2637692	0.23921235	0.14659768	-0.30777714	-0.14615923	-0.304404
-0.19800076	0.29677135	-0.20531379	0.061906684	0.28199387	-0.25476336	0.26278815	-0.24446371	-0.29088864	-0.2865057	-0.25560254	0.24385722	0.065321706	-0.29148892	-0.23629084	-0.30409434
0.017803287	-0.07682473	0.09303145	0.056320686	-0.017794423	0.04575709	-0.08734881	0.06515302	0.02014811	0.03739471	0.092362836	-0.116915755	0.1331983	0.08545491	0.09626219	0.0240548
-0.09800057	0.020422906	-0.07983424	0.0016034794	0.06383977	-0.08209514	0.04582539	-0.033574298	-0.011320675	-0.098568395	-0.026963895	0.11372549	-0.043231707	-0.110488996	-0.02841174	-0.12579091
0.07198296	-0.052572217	0.092776656	0.08325626	-0.07022437	0.04068442	-0.07162651	0.11956444	0.09763962	0.08767634	0.08119973	-0.08969061	0.13248496	0.083530664	0.08890519	0.09824641
-0.16495551	0.11905966	-0.064192235	0.04247731	0.10140559	-0.17592445	0.15267137	-0.116739124	-0.13202	-0.09068813	-0.074054025	0.16582608	-0.015855784	-0.09376363	-0.12747857	-0.09854556
0.11900059	-0.079935454	0.13941272	0.09578191	-0.066260636	0.11222958	-0.055682216	0.104903735	0.10489763	0.15001687	0.046909295	-0.15623452	0.13513839	0.13625126	0.07380702	0.043110345
0.20672712	-0.1842094	0.20437478	0.075994745	-0.11555037	0.13954493	-0.16218102	0.13166897	0.2390411	0.135083	0.1565174	-0.21762323	0.15061666	0.20888877	0.187445	0.15162711
0.09595896	-0.07011398	0.16099632	0.13593327	-0.05750014	0.06285402	-0.13667305	0.13364537	0.21492441	0.17550346	0.078097746	-0.09444259	0.17212272	0.14033003	0.10723666	0.11496216
-0.16341001	0.13676226	-0.1359998	0.12959792	0.11677148	-0.1331473	0.15251844	-0.16011716	-0.16557571	-0.05695298	-0.105845235	0.17659198	0.085539274	-0.15393169	0.07183074	-0.20979509
-0.18550561	0.16651793	-0.20971034	0.04633956	0.17211096	-0.1774154	0.18358552	-0.20671064	-0.1972669	-0.16315143	-0.2063922	0.2145857	0.12867463	-0.13173908	-0.17714576	-0.13754684
0.004277036	0.0030064746	0.022503467	0.110575154	0.13783598	-0.1255328	0.04653258	-0.03311971	-0.022140585	0.0345032	-0.03991655	0.037129678	0.16196434	-0.094554015	0.033272807	-0.040142152
-0.24526674	0.22412296	-0.17967978	0.11334919	0.13536254	-0.22015977	0.22016641	-0.21082011	-0.26965845	-0.23759016	-0.19370694	0.21158531	0.12220911	-0.25062108	-0.17414662	-0.24110965
0.047961425	-0.048212685	0.03040829	0.007465601	-0.033463944	0.046383712	0.04364332	0.046717826	-0.04346595	0.047893498	0.02077942	0.010336518	-0.024236012	-0.047453668	0.014534999	-0.0462911
-0.19107771	0.22552234	-0.12297193	0.1024381	0.1679345	-0.14965445	0.16275686	-0.22361887	-0.12890728	-0.18904944	-0.21461393	0.16585596	0.060192876	-0.24762553	-0.052475553	-0.25243118
0.15905918	-0.15680084	0.096516274	0.13646084	0.082116276	0.07923321	-0.13449194	0.08052389	0.16427752	0.1397029	0.1551519	-0.110558175	0.17591527	0.18113223	0.1287898	0.08484431
0.15307645	-0.08592479	0.06838639	0.07726671	-0.08490884	0.10975841	-0.14208302	0.07129053	0.0778322	0.09835616	0.15461305	-0.11884432	0.09423864	0.071386784	0.11587043	0.05559012
0.24584478	-0.2217351	0.19159922	0.14912239	-0.12570101	0.26449424	-0.19744164	0.25454235	0.2808045	0.28567156	0.27736646	-0.25471127	0.13367105	0.25478005	0.16957659	0.2535417
0.26514375	-0.23207483	0.28130856	0.06743641	-0.15464365	0.22239523	-0.1829356	0.23172292	0.27556235	0.29011756	0.21069095	-0.22367255	0.055561975	0.21216287	0.248593	0.21145494
-0.08218604	0.085066676	-0.07928855	0.09802665	0.17004941	-0.15685457	0.13356909	-0.07854363	-0.04311526	-0.086091764	-0.1103781	0.095566146	0.122003525	-0.108100556	-0.046524905	-0.106863275
-0.1430775	0.21031144	-0.098598644	0.05911617	0.14568318	-0.15165645	0.106183685	-0.13749231	-0.13436459	-0.081589125	-0.20790797	0.22204702	0.18116045	-0.13968886	-0.061608374	-0.17133059
0.1299294	-0.05011267	0.10421642	0.094512396	0.08377318	0.046031795	-0.060011484	0.09533496	0.10355875	0.12657666	0.08595942	-0.05676723	0.07212104	0.105152786	0.044730846	0.0990244
-0.2041308	0.2517822	-0.17839311	-0.031271446	0.29977873	-0.21307926	0.21588367	-0.22862098	-0.23134951	-0.18073063	-0.23251736	0.24115686	0.06244	-0.23203233	-0.17360818	-0.20335686
0.33135918	-0.35385135	0.34545156	0.18682493	-0.2533715	0.33574703	-0.34774777	0.2754647	0.39852482	0.3611529	0.32241774	-0.35875088	0.17950164	0.33783966	0.3011376	0.35287002
0.01573639	0.01911166	-0.0033058524	0.029381622	0.028821532	0.016746428	0.035495188	0.032242443	0.00037537888	-0.021096457	-0.027549183	0.02677485	0.026039425	0.028388228	0.0035392046	-0.011523806
0.046981327	-0.07016884	-0.0053519597	-0.012304734	0.0020717373	0.0068887584	-0.06119037	0.040813863	-0.027796283	0.060520988	0.06256732	0.01639519	-0.011370253	0.002243813	-0.0073883976	0.0571767
-0.19587404	0.17314525	-0.20475918	0.104851335	0.19769472	-0.26026383	0.19597542	-0.18740614	-0.21747863	-0.19782849	-0.1873405	0.2085443	0.12367044	-0.2607208	-0.095241606	-0.2941853
-0.12430818	0.14880043	-0.19008362	0.09476985	0.17886814	-0.14299592	0.21627101	-0.17204598	-0.18073379	-0.1512772	-0.2174339	0.1662297	0.117964216	-0.13685593	-0.18593344	-0.19202128
0.13916163	-0.12526986	0.10558484	0.11274967	-0.051007655	0.05087533	-0.117927335	0.052550785	0.09054106	0.09342222	0.0710563	-0.059263855	0.07050118	0.065668106	0.061623782	0.123369485
-0.24253915	0.27176225	-0.1868871	0.17828394	0.15302481	-0.12901196	0.17901006	-0.21569578	-0.2330821	-0.22262259	-0.29003745	0.2585836	0.19914693	-0.23467231	-0.09273094	-0.21291783
-0.0602115	0.114938244	-0.07049065	0.027452594	0.107788004	-0.068371505	0.08758499	-0.1319995	-0.033238474	-0.05329367	-0.09584035	0.03720468	0.051265396	-0.12151669	-0.014132436	-0.042738974
0.12445072	-0.13597119	0.21079408	0.13348758	-0.1863833	0.15423137	-0.14501189	0.21238543	0.16522841	0.15860257	0.1251949	-0.21199827	0.10494694	0.21986577	0.21361487	0.14343917
-0.20554389	0.25799376	-0.19268598	-0.19475976	0.18182296	-0.27230772	0.2706085	-0.20456606	-0.2824509	-0.21833454	-0.25103953	0.19927025	-0.08537661	-0.23407277	-0.26085728	-0.21830988
-0.14604971	0.16395335	-0.15904789	-0.14523935	0.12935594	-0.23115991	0.12960728	-0.18878447	-0.1662535	-0.13070345	-0.1400649	0.15621182	-0.13293101	-0.1388604	-0.20426989	-0.2109832
-0.19035631	0.15500173	-0.17668967	-0.1528816	0.1379955	-0.17383352	0.2398691	-0.22791255	-0.2182241	-0.20830628	-0.24509977	0.21444046	-0.07869335	-0.16538745	-0.22633542	-0.18598256
-0.057147108	0.010614865	-0.05391713	0.14329794	0.092707776	-0.09302038	0.09255844	-0.10990324	0.010377415	-0.017136158	-0.016080434	0.04454261	0.19172798	-0.0137616955	0.033485595	-0.088096626
-0.11866264	0.13203882	-0.182767	-0.062085345	0.15555716	-0.1804057	0.17292796	-0.13254142	-0.14414497	-0.1219466	-0.16384952	0.12582825	-0.065453604	-0.1095133	-0.13147579	-0.12664415
-0.3009747	0.23182072	-0.2767337	0.034917306	0.19828601	-0.24723084	0.2199831	-0.21662185	-0.2542074	-0.19993661	-0.3070123	0.21948597	0.074274674	-0.27704734	-0.21369267	-0.23837116
-0.24138132	0.2238686	-0.1576043	0.02052379	0.24793328	-0.22988372	0.22366703	-0.24725054	-0.21660005	-0.2066372	-0.1774768	0.22069906	0.036840588	-0.2182125	-0.23611659	-0.21491748
-0.23231685	0.14459565	-0.16900343	-0.0941484	0.21006472	-0.19259028	0.18696314	-0.19509222	-0.20327583	-0.18261044	-0.21520606	0.23680201	-0.05320302	-0.2480721	-0.237273	-0.17867196
-0.2502848	0.24016564	-0.26333186	0.07336403	0.25366008	-0.32245728	0.22715817	-0.28977278	-0.32015508	-0.23478402	-0.21880428	0.21021338	0.18382876	-0.2668751	-0.178167	-0.25040412
0.1434252	-0.15245423	0.069180384	0.033931527	-0.13051249	0.13288777	-0.11315578	0.093459256	0.08337855	0.13479044	0.08371108	-0.122134	0.039755072	0.06578371	0.052991617	0.097556345
-0.07360204	0.15454312	-0.11512074	0.059022665	0.12500651	-0.1473577	0.13419746	-0.12630908	-0.1488989	-0.101436235	-0.07712991	0.14609303	0.062087394	-0.16072708	0.0014110848	-0.1341636
-0.11292568	0.12120241	-0.07582309	0.113583535	0.19788116	-0.21721473	0.17870288	-0.21083371	-0.12115709	-0.09406855	-0.104925245	0.14889862	0.06460069	-0.18539545	-0.10376109	-0.18480162
0.08915854	-0.16651104	0.16917148	0.1491137	-0.0825977	0.15335183	-0.14687017	0.11035915	0.20972034	0.20634925	0.180479	-0.12901479	0.18985812	0.081930615	0.20385633	0.08217458
0.18811364	-0.24501596	0.21465133	0.07511648	-0.2452481	0.25650397	-0.22340126	0.26167223	0.21839066	0.243028	0.2636933	-0.23900808	0.13873462	0.24664831	0.2730884	0.2768502
0.013750928	-0.046386108	-0.02487415	-0.05466591	-0.012145947	0.034449957	0.031817306	0.05083627	-0.065929085	-0.043792114	-0.03228616	-0.03218172	-0.078040905	0.0039652707	0.007113953	0.047726806
0.13931242	-0.19839019	0.19069862	0.07720407	-0.17680031	0.19903348	-0.18263452	0.16187704	0.2437203	0.1580515	0.18864937	-0.22140719	0.11530127	0.15756567	0.17686665	0.22243163
0.1450222	-0.084478855	0.12330032	0.057246998	-0.09016056	0.13894185	-0.1630437	0.12714303	0.104177125	0.058003686	0.13759136	-0.11540333	0.047943614	0.12292186	0.09669499	0.16992483
-0.007227333	0.0030226128	-0.05119516	0.12622231	0.016667867	0.011608132	0.019559816	0.00014511828	0.013856816	-0.032001372	-0.005906529	0.033618692	0.14931728	-0.04190062	-0.0075586485	-0.073920764
-0.1532122	0.17478319	-0.12685223	0.07325695	0.20646352	-0.17737733	0.15646282	-0.16615734	-0.19849756	-0.18893702	-0.21604457	0.15246944	0.0762525	-0.14055683	-0.12892823	-0.2141594
-0.2050791	0.17245643	-0.20185113	0.15872239	0.14968142	-0.2298342	0.16347277	-0.2128366	-0.20030096	-0.06652813	-0.19699153	0.18658502	0.23197493	-0.22977605	-0.08333835	-0.21938126
-0.1780205	0.17564394	-0.12715472	0.015172864	0.2220825	-0.1783606	0.14900842	-0.12843981	-0.19270922	-0.11520961	-0.12843141	0.19856037	0.06659615	-0.11556868	-0.10960197	-0.13922827
0.14376055	-0.15592873	0.16658421	0.12568046	-0.23604813	0.20146973	-0.15756226	0.13621823	0.18389496	0.17607382	0.20837817	-0.21414661	0.12584543	0.16511698	0.2127779	0.16593866
0.122811176	-0.18651423	0.16110776	0.08383181	0.104638785	0.10352284	-0.15854397	0.13940373	0.1709008	0.1321559	0.12564173	-0.17613418	0.12302117	0.14036003	0.1765994	0.17211755
0.18096569	-0.17590436	0.13479224	0.15471603	0.03215082	0.15773709	-0.16679263	0.07111418	0.21330854	0.18899304	0.22148931	-0.1334084	0.13483167	0.14395925	0.12851088	0.13087045
0.097152986	-0.11174779	0.11928622	0.10989448	0.03689539	0.113955535	-0.06641596	0.0769383	0.17188258	0.15537791	0.14197676	-0.17720126	0.1331817	0.10731506	0.11929889	0.09611839
0.036571298	-0.02275144	-0.0043512583	0.025166992	0.0005790368	0.033146683	0.021703865	0.023911547	0.00039125606	-0.0146744475	0.022808407	-0.025474418	-0.0030664094	-0.03415667	-0.029638696	0.01746707
0.06369906	-0.057727873	0.12652144	0.13708133	0.05393196	0.12245217	-0.10061283	0.09810953	0.1504899	0.13479275	0.12217745	-0.10041545	0.13693361	0.068563014	0.12884362	0.08124779
0.09581285	-0.08192982	0.15778229	0.09478279	0.021917682	0.057092424	-0.07695413	0.09661536	0.12995942	0.15522134	0.08890125	-0.124960706	0.0765036	0.14790554	0.115002416	0.1294236
0.19346724	-0.20472294	0.19646004	0.15446824	0.018749107	0.16681364	-0.123914346	0.11486979	0.2271444	0.14509198	0.20537437	-0.20248345	0.1526699	0.20186408	0.18863402	0.15235178
0.1365889	-0.08999956	0.17763282	0.0567981	-0.048770163	0.077430725	-0.13440801	0.14882824	0.11928028	0.1142806	0.106104866	-0.14701381	0.078784056	0.16523044	0.08803178	0.101767644
-0.03179809	-0.0058157514	0.03429496	0.100185305	0.1603429	-0.09187303	0.01980479	-0.050737295	0.12338922	0.069945164	0.04958678	-0.010781944	0.19030294	0.02893767	0.10202599	-0.065015845
0.08186991	-0.09837712	0.070933424	0.06803414	-0.0026753414	0.04271621	-0.116496995	0.09154319	0.124701016	0.14876747	0.078958735	-0.16914663	0.08536512	0.07146519	0.13499106	0.15863277
-0.044371165	0.014642868	0.039903495	0.014211778	0.009510387	-0.006532885	0.019123647	0.039735127	-0.04695809	0.009982407	-0.04267769	0.015925262	0.001057256	0.037698153	0.012270309	0.004476536
0.0066049127	0.018328743	0.023186892	0.12740512	0.11415272	-0.09307652	0.09691415	-0.112598896	-0.016394185	-0.028708199	-0.0687941	0.031520706	0.10783691	-0.07909012	0.04616127	-0.07475476
-0.118080944	0.12520365	-0.10548529	0.086038716	0.13758366	-0.15086581	0.101457916	-0.11437648	-0.05111457	-0.055783104	-0.06389733	0.09986222	0.02983971	-0.059610818	-0.05641985	-0.18196556
0.20728034	-0.20905723	0.16612567	0.13247652	-0.16701153	0.1562548	-0.22213857	0.19730246	0.1643747	0.14133155	0.14445272	-0.15802896	0.14852795	0.19457795	0.2239078	0.16956733
0.23751079	-0.15681037	0.22255497	0.18895468	-0.20700896	0.26872805	-0.1658689	0.24684756	0.24587478	0.22098117	0.17826194	-0.22109795	0.10882871	0.1661352	0.23865643	0.23325194
-0.14616053	0.1350711	-0.17310706	0.026590457	0.21695815	-0.2070407	0.11539186	-0.16389534	-0.08994523	-0.106947854	-0.18849151	0.13757478	0.06115334	-0.19848752	-0.11086516	-0.18545246
0.07616364	-0.15898208	0.09128176	0.13214393	0.029278297	0.15743376	-0.08692687	0.13285147	0.09983409	0.09681708	0.12897766	-0.092714176	0.06240669	0.08138033	0.07499298	0.12079345
-0.07800024	0.006849266	-0.023348367	0.11895107	0.11095277	-0.07024995	0.08363158	-0.081347875	0.003539371	-0.08010808	-0.10467995	0.07801917	0.18990965	-0.067745335	-0.018194003	-0.08886163
0.123822495	-0.13826238	0.17026165	0.128683	-0.06650471	0.16403669	-0.14470565	0.12392715	0.18215021	0.1578134	0.1493831	-0.19678578	0.08141607	0.16320378	0.20574512	0.13591984
0.14858453	-0.11062148	0.16070342	0.064907335	-0.028724002	0.07808706	-0.14615172	0.1045156	0.14422487	0.11144324	0.1834749	-0.13443114	0.13792293	0.12073314	0.13970765	0.15895285
-0.020513514	0.009788257	0.034984715	0.029980281	0.00094494637	0.09470128	-0.038111247	0.091649346	0.03380983	0.049173538	-0.0015370805	0.004189643	0.08819208	-0.021212671	-0.031218316	0.07940215
-0.030534443	0.063885614	-0.042873476	0.011338986	0.0908534	-0.07724971	0.07136591	-0.09977163	-0.03807053	-0.018656896	-0.096212454	0.1051038	-0.08801252	-0.08009552	-0.057490405	-0.02249757
-0.08146728	0.15565565	-0.05804411	0.01344583	0.21113582	-0.12347555	0.19327024	-0.13249731	-0.07710735	-0.13405913	-0.06559133	0.15677245	0.11282467	-0.15872642	-0.088610455	-0.12856972
0.010023057	-0.0083614215	0.007894516	-0.03031888	-0.045606744	-0.022339666	-0.01170063	-0.0061451085	0.033104908	0.02267382	0.016517352	0.016090456	-0.028193284	-0.04336027	-0.034620393	-0.021615231
0.15960217	-0.22674644	0.26628062	0.15257405	-0.19777255	0.18110657	-0.17933153	0.18503167	0.17543037	0.2500103	0.18442973	-0.16416153	0.07919347	0.17978705	0.19882993	0.24886942
-0.01823362	-0.025176108	0.009032059	0.027492847	0.013913725	0.032662783	-0.040060997	-0.034203902	-0.027290022	0.0070673227	0.044876684	-0.025682021	0.00041482598	0.046477724	0.002702333	2.1599233e-05
-0.14111404	0.18519302	-0.07548479	0.12209496	0.16657785	-0.16535188	0.18207368	-0.21101905	-0.067208104	-0.038866855	-0.22476433	0.13598143	0.17643794	-0.21582961	-0.0027065964	-0.15038432
-0.105667636	0.16064325	-0.09795163	0.17269039	0.21162933	-0.22983797	0.21530259	-0.14442503	-0.15432444	-0.10576622	-0.20105594	0.13246381	0.23203424	-0.2014988	0.013301083	-0.17110379
-0.025221944	-0.026222838	0.04020459	-0.0033663735	-0.049834695	0.026492406	-0.035655715	-1.2040138e-05	-0.03439202	0.040552925	0.023996267	0.03765099	0.0032116175	-0.012548171	-0.033405147	-0.034833133
-0.24041638	0.2919348	-0.24778715	-0.033445586	0.23224673	-0.22145759	0.20942882	-0.2575767	-0.2712101	-0.2582799	-0.2541277	0.22171916	0.06129217	-0.19986182	-0.17169492	-0.2686741
-0.10769285	0.062479258	-0.039329838	0.038137194	0.16455333	-0.20791669	0.13165978	-0.105660304	-0.10791205	-0.019895745	-0.105408706	0.11176406	0.10729625	-0.10286992	-0.06487447	-0.18783435
0.22082129	-0.17750542	0.20692423	0.110028625	-0.064183384	0.18534915	-0.18419252	0.15256251	0.21015018	0.17524076	0.1789886	-0.21582189	0.16993418	0.14385873	0.21934308	0.13512842
0.18688475	-0.18672346	0.16444771	0.12696087	-0.071476914	0.21261518	-0.16244106	0.1334256	0.20663472	0.18090348	0.13746235	-0.115359776	0.12879162	0.18758841	0.16148767	0.15757218
0.025985984	-0.047507074	0.07080979	0.09513814	-0.055686686	0.041399553	-0.11634369	0.042461768	0.10047385	0.088290125	0.110736586	-0.048430063	0.14548315	0.09390989	0.04589718	0.03974242
-0.036117125	0.0050850883	-0.017776608	0.015033726	0.0070173517	0.018074896	0.0075603127	-0.020553816	-0.020705903	-0.0445472	0.029994134	0.008061372	0.03712446	0.033270244	0.018305484	0.045705866
0.054405905	0.01292223	-0.011137966	0.10889311	0.04584032	0.022092834	0.026848253	0.0068681845	-0.008366743	-0.020641292	-0.012233804	-0.0024398118	0.118204094	-0.02982228	0.02551251	-0.0119259115
-0.2481533	0.1866369	-0.14093843	0.12161682	0.1774906	-0.17645244	0.2077388	-0.20489733	-0.22582152	-0.12123931	-0.25711027	0.18169647	0.111216545	-0.1586733	-0.095692545	-0.21140054
-0.21728888	0.1878564	-0.17444266	0.11460715	0.12660286	-0.2069608	0.23320146	-0.22208858	-0.13887365	-0.105966926	-0.2071299	0.18089828	0.05896627	-0.1538264	-0.12052627	-0.2018494
-0.14740075	0.15427992	-0.14406592	0.03536109	0.14037444	-0.20724271	0.17694965	-0.1517809	-0.094602354	-0.12435727	-0.09406104	0.14920312	0.05412341	-0.18549879	-0.090638824	-0.16603906
0.08154167	-0.098754905	0.13219346	0.19515291	0.06861042	0.034313526	-0.024222577	-0.031962804	0.1622081	0.17047852	0.015426892	-0.07697254	0.14729774	0.074110605	0.1438598	0.060979787
-0.089916095	0.1311315	-0.11652364	0.18085624	0.12728713	-0.19209969	0.101877734	-0.18430233	-0.08673849	-0.031217523	-0.14353013	0.15645562	0.2071395	-0.16541816	0.04402186	-0.12590384
0.19933522	-0.12844723	0.19669405	0.05461835	-0.19328316	0.15950769	-0.15305851	0.21624446	0.21458744	0.18136388	0.19743535	-0.15594587	0.07185541	0.2262656	0.1613308	0.14433274
-0.17013279	0.23311779	-0.13567907	-0.07989583	0.20794366	-0.15315488	0.17474125	-0.21500424	-0.18745856	-0.15641096	-0.18246295	0.18422529	-0.09847381	-0.19624276	-0.200265	-0.17992957
0.017156336	0.021424953	-0.022806037	0.01968285	-0.04338516	0.04169405	0.0377396	0.012378085	0.0007040724	-0.027183224	-0.032148384	0.027556669	-0.021817446	0.015389349	-0.0013710856	-0.026926208
-0.122962944	0.18699172	-0.123837024	0.16867812	0.22419044	-0.16953702	0.117897235	-0.12560534	-0.12237579	-0.08281414	-0.16088545	0.19269073	0.107430525	-0.15717697	-0.073586546	-0.19852327
-0.16688204	0.1502228	-0.07603939	0.080663145	0.11325324	-0.08905661	0.14019014	-0.12780969	-0.17153779	-0.07421878	-0.12078771	0.10406448	0.15638724	-0.14655586	-0.016199142	-0.17514443
-0.1306497	0.1460708	-0.15092114	0.020157194	0.20367709	-0.20449309	0.114548355	-0.12644187	-0.18137465	-0.12921016	-0.100964524	0.1780449	0.045914467	-0.1121999	-0.11322024	-0.21031237
-0.05414527	0.11608357	-0.04052088	0.13723534	0.1908273	-0.16556668	0.10739962	-0.19201319	-0.07245256	-0.0066835782	-0.14027767	0.11265289	0.15394698	-0.1419782	0.076005876	-0.12369171
0.07528462	-0.07034241	0.12283174	0.11229106	0.05180305	0.019734802	-0.07499727	0.089638546	0.11933426	0.089171015	0.11138545	-0.061844043	0.112426326	0.0748691	0.13251981	0.08398553
0.11621912	-0.13847287	0.09223349	-0.005564547	-0.08335556	0.17852718	-0.079583414	0.09102901	0.15726322	0.13343799	0.110420346	-0.1820226	0.061721887	0.115233414	0.15432882	0.17471083
-0.084669665	0.05786995	-0.046704117	0.074695714	0.14352213	-0.06494212	0.0529775	-0.077760205	-0.14258833	-0.09054923	-0.090537205	0.122428	0.0913548	-0.09133612	-0.020377483	-0.08478379
0.2769618	-0.22161846	0.268022	0.14371976	-0.22593991	0.20950969	-0.19571467	0.24441135	0.2203883	0.2821447	0.1920442	-0.20814462	0.14785597	0.25577235	0.25725883	0.18413699
0.12161915	-0.11609771	0.16457722	0.08109471	-0.11455629	0.1470957	-0.14992377	0.18248132	0.17007867	0.13057682	0.10915927	-0.1743167	0.05833705	0.17843339	0.15712917	0.15350956
0.043615635	0.0013721864	0.12591267	0.11094066	0.070958644	0.05605454	0.02872846	-0.01082696	0.10538221	0.1568659	0.039075103	-0.04634593	0.13080603	-0.01256934	0.1899289	-0.038315427
-0.057458285	0.010669451	-0.035845794	-0.0024816513	0.030738505	-0.009919474	0.047383334	-0.09225574	-0.07588037	-0.04198332	-0.009373979	0.08527183	-0.022407264	-0.06652502	-0.011076833	-0.021563848
0.09716223	-0.12285318	0.089322954	0.08482605	-0.116503805	0.14549747	-0.15124509	0.16767024	0.18473525	0.1814916	0.10893428	-0.108584575	0.017727442	0.1770005	0.095689155	0.1455433
0.23986693	-0.2610704	0.30895582	0.17035514	-0.2383731	0.23651117	-0.28934413	0.2801579	0.30897838	0.23213089	0.29575878	-0.27338564	0.15693526	0.24405347	0.22345038	0.29967868
-0.17220859	0.1884211	-0.19539781	-0.17520955	0.21378331	-0.23365684	0.15748335	-0.23563737	-0.22199853	-0.20473638	-0.22834495	0.18760943	-0.1573864	-0.23373443	-0.19258784	-0.18815692
-0.059113458	0.08899788	-0.10640322	0.1315429	0.15451421	-0.15123065	0.09223416	-0.08461461	-0.14034386	-0.06628329	-0.1129926	0.13868025	0.14834653	-0.1340675	-0.061075997	-0.15870598
-0.2436163	0.20487058	-0.25425434	-0.06776166	0.12820284	-0.16110525	0.15349735	-0.15729669	-0.20622768	-0.24746391	-0.22657874	0.21133873	0.027341593	-0.23789616	-0.16647047	-0.16193296
0.11696976	-0.16593885	0.18497503	0.0525587	-0.15130246	0.16565494	-0.18124968	0.13303848	0.15849178	0.17669894	0.12967706	-0.14474031	0.09172757	0.16399372	0.13188304	0.15420157
-0.32146284	0.31867787	-0.34632656	-0.21973093	0.32084143	-0.29955184	0.26857796	-0.33781743	-0.3282922	-0.30893487	-0.28605846	0.336202	-0.13449243	-0.27184176	-0.2606696	-0.267369
-0.18247618	0.21897168	-0.23273855	0.035791956	0.1956064	-0.16664517	0.2086335	-0.24629405	-0.16332911	-0.13332781	-0.20848612	0.24572046	0.031537812	-0.17917004	-0.13775234	-0.2243543
-0.21310869	0.1441999	-0.23328868	-0.0013166349	0.20362543	-0.20436248	0.23302306	-0.16497283	-0.2377572	-0.16928154	-0.15923557	0.18410653	-0.052887008	-0.16868368	-0.18150575	-0.21313842
-0.08668948	0.13320495	-0.09491361	0.060450505	0.09868903	-0.15515926	0.10765258	-0.062932484	-0.073131904	-0.06507303	-0.09122023	0.07866064	0.08431829	-0.072933	-0.018840276	-0.1499466
0.2578224	-0.2420361	0.23670739	0.09355687	-0.13187908	0.18351679	-0.2379477	0.2017975	0.2295361	0.25475127	0.23174384	-0.1735168	0.14797771	0.20405343	0.20232026	0.16826071
0.16357456	-0.09199699	0.13514416	0.14651886	0.06621784	0.13224757	-0.09956645	0.12347633	0.15543552	0.16379112	0.11008443	-0.16496868	0.06707241	0.17445023	0.1437051	0.17203481
0.13573377	-0.09402521	0.092035964	0.093609266	0.027502097	0.14917974	-0.1016921	0.09908405	0.13689293	0.16319844	0.076253004	-0.101303644	0.16606182	0.09171332	0.15443249	0.092712276
-0.040416602	0.049504366	-0.01951406	0.06360727	0.12181198	-0.07275655	0.0272311	-0.025756858	-0.011451623	0.043040007	-0.063497886	0.044220585	0.04152442	-0.019203309	0.014503115	-0.07897477
0.21124434	-0.12663752	0.2136739	0.11188863	-0.015150508	0.1596701	-0.16397794	0.14559458	0.22617385	0.1333055	0.1926337	-0.21481164	0.1334979	0.2002317	0.16133592	0.17980136
0.033526458	-0.0037699258	0.054846935	0.04336957	-0.082372114	0.06770598	-0.020279601	0.021358395	0.0056218957	0.024140136	0.060887367	-0.008820591	0.029050756	0.09952492	0.058408048	0.017490145
-0.021081675	-0.017882342	-0.0189702	-0.053655133	0.057962257	-0.07250862	0.04658445	-0.039562233	-0.016400669	-0.0125628235	-0.034127768	0.01724757	-0.024633247	-0.03017637	-0.006436844	-0.05438255
0.09764324	-0.09941431	0.13647926	0.05430813	-0.14548013	0.09527647	-0.16131979	0.09849186	0.105084494	0.08964334	0.07459309	-0.1028122	0.07646075	0.13719918	0.12956207	0.16064009
-0.096331574	0.12982593	-0.096455984	-0.020760704	0.18877989	-0.15311933	0.12308152	-0.1294003	-0.09336077	-0.11556335	-0.13316019	0.16300888	-0.0639628	-0.10304124	-0.15037224	-0.13920984
-0.20381995	0.11204308	-0.17724329	-0.051685836	0.15444721	-0.17570192	0.20872298	-0.19125022	-0.13612147	-0.14321066	-0.12784915	0.18686546	-0.05942544	-0.21097961	-0.19118589	-0.16903733
-0.24857971	0.2662444	-0.24107705	0.07665956	0.22919746	-0.16703306	0.20458432	-0.23642123	-0.24278724	-0.19093613	-0.28603613	0.23274778	0.08764322	-0.2553742	-0.15769443	-0.2596619
0.122279584	-0.09861576	0.1225584	0.036365226	0.07268715	0.09843603	-0.102012485	0.050082464	0.11933987	0.08442305	0.047394224	-0.0679827	0.039226867	0.09757337	0.11932019	0.13659996
-0.1213597	0.22395232	-0.19766338	-0.070882104	0.14128748	-0.22384176	0.13294496	-0.19122045	-0.21160144	-0.122526675	-0.22768725	0.21326217	-0.09608132	-0.21101092	-0.23535688	-0.13176115
-0.013683357	-0.08269586	0.033656243	0.016988287	-0.06773585	0.042458776	-0.032095987	0.042419076	-0.014605	0.03327236	0.065221384	-0.07665542	0.050600983	0.027202392	0.026248377	0.070361935
0.09554082	-0.10995614	0.121870145	0.09892586	-0.11784122	0.14279564	-0.14723088	0.06755262	0.08661368	0.089324445	0.09737707	-0.14481087	0.124183975	0.11108532	0.18405621	0.119222276
-0.16567785	0.11296789	-0.10253818	-0.023181241	0.0738853	-0.13270473	0.096472055	-0.0886939	-0.11041377	-0.16425712	-0.09273486	0.12937063	-0.022714041	-0.07655772	-0.16524628	-0.12792462
0.13441005	-0.14761333	0.1398758	0.096735366	-0.13343006	0.14185081	-0.10725971	0.08636432	0.15068604	0.093388796	0.18879528	-0.13371934	0.067399785	0.1497841	0.14100324	0.13293457
0.17963542	-0.13896781	0.18292727	0.095313035	-0.16162649	0.15871435	-0.14591838	0.1296774	0.18696523	0.14978382	0.13721158	-0.20737803	0.07330327	0.14351869	0.16395979	0.16479072
0.14677389	-0.15828986	0.16311872	0.114903346	-0.21087056	0.17359003	-0.22172014	0.13479383	0.18951511	0.16418661	0.1576101	-0.1628896	0.10491203	0.22822794	0.20700882	0.16554478
0.09660894	-0.19397168	0.12590395	0.093459375	-0.12885357	0.19304349	-0.13558018	0.1271009	0.16862567	0.14344671	0.11796808	-0.1516376	0.08430321	0.17701584	0.11073392	0.13488132
0.0882657	-0.073016144	0.053500902	0.13564932	0.052714046	0.002194499	-0.06924261	0.085003525	0.10332057	0.11772178	0.06065245	-0.08641165	0.09730332	0.056636613	0.07492424	0.09993716
0.0206597	-0.06492039	0.09786919	0.17145339	-0.035674717	0.114767365	-0.060446266	0.05782124	0.08477724	0.077268586	0.07181177	-0.13075092	0.17236793	0.05262218	0.107967734	0.056993954
-0.22743018	0.28938743	-0.2002295	0.13337858	0.22963181	-0.31034866	0.28048977	-0.25242558	-0.21300623	-0.18726361	-0.28655812	0.25971857	0.098021574	-0.24938968	-0.16693151	-0.22434352
-0.059604	-0.019514006	-0.0016708242	0.12300916	0.07068873	-0.06670614	0.020638075	-0.042038497	0.035459362	0.053110927	-0.05414748	-0.001650412	0.15484206	-0.075509325	0.067106776	-0.016622692
-0.23232725	0.21578875	-0.18969283	0.037215702	0.22245815	-0.243923	0.2801282	-0.231724	-0.2689307	-0.20553274	-0.23420279	0.23538119	0.13352638	-0.306459	-0.17830448	-0.2844934
-0.0017918342	-0.010513313	0.07542291	0.04789321	-0.07501751	0.024795754	-0.0025924349	0.090932064	0.05301615	0.04894841	0.05139859	-0.03551938	0.00088063773	0.025472758	-0.0014329951	0.09045267
0.13622661	-0.09638656	0.18223406	0.11367731	-0.17450047	0.12288003	-0.19320655	0.12445808	0.1773407	0.2080582	0.18324402	-0.13351935	0.15121979	0.1607296	0.19878395	0.21468368
0.19517766	-0.17955609	0.1770963	0.09173213	-0.1332926	0.1428726	-0.19954464	0.15007012	0.20274271	0.19426636	0.11577701	-0.2140604	0.11866686	0.17204076	0.17004421	0.20062456
-0.042673957	0.06351381	-0.0057996064	-0.08317908	-0.017714659	0.02711667	0.018593432	-0.0137142595	-0.039785188	-0.01771246	-0.07247283	0.0153743075	-0.0362848	-0.020992847	-0.06681331	0.009124965
0.18133785	-0.1578243	0.16972783	0.19008929	-0.012270518	0.08834384	-0.17121321	0.14446822	0.21968067	0.21963583	0.21068516	-0.18181269	0.14930047	0.18845524	0.119843915	0.15040138
0.0040380447	0.033217166	-0.010783107	0.043157537	0.008222121	-0.037586905	-0.033830702	-0.0004615555	-0.0050397236	-0.035627298	0.027607255	0.00019914951	0.09066694	-0.026827287	0.009651657	-0.037825864
0.19138573	-0.20558608	0.13131244	0.1406004	-0.097265296	0.15166403	-0.11968477	0.115124024	0.15988085	0.19568792	0.16828081	-0.1665929	0.1125528	0.15081103	0.1760313	0.1871369
0.10528083	-0.070377536	0.11521346	0.12482938	0.06478969	0.092737876	-0.08473549	0.101914145	0.07577594	0.049925312	0.08305772	-0.10510154	0.124015994	0.06397968	0.06978323	0.12626031
0.2298439	-0.16830714	0.25803378	0.14829437	-0.10068942	0.20310624	-0.18623258	0.13994937	0.20255294	0.23321173	0.23105846	-0.16023418	0.16967787	0.24453722	0.22710194	0.16092078
-0.22417778	0.20177053	-0.16187803	-0.16817506	0.13739558	-0.25451034	0.21599647	-0.20008811	-0.25587818	-0.23482266	-0.19761941	0.18561183	-0.12805524	-0.22359252	-0.20668486	-0.19914952
-0.26132596	0.30377254	-0.24925777	-0.09469669	0.31959823	-0.31628916	0.32767987	-0.30258554	-0.31393516	-0.32830554	-0.30639857	0.24491493	-0.006053157	-0.3201956	-0.2512826	-0.31894708
-0.12931685	0.13521849	-0.103994645	0.10491632	0.19196762	-0.18438919	0.13213341	-0.15247196	-0.15062726	-0.09321746	-0.14657488	0.17321086	0.2285933	-0.1611428	-0.048157725	-0.21200258
-0.09084908	0.10387935	-0.06152874	0.03909592	0.054948237	-0.17033082	0.11171652	-0.13322333	-0.11067038	-0.051368956	-0.07947647	0.10828485	0.12276961	-0.1220386	0.029528419	-0.103624456
0.14202845	-0.08436876	0.11122354	0.1679765	0.01389154	0.067842826	-0.16119188	0.097728655	0.16990422	0.14173318	0.1597004	-0.1189031	0.14995515	0.15869708	0.10346735	0.18610641
0.093143046	-0.094483726	0.15495317	0.14518698	-0.051895358	0.14981638	-0.105684094	0.14844868	0.16053055	0.20150763	0.12804821	-0.11147358	0.08289351	0.12146098	0.19106008	0.11454066
0.10878422	-0.046323627	0.11028395	0.10733582	0.071295194	0.091527164	-0.06707071	0.029188143	0.12505451	0.08449501	0.04045444	-0.09149056	0.12817784	0.077479884	0.092548974	0.11952891
0.1126066	-0.08346639	0.19836685	0.151318	0.028178805	0.10576772	-0.08728564	0.09190946	0.14496407	0.17256418	0.08697126	-0.11595961	0.11221775	0.16797556	0.1721254	0.14709033
0.10989036	-0.17265593	0.13403082	0.1193153	-0.12293571	0.15605591	-0.1789261	0.13129805	0.14407839	0.14479627	0.109062836	-0.122044206	0.10404989	0.11968542	0.16351062	0.15751435
0.19841689	-0.1903689	0.20450683	0.10048472	-0.2580657	0.20671034	-0.19790162	0.18267722	0.31413132	0.21172784	0.2039785	-0.2201753	0.15735938	0.2599694	0.198249	0.2565113
0.2675891	-0.26700848	0.23942812	0.13380326	-0.22477295	0.2689868	-0.22531076	0.21185447	0.22931999	0.22857185	0.25241345	-0.20021084	0.14588226	0.27455866	0.20334251	0.22745349
0.14632276	-0.09774202	0.12762655	0.16825268	0.027078716	0.10942873	-0.1958068	0.15545088	0.22751811	0.1479687	0.09184512	-0.16410773	0.122922614	0.1457268	0.20098363	0.12194052
0.00846193	0.049259115	-0.0074435696	-0.042993963	0.0072697774	-0.045185473	-0.04392904	0.02371354	0.02780154	-0.025793243	0.0019538514	0.030724216	-0.02729628	-0.04963818	0.0407982	0.04866076
0.14255306	-0.19676085	0.23104684	0.11434194	0.07368999	0.12914836	-0.19031264	0.17714183	0.15500058	0.16031352	0.17869121	-0.2238662	0.1299629	0.17572391	0.16770956	0.19244663
0.1295091	-0.10490838	0.19865741	0.13236986	0.020611763	0.1295774	-0.19264041	0.12601388	0.24388924	0.12530057	0.1819341	-0.11912706	0.13989833	0.18595044	0.17761965	0.11714601
-0.13893259	0.11348893	-0.08229646	0.075080566	0.06748928	-0.14080673	0.07491791	-0.13336906	-0.12653211	-0.065697625	-0.18061006	0.14622349	0.20905682	-0.08007675	0.006184091	-0.08774581
-0.19901344	0.20001325	-0.12381951	0.10967064	0.19268315	-0.1699245	0.16544628	-0.19951133	-0.16407607	-0.043485723	-0.2304151	0.12172091	0.21500905	-0.20108782	-0.081715524	-0.20354101
-0.13943262	0.11674422	-0.14427985	0.04514562	0.09288043	-0.1572701	0.08398314	-0.09003078	-0.081934884	0.011996487	-0.18624459	0.17134067	0.17373298	-0.08175984	-0.03508534	-0.17108653
-0.119991064	0.06648839	-0.08717747	0.08846383	0.121540874	-0.06458703	0.07969617	-0.11649558	-0.07675996	-0.0862367	-0.122801766	0.080910146	0.11653128	-0.056417637	-0.10086763	-0.11745706
0.16196087	-0.1810235	0.15397023	0.06876658	-0.14102492	0.2129517	-0.12957288	0.18387438	0.21311133	0.21386895	0.15015797	-0.16322681	0.0658955	0.21252461	0.17972063	0.19367808
-0.2325504	0.23658402	-0.22071289	0.013887073	0.19954054	-0.18047014	0.22205876	-0.17947288	-0.269136	-0.19596456	-0.17314173	0.24009585	0.054508317	-0.15650065	-0.1694184	-0.21675368
-0.2796223	0.22331631	-0.2051422	0.08743577	0.1820953	-0.16189827	0.2295039	-0.19449225	-0.24605879	-0.18498555	-0.29403797	0.21426864	0.06978725	-0.18946198	-0.15044212	-0.17033656
0.13658907	-0.11363086	0.086946726	0.14999714	0.033461284	0.060803726	-0.12858842	0.08730439	0.13516106	0.16004045	0.12589093	-0.13546641	0.08643721	0.05671938	0.15100767	0.103806116
-0.10389155	0.14443313	-0.10362767	0.08982616	0.14651951	-0.055974025	0.06881721	-0.13601121	-0.14124887	-0.1003376	-0.11382462	0.10339831	0.057678163	-0.14279656	-0.080027446	-0.072354555
0.0879321	-0.049612362	0.13203269	0.12970671	0.10352218	0.027735548	-0.071313515	0.10751262	0.1392338	0.11393888	0.08699724	-0.06317723	0.105912626	0.092702426	0.07877251	0.14407963
0.15038908	-0.20193759	0.118205145	0.10922536	-0.08703596	0.16066106	-0.1434824	0.13573292	0.22572672	0.17267027	0.17375882	-0.20890604	0.123799846	0.14971928	0.11491487	0.12848149
-0.038771056	0.04248878	-0.041795284	0.15063624	0.22648157	-0.15200293	0.17038213	-0.13240741	-0.036331553	0.03239587	-0.08604456	0.06574202	0.17901964	-0.101309106	0.046331283	-0.17847936
0.01118803	-0.029374328	-0.037013665	0.034818742	-0.017583452	0.025053523	-0.04170097	0.02066887	-0.0011871044	-0.030452251	-0.022270322	0.0042268666	-0.0065279184	-0.03556961	0.04045002	0.0062834364
0.26213852	-0.3017048	0.21041319	0.0851083	-0.22112781	0.2629153	-0.20892237	0.22406326	0.22633824	0.26231048	0.23788184	-0.21951488	0.107360795	0.27297828	0.22133477	0.31053764
0.14161442	-0.13438147	0.07397518	0.110648155	-0.06536723	0.14191933	-0.08067098	0.09805062	0.1015302	0.10358313	0.15651527	-0.08250273	0.08400608	0.12225349	0.12660836	0.11926079
0.1908732	-0.23216993	0.1971401	0.1166987	-0.24148591	0.22613682	-0.26434314	0.18525538	0.29316503	0.19917683	0.267422	-0.24969907	0.08752913	0.2306071	0.23068081	0.28379485
0.29882026	-0.27348903	0.24403651	0.20251667	-0.2622021	0.22674692	-0.24566495	0.2820031	0.257941	0.20866564	0.29970175	-0.27109018	0.11481119	0.25205418	0.27416432	0.28461203
0.2171937	-0.17538714	0.14185403	0.112296395	-0.15566744	0.19298273	-0.22822177	0.21564871	0.18957049	0.18570903	0.1557274	-0.18932198	0.11423949	0.22895715	0.1828044	0.1584851
-0.049680218	0.1379647	-0.05196866	0.055676475	0.14814962	-0.06996605	0.10327805	-0.08791093	-0.1148668	-0.09378796	-0.13135903	0.09467478	0.030210169	-0.072167374	-0.11615835	-0.105493315
-0.19756411	0.22273521	-0.21553154	-0.098792195	0.15848458	-0.2410356	0.2246384	-0.15473993	-0.19984373	-0.18714365	-0.2554601	0.24467899	-0.13758531	-0.21546498	-0.25930724	-0.23217236
0.14585534	-0.18186085	0.19343103	0.05293258	-0.15457478	0.19870146	-0.1736665	0.1514415	0.1878949	0.20051558	0.14762075	-0.22628272	0.060200877	0.20115292	0.1622897	0.19575605
0.26851606	-0.29077026	0.25775287	0.114066556	-0.13560382	0.21315913	-0.20646602	0.24584799	0.2953079	0.2518146	0.3031313	-0.25183898	0.08102312	0.30477005	0.26337066	0.2626368
0.15181988	-0.1475897	0.09742557	0.03960086	0.0077812998	0.12291233	-0.058499787	0.06694582	0.12162782	0.120416954	0.17466214	-0.08814201	0.10878612	0.09509462	0.066522576	0.11871406
0.16192792	-0.19386044	0.14347294	0.12036248	-0.0641233	0.12870315	-0.1930603	0.12571126	0.1417822	0.13894731	0.20293225	-0.14497152	0.16542245	0.14619485	0.11971615	0.11248274
0.3501509	-0.32674626	0.34042203	0.16032255	-0.2811096	0.32059014	-0.27116448	0.33255315	0.30229226	0.36185405	0.34095407	-0.3647294	0.22683065	0.27296236	0.33693507	0.34859812
-0.020725742	0.012789103	-0.021779899	0.096447416	0.044659298	0.0057923673	0.0043799463	0.001842435	0.040059425	0.039687306	0.0155657185	0.013437086	0.073840775	-0.010309184	0.10277584	0.007685421
-0.21459809	0.22498372	-0.16605823	0.13601457	0.16254663	-0.15266341	0.20683223	-0.2055864	-0.22771119	-0.17520784	-0.15947503	0.20060742	0.09363553	-0.1706753	-0.11718115	-0.19173507
-0.10827615	0.17280589	-0.14053434	-0.044626094	0.15638755	-0.19441038	0.15708464	-0.14731567	-0.2027616	-0.14331351	-0.14278807	0.14679246	-0.09808242	-0.10562839	-0.205361	-0.102074146
-0.00313567	0.04968864	0.042862248	-0.047713913	0.0016390793	-0.036953293	0.031015243	0.012870822	-0.009948112	-0.0082684755	0.038162027	-0.020855308	-0.029088115	0.009068906	0.034485046	0.047128413
0.22842765	-0.2067356	0.18363619	0.13409808	-0.08516674	0.1590137	-0.13459079	0.21181186	0.17277478	0.1607575	0.23042218	-0.23157297	0.08863572	0.23042852	0.14536995	0.15786766
-0.12147077	0.11264619	-0.121358156	0.08650225	0.23924801	-0.18033348	0.21086034	-0.19351013	-0.06586237	-0.08519616	-0.13488394	0.09036074	0.11913179	-0.1699346	-0.039723374	-0.14641091
0.082593866	-0.0007297755	0.09485549	0.054333843	-0.069556676	0.007692792	-0.015789691	0.052912507	1.8892504e-05	0.05482891	0.008941825	-0.026775636	0.044429973	-0.014009335	0.05764369	0.054027155
0.037759654	-0.09618298	0.0755642	-0.028047664	-0.04175862	0.03482993	-0.012800362	0.040692955	0.045116223	0.048503157	0.01885498	-0.09340534	0.034622986	0.043083012	0.0764248	0.05110607
-0.036918044	0.04283294	0.021587165	0.0547006	0.09462245	-0.022888077	0.00011972756	-0.0147897545	0.014213688	-0.0031815977	0.011881149	0.042810645	0.081042476	-0.0661972	-0.039775625	-0.02385001
-0.0042261756	0.009380964	-0.033245046	-0.03425294	0.043554593	-0.0625219	-0.026301948	-0.0067855576	-0.060614675	-0.07807931	-0.028205203	0.05661872	0.010330542	-0.02584945	-0.0006751132	-0.046374183
-0.2000878	0.22797988	-0.218279	0.01715044	0.10186048	-0.16985255	0.19478203	-0.17762148	-0.24434835	-0.27050403	-0.28354523	0.23796307	0.006119442	-0.26603177	-0.19077688	-0.18731329
0.14912088	-0.16089584	0.13539663	0.07892635	-0.16933984	0.19375852	-0.11238307	0.16644213	0.23050717	0.13557322	0.17394619	-0.18736354	0.1253701	0.20816132	0.18331696	0.19615115
0.26023456	-0.20789759	0.20020257	0.17679489	-0.1788662	0.2036194	-0.2231279	0.24296647	0.21556339	0.22657469	0.19947429	-0.1888141	0.1260892	0.20883632	0.17820019	0.19752663
-0.014347384	-0.006555178	-0.010910643	0.14437903	0.11238999	-0.0395384	0.022496643	-0.06197945	0.07137555	0.05384711	0.017987208	0.036627896	0.15523462	-0.049085792	0.06263273	-0.076572284
0.26549304	-0.28076795	0.21835262	0.105551496	-0.1477592	0.14898147	-0.17381097	0.19325066	0.26804286	0.19028506	0.27813676	-0.22913852	0.12927856	0.2820117	0.22606108	0.22154868
0.08047915	-0.10874437	0.02825375	0.08355432	0.012295964	-0.035880204	-0.07774568	0.040219754	0.10249122	0.024009166	0.11644619	-0.100628406	0.1120517	0.09594882	0.07185604	0.0967364
-0.04540231	0.057116233	-0.117707096	0.076911	0.1610276	-0.11950752	0.064783625	-0.11123992	-0.05721527	-0.020445438	-0.07171558	0.08935761	0.1814313	-0.078163	-0.03948767	-0.06838537
0.17672548	-0.15038724	0.14814548	0.11484989	-0.118727796	0.1311452	-0.13487892	0.19486962	0.1566548	0.19954178	0.21995786	-0.16733049	0.119750366	0.23439154	0.11075759	0.20176369
0.0006687925	0.011772734	-0.022056267	0.073391914	-0.016168876	0.03049424	-0.035185102	0.07512019	0.070422366	-0.00374456	0.0023374306	-0.028095188	0.019621661	0.075234786	0.0069686756	-0.021634016
-0.06425316	0.04221781	-0.02811725	0.098844826	0.044988144	-0.025946988	0.034548458	-0.06741141	-0.012046128	0.019131748	-0.040127367	0.02488526	0.08953009	-0.037428677	0.02735359	-0.06527725
0.2321041	-0.17131528	0.19083376	0.11271559	-0.09540638	0.22518556	-0.19582334	0.19839448	0.24176855	0.18163346	0.2554884	-0.18988952	0.12221257	0.2081776	0.22788204	0.2128279
-0.22719182	0.273044	-0.22103548	0.058859065	0.28124905	-0.2772324	0.26614735	-0.292302	-0.21218926	-0.22626151	-0.24291395	0.24757147	0.18101656	-0.30165958	-0.22253539	-0.29382187
-0.053434864	0.01517943	0.021796636	0.16108619	0.16386676	-0.1153808	0.06834928	-0.08503124	-0.02343301	-0.031986233	-0.08893426	0.11005082	0.16009077	-0.05868452	0.04092013	-0.13081682
-0.21241273	0.23806815	-0.2503031	0.061687395	0.23834848	-0.3058956	0.26302105	-0.24043635	-0.27330258	-0.22891054	-0.21020804	0.21828933	0.12763053	-0.2893844	-0.13322756	-0.24721205
0.25200453	-0.22032116	0.29790246	0.14747234	-0.22142099	0.2727351	-0.29525578	0.24701048	0.33668983	0.24594836	0.2644336	-0.22587864	0.09704856	0.25321105	0.2517205	0.2926523
0.22718033	-0.24712346	0.15056944	0.106769174	-0.07975729	0.15983026	-0.2250028	0.16893676	0.21148898	0.23644745	0.23329881	-0.19858582	0.14432801	0.15304098	0.19570622	0.21856189
-0.15805995	0.20444667	-0.19112027	-0.13374597	0.18514565	-0.22149366	0.22952448	-0.14693376	-0.14718145	-0.19657317	-0.24634358	0.1801761	-0.13529123	-0.23831414	-0.16268463	-0.20496769
0.13486472	-0.09698627	0.1203567	0.058290575	-0.047807485	0.05316006	-0.1315652	0.031836025	0.10627429	0.104086794	0.100836486	-0.15051192	0.12220574	0.15105885	0.07119458	0.1223363
0.0877426	-0.12462435	0.11805942	0.10766345	-0.020345898	0.11649179	-0.06251135	0.028349439	0.1728429	0.16505823	0.11330174	-0.06811346	0.13403356	0.08916448	0.14321853	0.09198205
-0.03781109	-0.013235152	-0.04825231	-0.04949808	0.019734148	-0.04275856	0.026663851	-0.017213356	0.003947925	0.020348158	0.026301932	0.01842251	0.03437743	-0.03652799	0.021740925	0.03757068
0.31495455	-0.3253557	0.2795194	0.15497687	-0.31794235	0.37585476	-0.32317868	0.30856305	0.35414794	0.2770895	0.36473686	-0.27930203	0.19034822	0.28245106	0.27067682	0.2961476
0.11324482	-0.14201841	0.22178753	0.13607186	-0.082370944	0.051764127	-0.09499031	0.101648	0.21336679	0.17568871	0.16793938	-0.2105139	0.1616403	0.14554961	0.26870066	0.09319674
0.10661292	-0.124598734	0.13590463	0.08107768	-0.14776073	0.1336135	-0.13900034	0.09592849	0.09659287	0.11709745	0.14757282	-0.14925054	0.042443592	0.14905283	0.14294854	0.16229539
0.14044589	-0.052263193	0.060301885	0.13690424	0.062578306	0.068802096	-0.07362324	0.11452026	0.105928496	0.1226525	0.086310886	-0.082174644	0.12481887	0.15259011	0.10297397	0.13750136
0.10487892	-0.1817017	0.10750156	0.09251119	0.108756684	0.095073976	-0.11474605	0.0930124	0.1496098	0.16569927	0.12980646	-0.113274604	0.07306344	0.1259807	0.11997439	0.15515001
0.0057185665	-0.12073252	0.12120288	0.15023759	-0.024672415	0.07104338	-0.060584232	0.033907257	0.16516106	0.14880078	0.108212106	-0.07615896	0.1512567	0.04610298	0.13915324	0.064835966
-0.17383584	0.18258418	-0.19652963	0.11890139	0.15675719	-0.19173291	0.15231125	-0.21585797	-0.22499761	-0.13248125	-0.14974473	0.20670265	0.08001817	-0.17303504	-0.10028241	-0.20253414
0.14300251	-0.116941854	0.10617553	0.122063346	0.046741303	0.14300103	-0.17741252	0.07829408	0.12223001	0.15980235	0.17504205	-0.1632884	0.17455962	0.13711767	0.095163144	0.14376897
0.08113578	-0.04419924	0.10699643	0.06035553	0.04536296	0.041158475	-0.119133726	0.032363854	0.13602802	0.04587314	0.05172118	-0.06226115	0.12047688	0.119145975	0.120687984	0.07394341
-0.08889266	0.12977181	-0.06321742	0.1074742	0.19706424	-0.13323776	0.19387649	-0.13514294	-0.07447874	-0.11099894	-0.15591711	0.08935775	0.13685359	-0.105514795	0.0613534	-0.12448642
-0.26235974	0.23897855	-0.24310386	-0.02083026	0.12804535	-0.14352195	0.20562622	-0.19477287	-0.22004952	-0.23466375	-0.25756535	0.2603981	0.05610196	-0.1914192	-0.20464805	-0.20581931
-0.1349487	0.16028947	-0.18014275	0.0001106385	0.11886922	-0.1584158	0.15977673	-0.1191434	-0.14495963	-0.18662687	-0.22214848	0.18062745	0.0051792203	-0.13690865	-0.13856506	-0.17282386
-0.1619799	0.14329116	-0.1356598	-0.11374182	0.20638542	-0.16042383	0.13857022	-0.13081814	-0.20883267	-0.22683041	-0.14022641	0.19875316	-0.13916762	-0.12984493	-0.17378728	-0.19598395
0.041104887	0.011236597	0.01486763	0.022697914	0.021851186	-0.021144701	0.0045597665	0.024872128	-0.036839355	0.0009000525	0.034149673	0.039215002	0.010710012	0.012597058	0.010942113	-0.013885878
-0.07672917	0.10903839	-0.09587353	-0.07949322	0.1483282	-0.09498162	0.07131284	-0.07773371	-0.13643089	-0.1290109	-0.11837728	0.10431674	-0.039341316	-0.09942029	-0.095288515	-0.109862864
0.20347182	-0.24962988	0.18856029	0.082460254	-0.12520914	0.19435586	-0.21864706	0.15071607	0.23326464	0.17854908	0.2439548	-0.21356855	0.13766454	0.19383918	0.21934603	0.23069246
0.20198509	-0.1471215	0.25802925	0.08046611	-0.22748631	0.22442102	-0.25765556	0.24243665	0.20181176	0.20967665	0.16238798	-0.17691939	0.119426705	0.24708878	0.21802005	0.22456494
-0.1651122	0.1850925	-0.13179465	-0.10820245	0.18531269	-0.24353339	0.1762144	-0.21746942	-0.18260904	-0.22545065	-0.15668383	0.18004484	-0.1553861	-0.14672083	-0.111117944	-0.19369522
-0.21781896	0.2065864	-0.29133183	0.00095249957	0.19319016	-0.28794447	0.21123803	-0.20991492	-0.3224395	-0.23582502	-0.26487052	0.30006513	0.08837815	-0.2867856	-0.23992687	-0.26127008
0.019581687	-0.03024785	0.022490423	0.12899497	0.022661818	0.037245203	-0.047355566	0.008601733	0.014873472	0.08900898	0.05540771	0.0068540997	0.09041442	0.040360205	0.09132563	-0.022890879
0.21796945	-0.13018332	0.14783202	0.2174528	0.07263852	0.15325607	-0.15149866	0.1125568	0.21850501	0.14981697	0.22694625	-0.2060877	0.20047301	0.14389886	0.12560141	0.17076431
-0.10833588	0.10161419	-0.0890358	0.10298137	0.1008286	-0.116443366	0.12432413	-0.11687879	-0.06136913	-0.07084518	-0.13285668	0.109568484	0.071646005	-0.14042035	-0.08012719	-0.120460704
0.12383543	-0.15668225	0.13586245	0.051696166	-0.041327618	0.16852602	-0.09217023	0.08820758	0.10911416	0.08438908	0.1803759	-0.11199709	0.04940791	0.11098144	0.14071466	0.12888722
-0.29035813	0.31306946	-0.25527498	-0.060963325	0.21648994	-0.27409512	0.25684217	-0.23049016	-0.33238307	-0.33435723	-0.2307879	0.2418835	-0.019928671	-0.22046603	-0.25422898	-0.2831702
-0.14609344	0.19144413	-0.19494952	0.1195004	0.20227447	-0.19515345	0.23004971	-0.14254929	-0.20589815	-0.1503889	-0.24572216	0.22371894	0.05716842	-0.21170957	-0.14337988	-0.19982384
0.18212476	-0.18216269	0.16106765	0.1467273	-0.10323311	0.16485935	-0.1178606	0.14812231	0.18056926	0.16011459	0.16927005	-0.16961426	0.16931714	0.2254209	0.19383302	0.21743332
0.24060775	-0.2300182	0.2547306	0.14294781	-0.12300916	0.22337388	-0.2107674	0.16002305	0.26635006	0.22529517	0.18966703	-0.22460657	0.1734231	0.16167723	0.20573471	0.19231568
0.14784706	-0.16166371	0.20832339	0.08130762	-0.08531361	0.21106726	-0.13608189	0.16947505	0.22224405	0.123712756	0.20430492	-0.11834773	0.11677728	0.1508066	0.16389251	0.1384565
0.17763282	-0.108256295	0.12455919	0.17018187	0.007975118	0.12738259	-0.093940146	0.108063154	0.15992805	0.12227613	0.11363938	-0.12612435	0.18423294	0.17209315	0.1330888	0.11556491
0.14249066	-0.121980794	0.09694487	0.07580824	-0.016286936	0.10515196	-0.07306251	0.062345877	0.11927687	0.07044817	0.07010205	-0.16484559	0.06984575	0.070372455	0.15103051	0.07612304
0.066174634	-0.08004167	0.11733643	0.1266976	0.01885695	0.07871166	-0.117697574	0.06692064	0.1415106	0.12746985	0.06392242	-0.054517005	0.13795382	0.09249384	0.14984493	0.13489628
0.14693958	-0.061759107	0.13031738	0.02247149	-0.14255315	0.122333296	-0.122891635	0.089101575	0.11933735	0.1281206	0.11001764	-0.04713608	0.032813493	0.0926169	0.109793104	0.14202379
-0.0632491	0.07212155	-0.0023031402	0.06777839	0.051495582	-0.0585665	0.012052356	-0.07051488	0.0031111196	0.012150296	-0.026042707	0.08882207	0.0052168393	-0.06807247	0.00012818944	-0.020462962
0.18224256	-0.111891024	0.1226825	0.004783598	-0.10133013	0.12876609	-0.16084146	0.12251953	0.11502128	0.16665922	0.16630433	-0.11775644	0.004286899	0.15813643	0.07592232	0.13294409
0.030073736	0.040849123	0.023098674	0.015786376	-0.025185479	-0.028649962	-0.01643151	0.031930912	0.0045897253	0.0061208233	0.0124151595	0.005219616	-0.0049218647	0.005633045	-0.01986525	-0.00022669882
0.1949351	-0.23030989	0.17651606	0.07393886	-0.22173212	0.28197238	-0.1972912	0.19734612	0.2365133	0.25501037	0.20599818	-0.20394665	0.1505362	0.20824392	0.22125673	0.22401915
0.0715419	-0.09837858	0.17768444	0.05119607	-0.098658785	0.13454208	-0.15708612	0.14890395	0.18585606	0.14922297	0.088922486	-0.12646627	0.050347034	0.110342585	0.19273794	0.16142848
-0.020947557	-0.031804595	0.057694964	0.04090741	-0.031504106	0.015674729	-0.033639807	0.04725809	0.04549695	-0.007923383	-0.002838815	0.0024193472	0.04650371	0.039516058	0.028674832	0.018296558
-0.12795067	0.20772897	-0.12509775	0.1604732	0.13903889	-0.18748985	0.17390661	-0.114451796	-0.124410845	-0.04528336	-0.16977759	0.15018144	0.20314462	-0.20561074	0.015849348	-0.17684337
-0.12619764	0.17185937	-0.17384925	-0.0261757	0.13527532	-0.20276451	0.15520036	-0.19504565	-0.21465585	-0.17671372	-0.20157528	0.1937969	-0.05766571	-0.13129805	-0.1311707	-0.11213619
-0.18202595	0.14472799	-0.15862526	-0.08193732	0.18800917	-0.15611017	0.1831371	-0.1178351	-0.103768714	-0.13770238	-0.1953693	0.10399899	-0.09338361	-0.14321502	-0.12999281	-0.14777942
-0.27072197	0.25647148	-0.27200273	-0.16248232	0.22088984	-0.22559243	0.25580296	-0.197211	-0.32267043	-0.23728223	-0.21547347	0.29981327	-0.16588344	-0.24373746	-0.2733989	-0.28847983
0.26291564	-0.25644398	0.23217262	0.18373567	-0.17241623	0.22169194	-0.28085294	0.20787868	0.22405533	0.29249796	0.2650125	-0.24124403	0.16697004	0.28412074	0.26318085	0.24255838
0.020721456	-0.008633826	0.033024758	0.036495585	-0.046278115	0.03571024	-0.061265044	0.07009306	0.07377311	0.060754653	3.2542346e-05	-0.044990644	-0.0036605033	0.018876422	0.056552354	-0.0023833716
0.25989902	-0.20802602	0.26748338	0.13036208	-0.12819129	0.20094328	-0.20610169	0.2558933	0.2652253	0.27525023	0.22845322	-0.2256396	0.11443931	0.29214415	0.20630749	0.27298388
0.08155619	-0.100566655	0.13057879	0.07042	-0.13739336	0.13955346	-0.13021287	0.115830176	0.122178145	0.10777933	0.15905392	-0.11180726	0.03470347	0.13493708	0.07015083	0.08141587
0.08858375	-0.069011554	0.06351186	0.10786311	0.099451646	0.11365551	-0.092933	0.1078685	0.07562119	0.039509114	0.084020026	-0.051854298	0.06877839	0.09026665	0.0601251	0.16176175
-0.16122487	0.14351228	-0.13100924	-0.10791081	0.12662774	-0.21081282	0.13889644	-0.18917277	-0.12762162	-0.14686984	-0.12213821	0.17538871	-0.0561063	-0.19949296	-0.17576146	-0.14262015
-0.28219527	0.2992583	-0.22962934	0.01193937	0.24519329	-0.32630914	0.24961732	-0.29971445	-0.24184443	-0.27819437	-0.29383487	0.24430652	0.0015436797	-0.26762027	-0.23072937	-0.31967238
0.21531379	-0.21514098	0.24015446	0.15603343	-0.18162525	0.17559443	-0.21710825	0.22804488	0.27979243	0.16288365	0.1848325	-0.19311877	0.1591511	0.20513423	0.19682382	0.18523893
-0.03950794	0.067460276	-0.016762376	0.06534084	0.06313654	-0.113559924	0.02324242	-0.11265062	0.032007623	-0.019105444	-0.074912585	0.0640891	0.17825705	-0.022613501	0.06604994	-0.013979984
0.20374474	-0.14136611	0.19564307	0.046026908	-0.15986839	0.12281476	-0.17839961	0.1710486	0.16207579	0.14347456	0.19888717	-0.17994696	0.05631017	0.12997198	0.14427157	0.13816456
0.14167126	-0.18250456	0.109580904	0.10342999	0.014136438	0.10511144	-0.11216499	0.061018366	0.1018582	0.1699356	0.123864554	-0.17346434	0.11497661	0.16598369	0.074433774	0.16874254
0.26463658	-0.19513433	0.25073552	0.12466287	-0.23533732	0.21774606	-0.27147162	0.22350745	0.24000266	0.19983187	0.23857056	-0.24086006	0.13040695	0.26228675	0.26769522	0.29543552
0.26582852	-0.294509	0.34086093	0.100218445	-0.31345317	0.31552392	-0.23990396	0.25785956	0.27876168	0.26881066	0.26404214	-0.30382776	0.14892882	0.324659	0.2770074	0.28393728
0.22358866	-0.21625303	0.29555312	0.17668223	-0.14426735	0.2272107	-0.21984535	0.23389193	0.300947	0.24249694	0.26568073	-0.23941793	0.15255481	0.24159987	0.18902887	0.2673498
-0.031756375	0.0034197418	-0.0054491223	0.019074736	0.023655195	-0.06586261	0.064827114	-0.0606623	-0.013316363	-0.0732326	-0.093093105	0.07761345	-0.017306492	-0.014896442	-0.013685766	-0.033166487
0.0634791	-0.07533769	0.06998757	0.09401155	-0.10739245	0.1339759	-0.05468404	0.11660997	0.06401719	0.112237155	0.05821108	-0.061251104	0.02813476	0.10138034	0.089772925	0.111797184
0.082195155	-0.10699139	0.11930508	0.03981756	-0.08333761	0.14696896	-0.09969942	0.040956996	0.075669244	0.07190092	0.12064168	-0.0984917	0.026031269	0.14099588	0.046027604	0.11638307
-0.09304946	0.141504	-0.13358948	-0.018636085	0.08369047	-0.08611086	0.10740434	-0.10939121	-0.118167065	-0.11035918	-0.16863532	0.11325493	0.045647014	-0.16287377	-0.1591445	-0.08639312
0.23076634	-0.25698832	0.19820933	0.14200917	-0.16168302	0.18716879	-0.21608724	0.1826889	0.2681808	0.23133452	0.25696713	-0.24481224	0.12901683	0.23506686	0.20700131	0.21070237
-0.23843586	0.26674747	-0.22049937	-0.038703106	0.17407227	-0.22658865	0.24672277	-0.16558023	-0.27424753	-0.17963389	-0.24135529	0.27079046	-0.04838336	-0.17493232	-0.25412676	-0.1951
-0.21726254	0.289147	-0.24975795	-0.12926759	0.282574	-0.20684521	0.23240016	-0.20830195	-0.312297	-0.25185058	-0.2577027	0.28213957	-0.13721211	-0.23557472	-0.23335108	-0.24777506
-0.09399134	0.15804048	-0.15101874	0.010504004	0.17409496	-0.14398445	0.08467288	-0.07858889	-0.14998361	-0.13122103	-0.08389051	0.09515013	0.05649232	-0.13226329	-0.16481876	-0.10197356
-0.2667488	0.29446265	-0.2869896	-0.103188165	0.18648341	-0.25543806	0.23512267	-0.24376416	-0.29025638	-0.28278437	-0.3094628	0.20520006	-0.06978448	-0.21615131	-0.25245908	-0.23430789
-0.20202018	0.19206019	-0.23499128	-0.08355952	0.114716105	-0.1261375	0.1555155	-0.19280212	-0.20389983	-0.22231275	-0.22253942	0.17909141	-0.017683936	-0.22625947	-0.2262756	-0.20370308
0.12574567	-0.06888204	0.044639844	0.052901138	-0.07028522	0.055830605	-0.10921324	0.064653	0.15062591	0.12585391	0.07093047	-0.15747514	0.09749918	0.07505929	0.095148474	0.11885839
0.06063202	-0.085279405	0.030018121	0.110117845	-0.08392655	0.06835506	-0.09909773	0.05187427	0.06731675	0.037890255	0.053670216	-0.04027206	0.121411204	0.0709716	-0.0026221368	0.113509595
-0.018078674	0.047086332	-0.016845535	-0.024776613	0.034661356	-0.038440563	-0.04545629	0.02900714	-0.041492213	0.008127917	-0.015942656	0.044478986	-0.0262738	-0.026763333	-0.038144756	0.03662337
0.029636707	0.047469806	5.4121017e-05	-0.013436221	0.044057395	0.047444213	0.025407445	-0.047743585	0.010140978	0.030614007	-0.0046099424	0.0357744	-0.03891661	0.025941256	-0.0108779445	-0.022776281
0.10548295	-0.10396767	0.18768634	0.17344895	0.03130955	0.082101285	-0.1399611	0.08259398	0.20873465	0.14100018	0.1446009	-0.1740391	0.16133438	0.15577151	0.12655276	0.09805109
0.18853728	-0.18061174	0.16209428	0.115068294	-0.14440994	0.15000308	-0.12690572	0.12531506	0.22021174	0.1447186	0.15579678	-0.15319736	0.084555864	0.15297496	0.22784114	0.13850455
0.1554299	-0.23916903	0.19706641	0.1444568	-0.13040087	0.149611	-0.13639364	0.13832779	0.1904689	0.18553092	0.1659694	-0.18486047	0.1969918	0.14108375	0.2815072	0.18107724
-0.077963375	0.15538031	-0.1301847	-0.028652787	0.121053584	-0.13474664	0.13755386	-0.13555993	-0.15372024	-0.10088398	-0.09675684	0.15306082	-0.053450193	-0.104006104	-0.11916153	-0.13145415
-0.10644152	0.1949449	-0.14738788	0.14609267	0.2229683	-0.1542748	0.12417712	-0.20208585	-0.21007387	-0.16752915	-0.20696294	0.16468105	0.22606751	-0.2179829	-0.00538407	-0.17112146
-0.1721	0.1917766	-0.20213114	0.121491626	0.15894547	-0.15805145	0.16653097	-0.14951526	-0.17076811	-0.16833216	-0.19843288	0.129625	0.13472123	-0.18882291	-0.2082551	-0.12647706
0.17268662	-0.18232194	0.10465375	0.1418846	-0.07134741	0.19898741	-0.17545198	0.12614787	0.14702356	0.11310371	0.19918357	-0.20329753	0.0888064	0.175605	0.13095996	0.12600946
0.08826315	-0.069107756	0.059549887	0.09305309	-0.0685188	0.082670026	-0.11599667	0.11753053	0.061349995	0.08536894	0.08332759	-0.13323261	0.07359279	0.094492614	0.07448402	0.037743762
-0.11647485	0.0983777	-0.056805063	0.05198074	0.13666363	-0.09720911	0.10863006	-0.14636098	-0.081952	-0.08434054	-0.14232501	0.122845456	0.040899202	-0.0987977	-0.045940813	-0.13754806
0.10013336	-0.08477035	0.14161924	0.11051247	-0.051838674	0.1285377	-0.09246511	0.072444186	0.15336439	0.062017705	0.07821083	-0.10132811	0.054432966	0.13165306	0.10409655	0.073535934
0.085621715	-0.14229238	0.18880928	0.13137664	-0.018238587	0.17902835	-0.112440124	0.13712232	0.14548855	0.13760477	0.16164191	-0.15005742	0.15477079	0.13773188	0.16859677	0.18286502
-0.10999329	0.18375589	-0.16303375	0.007465986	0.18300903	-0.17980428	0.14626427	-0.16122201	-0.21543066	-0.18848605	-0.1358034	0.14618574	0.12552853	-0.14585947	-0.119266026	-0.2035031
-0.14034536	0.13437192	-0.120964944	0.016302742	0.14213698	-0.20913516	0.1430352	-0.17157574	-0.1589156	-0.14838912	-0.14341685	0.21446611	0.0774383	-0.15586813	-0.13776033	-0.20397013
-0.1989314	0.1849501	-0.19646947	0.0746536	0.14159183	-0.16108239	0.18337582	-0.19096307	-0.1974373	-0.17870395	-0.14892279	0.15725164	0.11546876	-0.16086645	-0.13298906	-0.13128094
-0.134084	0.17469688	-0.2128892	0.015580666	0.16718501	-0.20370205	0.15791363	-0.20566268	-0.13082795	-0.17041485	-0.17173861	0.15447532	0.11504909	-0.15125021	-0.1235876	-0.1457253
-0.13026524	0.15948455	-0.16027041	-0.11926853	0.15249662	-0.17717597	0.14693427	-0.14281178	-0.19350399	-0.17381266	-0.1755644	0.15478894	-0.08586982	-0.19265956	-0.22905017	-0.19413503
-0.2485057	0.2648906	-0.21235408	0.055409256	0.21037123	-0.2869452	0.20085229	-0.1796406	-0.23011892	-0.18114631	-0.21969342	0.22118956	0.12321225	-0.2124843	-0.18274167	-0.20813534
-0.13772324	0.14088649	-0.12703118	0.13834527	0.11035185	-0.12415252	0.18707037	-0.09418885	-0.10964714	-0.07329236	-0.13359563	0.17929903	0.12126159	-0.10081062	-0.05828732	-0.10245395
-0.13199997	0.17367615	-0.08649216	0.1289049	0.14691083	-0.14054501	0.17582035	-0.1316387	-0.15302712	-0.09934733	-0.14272979	0.15591843	0.099937536	-0.12996395	-0.063481905	-0.1027678
-0.13206778	0.09628193	-0.16290757	0.101316065	0.119549565	-0.10895738	0.17065227	-0.115999766	-0.14219005	-0.13822994	-0.19533452	0.13989654	0.090604626	-0.17701301	-0.01835405	-0.15216333
-0.19293383	0.26093447	-0.20222677	-0.12598942	0.23478676	-0.22005486	0.23241073	-0.25094154	-0.19214414	-0.18284151	-0.2525158	0.24203376	-0.14364453	-0.22083814	-0.2544522	-0.2241114
-0.070912905	0.116216265	-0.027244937	0.07134716	0.12582701	-0.081174	0.09808463	-0.14196959	-0.046087652	-0.032407016	-0.062768325	0.07593466	0.10327254	-0.11798411	-0.0064860974	-0.11980144
0.071154855	-0.12042603	0.13527547	0.082536474	0.026359849	0.051868238	-0.12944838	0.061606057	0.1305611	0.0988757	0.14360668	-0.10553896	0.049793337	0.0797094	0.071034275	0.11168173
0.06345121	-0.054376177	0.1344837	0.04360198	0.04123769	0.07431854	-0.14642358	0.09267954	0.1255844	0.095720835	0.053781778	-0.053789333	0.054242413	0.124852054	0.07212693	0.110884935
0.19405785	-0.26722643	0.2293587	0.10244703	-0.17254291	0.19673085	-0.17803134	0.22807388	0.27510044	0.18867543	0.26253593	-0.24091323	0.14026527	0.18750934	0.2601542	0.19716497
0.18048662	-0.18393715	0.12868477	0.13218863	-0.00088175456	0.14352019	-0.16399598	0.11844089	0.21992974	0.17516169	0.21137467	-0.14133213	0.11791024	0.15579611	0.1927717	0.15281698
0.06533122	-0.12288922	0.09051151	0.059054095	0.052981816	0.08850135	-0.07202269	0.11615667	0.09803318	0.13018183	0.122135684	-0.11859905	0.09022803	0.1119352	0.13411978	0.07257662
0.11979529	-0.14664765	0.15164334	0.070356876	-0.16641873	0.15419027	-0.088396445	0.08728765	0.17323752	0.10136062	0.13889556	-0.14491522	0.044889245	0.12687485	0.16438651	0.14300801
-0.04719652	0.044529106	0.013709333	-0.009671282	0.042016555	0.033250872	-0.03281512	-0.008641791	-0.03158047	0.019446995	-0.04132978	0.00093014166	-0.032117832	0.03677653	-0.011852421	-0.045353066
0.08039827	-0.122685574	0.09621425	0.057058785	-0.024357345	0.08175693	-0.10047882	0.08084693	0.124772534	0.17279574	0.10916898	-0.10724125	0.111327015	0.12873983	0.088156775	0.106619835
0.13459618	-0.17427608	0.1634746	0.05845757	-0.004336297	0.106841736	-0.106375106	0.07675483	0.18876228	0.118534505	0.15109237	-0.17459725	0.10854862	0.07972973	0.12496513	0.14498767
-0.10231987	0.1660671	-0.11882267	-0.030655459	0.10872242	-0.17603327	0.14838737	-0.16508615	-0.152569	-0.19206727	-0.17285413	0.16638117	-0.09162061	-0.14245668	-0.10827223	-0.1351292
0.030148413	-0.04963802	-0.026358604	0.040585887	-0.016605627	-0.010420967	0.02331305	0.042520057	-0.01594466	-0.0049363263	0.015134919	-0.009382378	0.040191483	-0.02843076	-0.013294496	0.024935853
0.1706608	-0.13402173	0.17951356	0.06170485	-0.10030766	0.11204792	-0.18882525	0.09775255	0.1615402	0.1709475	0.18540174	-0.18791583	0.085521996	0.13999596	0.17419212	0.10710913
0.10266594	-0.15120828	0.13079914	0.14019272	0.022587584	0.10907801	-0.15918961	0.06818781	0.14018914	0.15339842	0.14280768	-0.13923033	0.06955815	0.13550949	0.16091156	0.09583988
-0.13296743	0.1521472	-0.19716069	0.12568359	0.18435374	-0.22669934	0.14591163	-0.2009004	-0.19967183	-0.22282913	-0.17180301	0.15639235	0.115897045	-0.19771329	-0.15177523	-0.22193465
-0.16329508	0.22842334	-0.15333974	0.13969767	0.2202464	-0.1811731	0.2129742	-0.22071026	-0.20923027	-0.1535431	-0.17445396	0.21089868	0.12813875	-0.2388607	-0.13995293	-0.18061979
-0.17620103	0.19100544	-0.19645289	0.1194915	0.18569055	-0.21791779	0.14304797	-0.198883	-0.17337373	-0.15678291	-0.19087523	0.15915991	0.16030066	-0.17750987	-0.14969452	-0.14976053
-0.14251685	0.14131042	-0.21201941	0.103164725	0.21620648	-0.24180676	0.22439535	-0.16759999	-0.16723241	-0.13655312	-0.22402908	0.19125693	0.16152921	-0.17616142	-0.09240757	-0.16517806
-0.20123012	0.18875146	-0.12646352	0.08883983	0.19216573	-0.1298748	0.20681642	-0.15580457	-0.10340659	0.0037562824	-0.12801178	0.14367095	0.08893885	-0.12526129	0.07268619	-0.16260248
-0.14861567	0.11278555	-0.17677139	0.13732009	0.09866691	-0.15438598	0.13709496	-0.14509542	-0.096274346	-0.053772587	-0.12699042	0.14114033	0.12991707	-0.13991402	0.05036888	-0.22600311
-0.20386152	0.15880983	-0.17753656	0.07800964	0.13817933	-0.20157441	0.17432053	-0.14320472	-0.16084026	-0.004806309	-0.18032485	0.15545858	0.13254313	-0.17549956	0.02478663	-0.14355275
-0.18322332	0.15628657	-0.101055935	0.11224763	0.19640607	-0.1402579	0.16178875	-0.15769109	-0.13563436	-0.036035977	-0.20459929	0.14166978	0.06889168	-0.15495831	0.045978576	-0.16955829
-0.012662303	-0.029975986	-0.020639194	0.0019226186	0.045968186	0.04898913	0.031957116	0.01117941	0.0359633	0.04926386	-0.011770129	0.020020451	0.0065823793	0.02495173	0.010833599	-0.017310835
0.13518049	-0.06416402	0.13557544	0.06422948	0.01834132	0.09959921	-0.1286724	0.06536985	0.0853481	0.12544155	0.1460518	-0.10057842	0.07026098	0.1371348	0.08866987	0.15158166
0.10796069	-0.043166023	0.08296359	0.07891923	0.054495025	-0.012474264	-0.07311472	0.06745483	0.08817511	0.09695973	0.059650365	-0.1290427	0.04202764	0.046063755	0.043505732	0.06635164
0.19090311	-0.18540584	0.13772169	0.044707708	-0.13880235	0.15347119	-0.13881287	0.15643072	0.23396257	0.2288137	0.1298675	-0.1969548	0.041628327	0.15067604	0.21247385	0.159604
0.002758503	-0.025864398	-0.026779069	-0.0066228136	-0.0213655	-0.039089095	-0.020703126	0.039420698	0.021698508	0.035031114	0.0012993589	-0.014357042	-0.0033857226	-0.0111282095	0.026299585	-0.026759565
-0.029654264	0.027827177	0.003919244	-0.032807518	-0.030037094	0.0004806891	0.042114403	-0.04780196	0.007320296	0.00048897415	0.023775432	0.023912083	-0.047511447	-0.0040991195	0.02674577	-0.008768342
-0.0056380145	-0.032620646	0.047257517	0.011098601	-0.031685732	-0.047550857	-0.020727122	0.010157835	0.04808959	-0.009018064	-0.032408047	-0.021317339	0.014738727	0.018277135	-0.032570682	-0.0045634024
0.089934684	-0.082788564	0.13729098	0.029252782	0.015774641	0.047179356	-0.04350593	0.0438545	0.096138135	0.073925465	0.1316351	-0.13404329	0.07387305	0.052145943	0.1313974	0.08315484
-0.11412353	0.062058877	-0.07339038	-0.09426847	0.063356474	-0.072657466	0.03313738	-0.02466432	-0.053765547	-0.044181563	-0.042502064	0.08170198	-0.11841918	-0.014760225	-0.06025016	-0.08859688
-0.23622882	0.17275922	-0.2152862	-0.08039551	0.18789586	-0.16914819	0.19434647	-0.17719877	-0.18739766	-0.24360108	-0.20403495	0.15080638	-0.1276864	-0.1530687	-0.16814919	-0.18564057
0.26870215	-0.27888402	0.21207832	0.07390685	-0.1872051	0.19180073	-0.20232454	0.16962256	0.27479672	0.2143385	0.25413027	-0.21061343	0.12210322	0.23762296	0.231485	0.2644694
-0.00029831025	0.0049597197	0.06600923	0.040567417	-0.0008268261	-0.0014467582	0.020410791	0.033479884	-0.0143532	0.03841154	0.034096405	0.005719747	0.06654134	0.061960027	0.027056238	0.019069852
-0.13255525	0.19669297	-0.13479777	-0.0477727	0.1449255	-0.2201568	0.15145856	-0.15661511	-0.18090113	-0.20995426	-0.14933412	0.17339413	-0.08773033	-0.14976482	-0.12377686	-0.17717461
-0.12294204	0.16060412	-0.08595118	0.07098984	0.1727063	-0.17645968	0.094999835	-0.17139211	-0.1009336	0.0027076544	-0.15401146	0.097014815	0.17425622	-0.097752616	0.06445174	-0.11743415
-0.075548686	0.14562196	-0.05658969	0.14485897	0.1616081	-0.12918554	0.13245067	-0.112140335	-0.13538337	-0.06879597	-0.09889031	0.09829323	0.19692819	-0.18227434	0.046978388	-0.122630976
-0.06920013	0.116383806	-0.14307432	0.10788046	0.08646672	-0.15525354	0.18078312	-0.17736512	-0.08787082	-0.040749855	-0.09711442	0.16215873	0.14337829	-0.13396716	0.11147561	-0.11771694
-0.1443093	0.12147795	-0.103116214	0.10542484	0.10126943	-0.1312075	0.1314683	-0.15901145	-0.0747547	-0.074808545	-0.119467095	0.17627576	0.19495836	-0.16532326	0.014232124	-0.18827389
-0.002029337	0.024251867	0.039677214	0.008396506	-0.020286156	-0.013005018	-0.013379682	0.030539226	-0.04468435	0.031495783	0.00921775	0.04645029	-0.004322041	0.012905899	0.008449089	0.04034351
0.032382082	0.04480144	0.009343613	-0.043311287	-0.029061783	0.0014801845	0.031892072	0.01017531	-0.002535008	-0.044654418	-0.03766955	0.0016807914	0.003493499	0.008910798	-0.019300818	0.029729333
-0.19529352	0.2607085	-0.1712927	-0.08763592	0.17434366	-0.24872153	0.18301837	-0.21255018	-0.2899685	-0.21351972	-0.25548068	0.20273708	-0.10024461	-0.20204668	-0.20592111	-0.19684157
-0.043620955	0.0028129593	0.048934925	0.034693312	0.009150218	-0.03231223	-0.04195868	-0.04609952	-0.04318763	0.0074937716	0.030580107	0.03445567	0.01863214	0.04357629	-0.017016135	0.019570734
-0.1523337	0.22889063	-0.22630242	0.030939735	0.21135598	-0.25864285	0.23432408	-0.21131018	-0.19059336	-0.25118777	-0.19194883	0.19234352	0.007870015	-0.18402244	-0.1530641	-0.2199251
-0.22069523	0.21167356	-0.17967089	0.02112942	0.2397952	-0.19614778	0.17929743	-0.18542092	-0.17147738	-0.17953502	-0.23586826	0.19586195	0.07911842	-0.23189855	-0.21903013	-0.21040738
0.074400015	-0.04339472	0.12507619	0.10032554	0.03072333	-0.0076326495	-0.06796732	0.06837979	0.059475645	0.12289295	0.07612697	-0.102288425	0.06739852	0.04913804	0.063434646	0.061649244
0.093193375	-0.13986796	0.14519678	0.09856923	0.053787887	0.041061662	-0.08216577	0.09603155	0.12807593	0.0958474	0.081050426	-0.13872111	0.06144072	0.1261022	0.1311138	0.14661771
0.14773189	-0.11192664	0.09814733	0.14979324	0.06135683	0.16328947	-0.17806157	0.102707155	0.12294375	0.1909102	0.1548327	-0.1701923	0.1911428	0.14866348	0.13851613	0.097414285
0.16629784	-0.16131806	0.20578872	0.12760095	-0.17660199	0.16642773	-0.22124276	0.1862995	0.21270822	0.18522197	0.23062102	-0.20876676	0.15652952	0.1602118	0.2115637	0.15154855
0.12170973	-0.13725236	0.17635277	0.049409177	-0.08896852	0.10430909	-0.100317456	0.15325037	0.1523602	0.09154981	0.16703483	-0.11800501	0.10284053	0.07757488	0.08589093	0.16841426
-0.13089168	0.09606423	-0.15195377	-0.06390828	0.07590135	-0.089416355	0.118421264	-0.14925227	-0.12222746	-0.1536904	-0.08851604	0.12975259	-0.05382063	-0.1337525	-0.1044667	-0.104122974
-0.03806504	-0.044912603	0.046951894	-0.04427426	0.03155439	-0.009448707	0.032246497	0.017331008	0.011477362	-0.010345064	-0.015282832	-0.025311578	-0.004868649	-0.022104574	0.041221026	0.019661073
0.034436166	-0.0043098666	0.08481746	0.10001082	-0.0037276088	-0.004700105	-0.013155864	0.01806752	0.020478984	0.0920351	0.054348	0.0028054263	0.13184695	0.064710364	0.039166138	0.05807758
0.10954059	-0.06276672	0.110321626	0.04777072	0.012736981	0.14362238	-0.09381677	0.0726122	0.12219247	0.14833963	0.1043813	-0.13512693	0.06771171	0.09536348	0.09516799	0.068896905
-0.037245475	-0.036118947	-0.031548537	-0.018619277	0.022681858	-0.03920629	0.0067202337	-0.013526298	0.046898793	0.00056178495	-0.01434245	0.043974947	0.027917538	0.024646986	0.01640376	-0.0012523644
0.19728553	-0.27881438	0.28331655	0.1781831	-0.23265332	0.2593929	-0.19644637	0.17886174	0.30051804	0.26901826	0.22269993	-0.2306604	0.21278872	0.21183892	0.2909632	0.2006388
0.17411605	-0.22218773	0.17581216	0.0860445	-0.108053856	0.16358657	-0.20528586	0.17405225	0.21719317	0.2001481	0.1472885	-0.20755312	0.09202665	0.14253092	0.14629425	0.13300838
-0.0062154904	-0.039980434	-0.011489786	0.022699367	0.017412852	-0.034180272	0.009774186	-0.016269147	-0.04123851	0.012918461	0.0010203011	0.016713846	-0.014996123	-0.03723228	0.008439053	-0.048300423
-0.049978483	0.025221948	0.04536024	0.020411376	-0.02545823	-0.004964065	0.007911049	-0.04598335	0.049377266	-0.04045689	-0.048601594	0.027348462	-0.0041821115	0.0328612	0.0063384995	-0.0109816305
0.16009928	-0.17119657	0.15716928	0.055240944	-0.09077763	0.17355618	-0.19028768	0.15194812	0.14723672	0.14723006	0.108128525	-0.17920418	0.1165771	0.14727814	0.1038147	0.19798265
-0.18799478	0.16998783	-0.15458444	-0.06634128	0.17636073	-0.1745695	0.16605704	-0.13353083	-0.1673587	-0.16771147	-0.1687847	0.2022636	-0.051985133	-0.1816986	-0.13827522	-0.14022018
-0.24790366	0.23026836	-0.1893934	-0.12986888	0.2081533	-0.27371728	0.25297087	-0.18229806	-0.26980856	-0.24320967	-0.2147007	0.16540805	-0.06641942	-0.23469651	-0.20584588	-0.19372882
-0.089597054	0.09062437	-0.1326908	0.11836923	0.118390806	-0.10226594	0.07267652	-0.09258325	-0.06917526	-0.14617255	-0.10561497	0.14136906	0.11262397	-0.13423055	-0.03489152	-0.14999668
-0.15763879	0.13601007	-0.14876086	-0.116271056	0.074719295	-0.113657594	0.071379215	-0.115480594	-0.09758278	-0.14823723	-0.082696915	0.15953024	-0.043006144	-0.09883318	-0.10692227	-0.08225512
-0.09431865	0.09859206	-0.0882397	0.026659293	0.12510234	-0.115071535	0.1351287	-0.13739471	-0.10697583	-0.16219535	-0.1088471	0.1552222	0.0056537096	-0.11954197	-0.11405005	-0.1438975
-0.12638135	0.11733977	-0.073360205	0.072050296	0.08121446	-0.11349986	0.13657519	-0.11022111	-0.061488956	-0.08502854	-0.093119964	0.13438015	0.14460722	-0.066434525	-0.015485249	-0.12310488
0.2446739	-0.26745543	0.27925843	0.15734869	-0.19494632	0.20404893	-0.25433156	0.24174902	0.2561289	0.22938439	0.27423388	-0.21791425	0.15490305	0.20917164	0.27919137	0.26669863
-0.12848993	0.069119565	-0.11355949	-0.053200416	0.041747797	-0.06672088	0.05911234	-0.073588476	-0.101757	-0.1083736	-0.083698764	0.06754626	-0.1299799	-0.13719273	-0.061341938	-0.112290084
-0.14322008	0.16767938	-0.1481246	-0.11671492	0.18453494	-0.135766	0.1237956	-0.13556631	-0.17969747	-0.21544011	-0.21261081	0.17112072	-0.059962217	-0.19912085	-0.1531806	-0.14743853
0.1780784	-0.18265602	0.16656138	0.032542594	-0.062740795	0.15560916	-0.09967682	0.15588306	0.17940083	0.17776069	0.15529384	-0.14453642	0.052417096	0.11509116	0.07818393	0.13969725
0.17947887	-0.20710747	0.14449015	0.04865656	-0.120914996	0.16696365	-0.21017021	0.20743553	0.15423594	0.14188509	0.22432244	-0.20862722	0.050480604	0.21111318	0.12945181	0.20778367
-0.08863441	0.08691423	-0.11872583	0.011826488	0.1156785	-0.11157838	0.1088963	-0.14040826	-0.08133526	-0.07781426	-0.094674595	0.14928254	0.06514081	-0.11495308	-0.045681357	-0.15877716
-0.0099190585	-0.036304068	-0.031083202	-0.015060447	-0.024821198	-0.024360811	-0.026484085	0.0065842755	-0.049813785	-0.017803561	0.032206688	0.018977169	0.006687008	-0.0066615567	-0.031401716	-0.00057274103
-0.23087518	0.23230603	-0.27738973	-0.19678216	0.25655767	-0.28297958	0.24135223	-0.24088491	-0.280476	-0.25118408	-0.24231334	0.30013517	-0.09895178	-0.23589274	-0.2505926	-0.22273521
-0.11827617	0.16511668	-0.14297298	-0.12287417	0.106586285	-0.20903729	0.17354396	-0.20685987	-0.14117692	-0.18663691	-0.14271797	0.18458432	-0.078292504	-0.1976854	-0.185511	-0.16551177
-0.08863729	0.16086711	-0.07716189	-0.007157268	0.14783747	-0.14701906	0.14640333	-0.12860453	-0.103985496	-0.15728807	-0.1454546	0.0972104	0.028866244	-0.07701716	-0.11110089	-0.07729752
-0.11748397	0.14827539	-0.11073768	-0.0076064733	0.12868808	-0.08890826	0.1103273	-0.06818592	-0.15190503	-0.07410903	-0.096694164	0.10852804	-0.015866416	-0.0944668	-0.1623092	-0.092245705
-0.13260004	0.18011539	-0.09138245	0.16468355	0.21452305	-0.22198012	0.14613923	-0.19730677	-0.12497528	-0.083121955	-0.15129818	0.209616	0.15920913	-0.15998891	-0.07642458	-0.16257669
0.11066083	-0.067861535	0.16749057	0.106690675	-0.06946145	0.059549633	-0.05218972	0.03865563	0.09465893	0.10303649	0.08376969	-0.15330179	0.21099444	0.049182076	0.1445434	0.054336093
-0.03247001	-0.010332633	0.021918785	0.03287344	0.04886048	-0.040993165	0.012631107	-0.030514872	-0.038686503	-0.048431553	-0.047097065	-0.04121965	-0.021946384	0.036458503	0.038712252	0.032156777
0.106434904	-0.12314151	0.13060464	0.1001959	0.03252232	0.1394747	-0.08531925	0.12113682	0.07629208	0.13837928	0.06871935	-0.14295946	0.08134938	0.06633221	0.105948314	0.1565857
-0.13869016	0.16400331	-0.1477659	-0.053052172	0.15222253	-0.21408029	0.13263884	-0.17275722	-0.21833289	-0.16816367	-0.20821834	0.13441846	-0.057421483	-0.21479851	-0.16494586	-0.214192
-0.032644212	-0.03593538	-0.015098881	-0.04845022	0.0048985705	0.0280166	-0.0082574375	0.007000603	0.008304916	0.012583245	-0.0054724105	-0.027064217	0.047350954	0.02637807	-0.044015694	-0.024138188
-0.20199224	0.17822844	-0.18273753	-0.11286763	0.1558907	-0.19463886	0.21587135	-0.14821012	-0.19794449	-0.17713119	-0.21985653	0.14375572	-0.14410147	-0.15469162	-0.15583067	-0.2063691
0.019446973	-0.008721817	-0.015485097	-0.027146816	-0.01807009	0.044167887	0.023198728	-0.007190086	0.032896433	0.03079344	-0.03586165	-0.019963527	-0.03494338	0.048522223	0.007475555	0.009315766
0.15676227	-0.20306571	0.25061312	0.14852582	-0.16841817	0.1781313	-0.1605807	0.18830429	0.2003492	0.19376698	0.20244993	-0.1861555	0.14446686	0.1664031	0.24700381	0.15483902
-0.09871083	0.19685489	-0.061446294	0.1018218	0.09531228	-0.1442471	0.1639287	-0.077396534	-0.17546318	-0.0432477	-0.1917271	0.13992707	0.14363728	-0.18890713	-0.058463853	-0.16808267
-0.18103576	0.17613536	-0.14335576	0.10961866	0.13686703	-0.08766871	0.10279523	-0.1604569	-0.17019357	-0.063872874	-0.18766737	0.15171058	0.14577322	-0.1647185	0.02389254	-0.08808837
0.011921536	0.047251154	-0.03632308	0.02401537	-0.011456858	0.010265898	0.031784724	-0.03777077	-0.0050512664	-0.03384979	0.020628978	0.026923131	0.01885407	-0.025839722	-0.002183091	-0.008604813
0.0150560625	-0.04313755	-0.0017870888	-0.009471238	0.048089813	0.005862534	0.016110096	-0.0035890564	-0.030912876	-0.044822346	0.022783805	-0.01542915	-0.017197669	-0.0034912936	-0.02452184	0.04263382
0.01926041	-0.024184335	0.03433234	0.016574416	0.034840357	0.010450423	-0.03286866	-0.011353515	-0.028482629	-0.004595589	-0.027995754	0.025838468	0.046741176	-0.02656405	-0.021641279	-0.034822702
-0.1673387	0.11579868	-0.12466705	0.060058545	0.14915614	-0.23265883	0.20117185	-0.17090635	-0.1283688	-0.18825981	-0.14910871	0.12663676	0.1810599	-0.17884272	-0.098799616	-0.18635188
-0.19444731	0.14823358	-0.203958	-0.00010041903	0.22732753	-0.1625587	0.18783511	-0.2174178	-0.19137992	-0.23683192	-0.20856595	0.14957675	0.1138737	-0.18661001	-0.12596488	-0.24491857
-0.20008211	0.21715094	-0.21926711	0.10406201	0.23621783	-0.25136936	0.21942139	-0.24696523	-0.2538502	-0.16787419	-0.21183456	0.22756577	0.044655275	-0.23887281	-0.12940852	-0.20397402
0.165641	-0.19991708	0.19621873	0.15289216	-0.21137708	0.21180007	-0.2622714	0.19859494	0.24459821	0.1841199	0.18750535	-0.22761452	0.13966045	0.23410153	0.18639822	0.21606469
-0.12115532	0.16747878	-0.17897281	-0.110665806	0.16693738	-0.2281605	0.14689721	-0.17509824	-0.21292011	-0.21232043	-0.15522091	0.15920848	-0.14109825	-0.14937142	-0.18819563	-0.2184263
0.09378956	-0.08900525	0.14996496	0.108894266	-0.06698503	0.073960006	-0.05965526	0.054282054	0.17143294	0.10479986	0.09576509	-0.16272956	0.08552911	0.14741594	0.073112786	0.08715795
0.1813046	-0.1238656	0.119050086	0.10767881	-0.039648265	0.09992158	-0.12297057	0.09598236	0.22044726	0.18672304	0.1536134	-0.18234847	0.19098946	0.11643145	0.17270918	0.18489684
-0.038474083	0.007878065	0.031917002	-0.031424988	-0.00122739	-0.016290855	0.03247222	0.03009409	0.033445586	0.019126821	0.0043474548	0.028537642	0.009701513	-0.015587427	-0.022478223	0.0142426975
0.12682736	-0.11627507	0.108274624	0.12812886	-0.072851904	0.10145239	-0.14425582	0.08385853	0.12758526	0.111605324	0.105819695	-0.16303809	0.10472373	0.112630166	0.09253845	0.12633443
0.1550754	-0.14574718	0.19670793	0.090003654	-0.15991518	0.15974598	-0.09854077	0.12885009	0.17262565	0.16309713	0.17828636	-0.12547956	0.11070699	0.1585908	0.10407831	0.19176033
0.21563482	-0.1875615	0.24325737	0.13860741	-0.13718183	0.17333038	-0.24604623	0.22800995	0.21214896	0.20034628	0.16365483	-0.24916093	0.066265	0.17495179	0.21461901	0.22491434
0.044060234	-0.04265225	-0.020635461	-0.0065381415	0.009377908	0.044594314	-0.00091888756	0.029300664	0.019339982	-0.030314935	0.02376337	-0.024512459	-0.011172652	-0.016480576	-0.039070655	-0.03761512
-0.120182246	0.1278963	-0.09710009	0.15844218	0.21001443	-0.17427053	0.16829649	-0.16388534	-0.19309278	-0.10183321	-0.20893897	0.2097368	0.15648997	-0.19658436	-0.001924455	-0.19341248
-0.11350007	0.16525626	-0.1458641	0.09623755	0.16243446	-0.16099058	0.17263928	-0.14541385	-0.16013938	-0.1529725	-0.14180194	0.15065189	0.10252063	-0.196	-6.6177427e-06	-0.21847211
0.03206421	0.029267285	0.013391528	-0.0011381134	0.03262404	-0.0068848133	-0.008432411	-0.048556473	0.034487393	0.02167863	-0.004502952	0.043537024	-0.0060463063	0.017036442	-0.0008179657	-0.0494074
-0.03437848	0.020844486	0.048383895	0.028090488	0.044005957	-0.040673543	-0.014672361	-0.04842932	-0.009746026	-0.0128138065	0.00204847	-0.041743338	-0.032408584	-0.009335946	-0.023869073	-0.02981776
0.035774205	-0.038656257	0.03658599	0.023924235	-0.029606927	-0.034860253	-0.049275137	-0.020118404	0.020259324	0.03754839	-0.007479418	-0.008513045	0.035368744	-0.023180855	0.031823207	0.034019712
-0.13913657	0.15360627	-0.074050546	0.17986637	0.15966302	-0.13849117	0.09766232	-0.15611373	-0.14535123	-0.031704016	-0.13841248	0.10674535	0.20760576	-0.12205573	0.06694486	-0.14219305
-0.071048	0.185983	-0.1228423	0.13475196	0.14513399	-0.20544575	0.15245833	-0.15458514	-0.111235306	-0.013625308	-0.17527613	0.14351858	0.11125249	-0.18299286	0.058392197	-0.17022844
-0.092831664	0.15475751	-0.0853742	0.16411114	0.14752743	-0.13648325	0.14647289	-0.097296074	-0.15164079	-0.07162995	-0.1302883	0.16971745	0.1271354	-0.19192512	0.08447262	-0.134924
-0.1297022	0.17524162	-0.13705602	0.10203404	0.12910163	-0.15249984	0.14376242	-0.14238831	-0.13669029	-0.09810609	-0.111207105	0.12728415	0.18598692	-0.14148964	0.10836153	-0.121007785
-0.039837364	-0.01729117	-0.034292616	0.061221775	-0.007734281	0.0011733121	-0.022650572	0.010016532	0.035853423	-0.023768485	-0.019230697	0.038551774	0.09278627	-0.053979974	0.03187074	0.007946952
0.016628984	-0.04062333	0.040573012	0.0021684654	0.014643762	-0.027419282	0.028300975	-0.021304203	-0.023528887	-0.012283839	-0.013102304	0.049768295	-0.026428057	-0.010688018	-0.037596	0.017567758
0.022921894	-0.016989864	-0.013948906	-0.012766443	0.0010239594	0.039415304	-0.020811057	-0.0004910603	0.039311852	0.047872294	-0.015274573	0.020225015	-0.013309885	0.049301554	-0.028127396	-0.020227706
-0.15497439	0.119181044	-0.13770324	-0.120395295	0.13801934	-0.19739963	0.20372592	-0.1600172	-0.21676716	-0.1567977	-0.19157091	0.19747	-0.1107984	-0.13848959	-0.15622836	-0.15311536
-0.035818752	0.084329024	-0.05498424	0.15372849	0.11441356	-0.0125942165	0.021243993	-0.033623997	0.0012984968	-0.061790597	-0.017154671	0.07255559	0.10820217	-0.017897379	-0.037854727	0.012606469
-0.1437502	0.137568	-0.09340637	0.10577511	0.10034803	-0.109697744	0.061551567	-0.13048843	-0.14810489	-0.108974695	-0.1649803	0.17857447	0.036329072	-0.18510872	-0.10136506	-0.116153836
-0.10975049	0.13495414	-0.13889678	0.07075704	0.06409969	-0.13763434	0.11999152	-0.09077758	-0.09374994	-0.112382986	-0.13397096	0.09901978	0.028647747	-0.08960488	-0.03238902	-0.08394275
0.04822265	0.02422041	0.04304621	-0.0121486895	-0.0053849705	-0.020942425	0.028324436	0.014222179	-0.044179715	0.037762057	-0.0014933944	-0.008224856	-0.027205026	0.0046821944	-0.029230047	0.028389346
0.06101751	-0.12618129	0.11024712	0.07174755	0.05884627	0.050002944	-0.0669124	0.08202797	0.08675536	0.07419316	0.1039179	-0.078387655	0.06403229	0.110694855	0.054341983	0.11059596
0.006194271	0.0059530735	0.043617014	-0.035589587	0.0038066283	0.040280152	0.049916413	-0.023891676	-0.03966844	-0.019856561	-0.04731361	0.019772682	0.040721525	0.03767358	0.015418518	-0.037846707
0.06426257	-0.07631211	0.04586334	0.009077023	-0.081233524	-0.006727258	0.01478628	-0.01829543	0.03772424	-0.0028250841	0.028528843	-0.014406942	0.06005409	-0.00904647	0.051169258	-0.008380752
0.1292221	-0.086842485	0.17322399	0.075987376	-0.0693217	0.12194663	-0.0861893	0.087155215	0.13978022	0.15809427	0.14827184	-0.1277975	0.063679665	0.10930608	0.19023368	0.13792409
-0.10552842	0.1185319	-0.091223516	0.08340148	0.12113716	-0.15001175	0.14466456	-0.08623555	-0.097645275	-0.13760878	-0.11694164	0.110529676	0.083314836	-0.1593968	-0.097684056	-0.14852613
0.07983871	-0.10747457	0.094158806	0.038745668	0.011165019	0.01737611	-0.051157337	0.00230667	0.07147193	0.09513676	0.029225646	-0.072096996	0.0186831	0.073757194	0.056534372	0.03660349
-0.1256893	0.14411671	-0.0667629	0.07567382	0.10221597	-0.10715183	0.08171255	-0.071878225	-0.11521988	-0.111003116	-0.115554266	0.12964636	0.08463766	-0.14025472	-0.06134715	-0.073682144
-0.20539652	0.2162855	-0.17251508	-0.09835101	0.18582726	-0.16132458	0.18854019	-0.18573841	-0.23345639	-0.22075427	-0.19604734	0.18060815	-0.12512162	-0.17079535	-0.12443794	-0.14694452
-0.0062503107	0.046003748	0.043031845	-0.023099674	-0.046342816	0.04821605	0.015338752	-0.0025215745	0.043508735	-0.044792116	-0.024984026	-0.04435561	0.03896836	0.049819674	-0.047883738	-0.03759395
0.13258	-0.065020815	0.0818928	0.06777093	0.10203072	0.06016562	-0.04982547	0.00087609055	0.11854219	0.049418874	0.10917741	-0.098451525	0.11060391	0.052338563	0.12114585	0.12078151
0.13212107	-0.114162326	0.12118604	0.09131028	0.027028874	0.044423826	-0.092132784	0.13039005	0.13458605	0.14736938	0.08074297	-0.16060182	0.10025005	0.17981441	0.09428288	0.17136446
0.1943721	-0.14841647	0.15862542	0.081037536	-0.17200346	0.18130736	-0.15806828	0.14134705	0.20332624	0.13145122	0.1207785	-0.18123998	0.08384068	0.15571795	0.16371185	0.19752418
0.044706214	0.033908155	-0.04866251	0.0051880255	-0.025922073	-3.2879412e-05	0.044022035	0.040373113	0.0062685013	-0.032872785	-0.0007692687	-0.030470824	0.036892977	-0.039797712	-0.040419184	0.04782481
-0.15863793	0.24097174	-0.17253447	0.027700862	0.14604469	-0.19606037	0.17020753	-0.13654831	-0.21012858	-0.22269039	-0.24854799	0.1775986	-0.042238444	-0.19140281	-0.19729407	-0.18889947
-0.120215066	0.13511221	-0.06532049	0.0435505	0.0799706	-0.08309486	0.14920358	-0.08165501	-0.08734065	-0.06575905	-0.07172926	0.092135325	0.16864766	-0.097205795	-0.057653565	-0.15496078
-0.11639868	0.18597075	-0.12630627	0.042858567	0.12017873	-0.21038145	0.1731137	-0.17882453	-0.13551497	-0.17405769	-0.12669031	0.17746893	0.1424441	-0.14637902	-0.07484239	-0.22454272
-0.18674956	0.283074	-0.18799281	0.028770147	0.26579213	-0.29022083	0.21970569	-0.2776435	-0.1896567	-0.16322611	-0.24014094	0.18702567	0.04095778	-0.2097697	-0.1541907	-0.23841198
0.1467504	-0.09223662	0.17210743	0.13429514	-0.108185686	0.10764782	-0.14479586	0.08424078	0.20838468	0.13560061	0.12957661	-0.18669663	0.1230291	0.13281716	0.14097382	0.14112212
0.10312814	-0.16436698	0.14017197	0.14965758	-0.123383544	0.07893586	-0.09995673	0.11698082	0.16237947	0.112301864	0.11661639	-0.18858492	0.12419952	0.12231129	0.20154795	0.08904639
-0.008330893	-0.03279295	-0.0026518703	0.03515203	-0.016298305	-0.0059044845	-0.031389676	0.033944312	-0.047247507	0.038167644	-0.040686883	0.017957117	0.008516502	-0.036299802	0.026889477	-0.004629504
-0.01832769	-0.030853808	0.0036485903	-0.0459957	-0.0006697178	0.0056294426	0.04800247	-0.0012706034	-0.034350216	-0.046972763	-0.048918486	0.029464867	0.02407087	-0.047972348	-0.014731504	0.022296216
0.02805749	-0.00704962	-0.012108602	0.048771705	-0.045639824	0.03783251	-0.047486927	-0.034918465	-0.00039626285	0.029353287	0.03880051	-0.035466254	0.025334422	0.011752844	0.02428602	-0.023090268
0.09693501	-0.056090444	0.045870215	0.06263393	0.024091197	0.048404545	-0.08120322	0.054602437	0.06885673	0.1343813	0.06696562	-0.14470772	0.124855205	0.13500325	0.11852342	0.14010304
-0.009552874	0.038735498	0.026090492	0.03578377	0.049139094	0.03967918	-0.005436074	0.0028273351	-0.026034713	0.018116701	0.04662234	0.04422399	-0.0058251843	0.009612821	0.046064686	-0.026567161
0.15070727	-0.13827494	0.17447479	0.105249375	-0.063610695	0.08645389	-0.12790605	0.08516164	0.14624022	0.17923647	0.119402006	-0.18603346	0.121249124	0.09867682	0.19905935	0.16510285
0.13740261	-0.08565044	0.17681502	0.08498542	0.010890804	0.07866751	-0.1504519	0.14423795	0.18503486	0.11996473	0.15623939	-0.20643276	0.15662487	0.14840074	0.1871457	0.10744537
0.14852992	-0.08094637	0.14017607	0.0949468	0.09059633	0.1418627	-0.09280307	0.15403256	0.14538576	0.174994	0.13195978	-0.12781444	0.07883329	0.113052495	0.12278569	0.18764113
0.1770006	-0.16030805	0.12838936	0.1375854	0.023131106	0.12912403	-0.12173303	0.1471284	0.15213458	0.16967975	0.1346367	-0.15462402	0.116103366	0.10487463	0.114519104	0.16782348
0.028176967	-0.008722376	0.027036157	0.012065839	0.027166713	-0.0044683926	-0.005078841	0.004104696	-0.040911328	0.010206163	-0.025765598	-0.009162761	-0.0468459	0.011582054	-0.017707087	0.042381298
-0.00050897524	-0.004430115	0.0013154149	0.043848585	-0.035687517	-0.028887022	0.0019187108	-0.034559965	-0.015172817	0.007817186	-0.04610337	-0.006014861	0.045189094	-0.029070962	0.013346519	-0.03513508
0.01425885	0.030929137	-0.03760345	-0.010836232	-0.009305429	0.017344464	0.038835693	0.0031131022	-0.049977638	0.01455475	0.019126263	-0.038508274	0.027155172	-0.020430183	0.005387187	0.03509451
-0.17135572	0.23648515	-0.15496117	-0.06423553	0.19713722	-0.21241486	0.18494524	-0.15720336	-0.24423218	-0.1525899	-0.2256036	0.19504441	-0.087263286	-0.18064466	-0.147077	-0.17727117
-0.22433928	0.23633969	-0.20579621	-0.07915401	0.16421418	-0.21985967	0.16287579	-0.18311484	-0.23946606	-0.20353235	-0.18717384	0.23744161	-0.07791509	-0.21429154	-0.21417566	-0.15545423
-0.1725925	0.110874034	-0.12606263	0.042621072	0.106509924	-0.07294937	0.1533045	-0.14712729	-0.060395617	-0.017714905	-0.15136655	0.16261813	0.20700733	-0.13827589	-0.015743034	-0.12890163
-0.10224177	0.15698576	-0.101392545	0.04893107	0.08898459	-0.15389371	0.085596055	-0.102640316	-0.09013944	0.0081281755	-0.16110751	0.08217674	0.18795502	-0.09532982	-0.014794892	-0.15260349
-0.17560439	0.11074789	-0.12839946	0.09229881	0.13425274	-0.1539833	0.11231531	-0.13089809	-0.09838767	-0.03278112	-0.14884807	0.166956	0.20534198	-0.08021787	0.007938555	-0.120563336
-0.11421151	0.109849334	-0.07537979	0.13962084	0.096060306	-0.091897346	0.1467447	-0.16517024	-0.08366692	-0.062932014	-0.18609734	0.12767214	0.13246539	-0.10208778	-0.003373092	-0.119181685
0.17049532	-0.12992196	0.13986836	0.06341517	-0.094031185	0.2054794	-0.13973042	0.18022767	0.1622708	0.14396545	0.21125673	-0.22108045	0.09289814	0.19532488	0.18669687	0.21434475
-0.113515005	0.08169745	-0.058705565	0.048018463	0.11045681	-0.063279934	0.050199687	-0.11832789	-0.03616483	-0.040709626	-0.10518085	0.039965704	0.059501044	-0.050867975	-0.013662765	-0.10706635
0.116032064	-0.17229709	0.11644482	0.12427555	-0.0510209	0.14334068	-0.1437118	0.13593766	0.11289348	0.097046725	0.158702	-0.16077106	0.12238416	0.16140431	0.16263963	0.102090046
0.13610247	-0.13002566	0.15079816	0.083087124	-0.09098074	0.11513802	-0.09110774	0.06616021	0.120172076	0.110697806	0.10065178	-0.11917071	0.074885085	0.11484064	0.15538722	0.12037261
-0.00045700153	0.07850194	-0.0010049897	0.12883756	0.10063677	-0.048065767	0.027070932	-0.05223267	-0.045210406	0.0391012	-0.12357216	0.02123171	0.10058299	-0.060551737	0.07046503	-0.04786532
-0.123405926	0.19054906	-0.16892287	-0.14158392	0.11487682	-0.13967954	0.09596133	-0.12296095	-0.21806724	-0.12526561	-0.18335801	0.1766241	-0.10399359	-0.16569993	-0.12114703	-0.17069432
-0.17466554	0.20352812	-0.16738392	-0.09143935	0.1125295	-0.16732807	0.095832214	-0.14578728	-0.14120941	-0.14918867	-0.20399088	0.1384707	-0.12847356	-0.18559249	-0.19725756	-0.1186577
0.0053351745	0.009844996	-0.04057934	-0.03554126	0.04871322	0.003621351	-0.0070963874	0.043413285	-0.04675269	0.046967637	-0.046685647	0.0225649	0.023145463	-0.010656215	-0.013186943	-0.04581486
-0.11592433	0.19262914	-0.22552627	-0.10369407	0.1558041	-0.2009048	0.19575016	-0.19556622	-0.14813313	-0.14657953	-0.14274688	0.16810368	-0.032480575	-0.2072245	-0.17999616	-0.18932791
-0.18076849	0.2291732	-0.2098753	-0.007949861	0.24014291	-0.20619094	0.20883791	-0.17767599	-0.27811995	-0.18543984	-0.18132992	0.2604893	-0.03879231	-0.20312713	-0.18187782	-0.26446712
0.07160558	-0.12983385	0.14800426	0.109982446	-0.019582877	0.0440296	-0.052866384	0.098546855	0.19329517	0.15516342	0.10056811	-0.16041236	0.09020135	0.0592228	0.18836893	0.09245466
-0.033033676	0.08746475	-0.09555168	-0.08569328	0.072735175	-0.05490239	0.099586785	-0.11203289	-0.09813417	-0.117245674	-0.05405049	0.122131966	-0.05971995	-0.066289544	-0.052029666	-0.06731108
0.19846357	-0.2182345	0.25493526	0.10908402	-0.111405045	0.23898555	-0.25333828	0.23299573	0.2562675	0.21814005	0.19856761	-0.22335808	0.14811306	0.24186417	0.16844098	0.22523263
0.02389625	0.005618787	-0.0043512117	-0.006986791	-0.06384232	0.06545173	-0.028866367	0.06977062	0.033099417	0.06007471	0.03660713	-0.045274265	0.016324919	-0.01827006	-0.011063386	0.011830027
0.2740787	-0.23469816	0.23613076	0.1653823	-0.26905096	0.24514884	-0.32206163	0.24098033	0.32369468	0.2701017	0.261225	-0.30836558	0.12373455	0.2891475	0.32314497	0.26002815
0.06057201	-0.093123995	0.16271669	0.05588868	-0.031597886	0.11944978	-0.09401793	0.042124253	0.16715781	0.1392491	0.05056999	-0.108560845	0.14100084	0.043450646	0.10999003	0.07253039
0.13569413	-0.19048998	0.1261686	0.14673193	-0.07439218	0.11392892	-0.14192317	0.18063828	0.13866502	0.18092524	0.17984535	-0.1295427	0.11986942	0.1267823	0.19089778	0.14880887
0.15156424	-0.098069176	0.14113814	0.0627594	-0.02432801	0.08625936	-0.0959738	0.11766579	0.18348911	0.08200931	0.16007589	-0.17826958	0.10031324	0.087381504	0.12506662	0.16494663
0.0012646317	-0.008494008	-0.0398242	0.043641593	-0.029376937	0.047071997	0.015237246	-0.015842926	0.047629643	0.04218172	0.030805718	-0.045395434	0.040701937	-0.041905202	0.029391754	0.015316013
0.06904458	-0.107824944	0.15039985	0.08010823	-0.13879685	0.14982426	-0.155903	0.08397915	0.08942687	0.15469986	0.16078508	-0.1619799	0.12029973	0.116165146	0.09883866	0.1275823
0.10832635	-0.12882571	0.13570629	0.12476339	-0.11352886	0.1486721	-0.101368494	0.16441023	0.12447662	0.15657988	0.10242397	-0.13099794	0.05513365	0.099064276	0.107655555	0.15863788
-0.023797406	0.04811779	-0.017542206	0.04684398	0.044214014	-0.024309183	0.011108924	-0.04722432	-0.019520212	0.04221325	-0.02773583	0.0024110302	-0.03103205	-0.03534291	0.01578721	0.03325553
-0.043009248	-0.01230637	0.022930052	0.035538528	0.025128629	-0.044397082	-0.006658949	-0.039453566	-0.032462407	-0.024373878	0.04719526	0.04817379	0.038729537	-0.010126255	0.028132383	-0.011037983
-0.15309675	0.21948299	-0.14354181	0.09112152	0.17736427	-0.15478817	0.2327412	-0.20143877	-0.19369869	-0.15756309	-0.13563663	0.18570738	0.071659505	-0.22851035	-0.124722436	-0.19934067
-0.13578083	0.107592024	-0.071067505	0.051998377	0.15052292	-0.12815607	0.16520743	-0.09372173	-0.14313081	-0.07840496	-0.1333238	0.15289445	0.011448733	-0.114564724	-0.1111472	-0.17206264
-0.1618301	0.15679772	-0.12900023	0.011475005	0.093319274	-0.18034227	0.18477981	-0.12565097	-0.16611776	-0.14572963	-0.10434225	0.08359734	0.011967413	-0.13965008	-0.10471985	-0.13862939
-0.0090380795	0.044597838	0.043007586	-0.037606657	0.030680154	0.0123433955	0.04261372	-0.03944571	0.023938332	0.004744161	0.011164509	-0.010619771	-0.010004569	-0.0049312115	-0.04111912	-0.03502325
0.18990496	-0.16171749	0.117928095	0.034445915	-0.11972899	0.16741797	-0.16479929	0.12474656	0.13865528	0.17275633	0.1733858	-0.12310585	0.05849891	0.16370296	0.13252649	0.14286338
0.10893065	-0.12071672	0.044255406	0.061589368	0.030171411	0.098796025	-0.099401645	0.046650782	0.06542377	0.050505254	0.07172542	-0.054726336	0.13546652	0.0754291	0.12838903	0.121210955
-0.23627825	0.22982164	-0.18085709	-0.16187648	0.20172445	-0.22365652	0.19880797	-0.21743914	-0.25979584	-0.22784795	-0.19171146	0.26435983	-0.10842895	-0.1906507	-0.26109442	-0.19269393
0.214019	-0.16724727	0.23716247	0.09284695	-0.11004952	0.20984003	-0.17412415	0.13904552	0.24766459	0.22912365	0.23146597	-0.14895307	0.08898223	0.17262648	0.21972837	0.1631668
0.15179841	-0.14829074	0.11319341	0.041755106	-0.1040159	0.10616226	-0.10896069	0.10964531	0.13495433	0.084631294	0.0685583	-0.07290399	0.037036926	0.12215932	0.094675265	0.12258919
0.118439965	-0.1228745	0.08736087	0.1472229	0.029363178	0.123921685	-0.06274889	0.13753314	0.08287519	0.14759783	0.07902802	-0.090357795	0.13928998	0.092359796	0.14518906	0.1254932
0.16690333	-0.15781441	0.1405102	0.13540371	-0.18995038	0.14357291	-0.1790566	0.16740794	0.16489662	0.16702546	0.13844773	-0.15137893	0.1357078	0.13800581	0.20165116	0.21368614
0.09233007	-0.085153684	0.18059711	0.14414145	0.04436129	0.06897164	-0.11994476	0.12302421	0.091089085	0.15053731	0.108153425	-0.10538797	0.14716636	0.12078051	0.16034736	0.12157169
0.13663635	-0.17007537	0.10472776	0.0755969	0.032271873	0.09117989	-0.13008636	0.060878932	0.15899831	0.17540735	0.11073705	-0.10436891	0.11019052	0.1274822	0.0936234	0.09648805
-0.0012873345	-0.017240902	-0.026553947	-0.00013958315	0.06103947	-0.06267767	0.06316532	-0.01282885	0.00066950644	-0.03955776	-0.002940532	0.058069468	-0.034667533	-0.0011148632	-0.07766578	-0.096966706
-0.17092843	0.19316022	-0.14862743	0.04799206	0.16143258	-0.20596611	0.13947508	-0.20604889	-0.21834421	-0.16633655	-0.20486818	0.18151411	0.06041105	-0.1501001	-0.18252711	-0.14262542
-0.1912276	0.21968515	-0.14376897	0.08534919	0.19797854	-0.17586231	0.20707618	-0.14542083	-0.1912858	-0.19949844	-0.14257386	0.20833845	0.07826222	-0.16067502	-0.11221315	-0.15113617
-0.12433752	0.15559904	-0.06343505	0.08860859	0.1562759	-0.18586813	0.09255337	-0.11480335	-0.0747091	-0.04185031	-0.10250207	0.1441237	0.14926192	-0.11393589	0.07718374	-0.16845988
-0.0989936	0.1297578	-0.06115995	0.14943586	0.11425253	-0.1868117	0.1687723	-0.097794294	-0.13686804	-0.08159504	-0.104236044	0.11706393	0.1369231	-0.11142885	0.094308786	-0.119309835
-0.08049607	0.12744527	-0.12390334	0.09784947	0.11366254	-0.15779528	0.13160509	-0.16107537	-0.1345003	-0.07225157	-0.12287662	0.10331435	0.14720342	-0.1059274	0.057707116	-0.16858609
-0.15356667	0.1566009	-0.117775895	0.1727016	0.12740035	-0.16772512	0.14104132	-0.114221014	-0.09465421	-0.041513056	-0.15140125	0.10563855	0.11465861	-0.1328473	0.048805103	-0.13359189
0.009363294	0.028822038	0.009405363	0.032458473	0.04685745	0.042336773	0.023928907	-0.035597157	0.017301705	0.006723631	-0.045620717	0.021910552	-0.030437028	-0.018580116	-0.024323512	0.03587464
-0.20180069	0.15687816	-0.17297728	-0.07155845	0.16218664	-0.16531579	0.19816102	-0.16232847	-0.21582308	-0.18437232	-0.1667489	0.19624652	-0.031597402	-0.20129564	-0.17525706	-0.1562468
-0.16247252	0.15696977	-0.22517316	-0.048650052	0.1920712	-0.16159514	0.1988271	-0.15344828	-0.17923643	-0.16353269	-0.1652403	0.17741314	-0.08826687	-0.16243368	-0.20712459	-0.1563534
-0.11351845	0.11088927	-0.14132662	0.06515403	0.14714168	-0.09451827	0.12485518	-0.10034165	-0.14953378	-0.1479158	-0.1191824	0.16420336	0.12817773	-0.13071604	-0.064092435	-0.07652531
0.15272045	-0.087976374	0.07855252	0.075034276	-0.08231478	0.089515515	-0.07586358	0.08675099	0.08669567	0.070592426	0.17389221	-0.13900048	0.08638122	0.08295288	0.0973235	0.089046404
-0.048520386	-0.009102799	-0.025904644	-0.03716091	-0.030341018	-0.0028947107	-0.02663486	-0.034551274	0.010937355	0.03604069	-0.025902271	-0.011719525	-0.010951329	-0.043179106	0.017278496	0.007197071
0.15303181	-0.13791011	0.10055144	0.0064805234	-0.1292539	0.14440948	-0.1307663	0.085810155	0.17113258	0.098230734	0.10410873	-0.10901345	0.05551942	0.16011511	0.10955268	0.12384705
0.21934356	-0.22783396	0.26589665	0.21494147	-0.11959044	0.19942302	-0.27123508	0.20932788	0.2625701	0.27564555	0.289377	-0.2076229	0.21013904	0.22145766	0.29806	0.19732401
0.14965375	-0.098470904	0.16524406	0.06025536	0.03457796	0.16041711	-0.1347463	0.1664547	0.16964784	0.11615035	0.141345	-0.10887808	0.051472683	0.14294906	0.06555589	0.18468927
-0.04370761	0.026286032	0.0445642	0.029412296	0.0011886135	0.022065531	0.0048169605	0.00015794113	-0.0361961	0.01613367	-0.027476097	0.0063632242	0.043786492	-0.030360783	0.016999338	3.1303614e-05
0.090136304	-0.0657884	0.11092313	0.05673394	-0.02230265	0.12795238	-0.14930426	0.12204209	0.12076497	0.13768084	0.14607412	-0.15089986	0.11935338	0.14104271	0.13673358	0.13351175
0.1199709	-0.16853745	0.21101505	0.12613411	-0.0016398099	0.09933308	-0.1426854	0.12915312	0.14294392	0.14998476	0.19953981	-0.11603052	0.10905537	0.15158787	0.15516739	0.21355043
0.12175248	-0.10045454	0.08595651	0.057520818	-0.086720034	0.13808188	-0.07182192	0.068021685	0.14579137	0.11348782	0.15493368	-0.074617505	-0.007349787	0.15035409	0.15935388	0.14556761
0.09456674	-0.08150968	0.16951485	0.019275663	-0.09041717	0.07578899	-0.14351499	0.06308093	0.13069102	0.16663687	0.10643867	-0.13378927	0.048866265	0.09276819	0.15200046	0.124142654
-0.07172919	0.07283293	-0.031723585	0.06447486	0.1734142	-0.13397074	0.14772089	-0.15132648	-0.11050451	-0.050299086	-0.064302236	0.10412884	0.027045134	-0.10500198	-0.028597191	-0.09461503
-0.15693592	0.12376163	-0.0750592	0.1621406	0.15621099	-0.15080547	0.21235935	-0.14979342	-0.10439762	-0.07574606	-0.15872298	0.16631348	0.1362076	-0.1876415	0.034186255	-0.15609156
-0.1830545	0.13687114	-0.13211069	0.15963733	0.12940295	-0.22633731	0.16865292	-0.21417707	-0.16501573	-0.13771261	-0.120649815	0.12574483	0.08028628	-0.14457236	-0.04263648	-0.13582735
0.020256687	0.027218368	-0.008537054	0.048676316	-0.005265724	-0.008707225	0.009499885	0.00681901	-0.047930814	-0.02386253	-0.0014839657	0.026100148	0.041464034	-0.018391203	0.043436933	0.010493923
-0.20437151	0.24526107	-0.22509253	-0.11584834	0.21696752	-0.23849176	0.22472823	-0.24622282	-0.25232357	-0.263677	-0.29728684	0.28277072	-0.14353018	-0.25875682	-0.2520206	-0.19576743
-0.0027579442	0.009650528	0.03019322	-0.037097655	-0.010956228	0.038075034	-0.0024085268	-0.03698368	-0.03985872	0.017399859	-0.011841368	-0.0014807954	0.015592087	0.027405608	0.0326314	-0.017994843
0.01633871	-0.0022846088	-0.047814883	-0.0030469187	0.030194413	-0.01249963	-0.037400294	-0.02294351	-0.01442951	-0.03762754	0.03505869	-0.02617873	0.015401278	0.040378544	0.024318818	0.041769434
-0.19786392	0.19164272	-0.13334963	-0.0980889	0.13661657	-0.12617859	0.13169613	-0.19573759	-0.16125344	-0.13920024	-0.13903093	0.17257005	-0.046762094	-0.18654619	-0.13373296	-0.15126474
0.04868659	0.02505387	-0.008824278	0.043547537	0.029267732	-0.027453208	-0.041082382	0.012190629	-0.0042788386	-0.018432535	-0.006054722	-0.03755033	0.027671587	0.010772597	-0.00030808523	-0.035648774
0.1457612	-0.11461517	0.114112474	-0.02158719	-0.100864924	0.13475433	-0.11637646	0.061218552	0.1458525	0.07649772	0.06988352	-0.068172894	0.03189654	0.14571005	0.17080048	0.1291506
-0.1560578	0.20245264	-0.15955962	0.043786578	0.22332412	-0.20727566	0.1996785	-0.17298023	-0.1984346	-0.20297103	-0.22679994	0.22090343	0.16282174	-0.22789183	-0.14612117	-0.18142837
-0.19829062	0.1830251	-0.14488965	0.039539132	0.18173647	-0.16489843	0.20509697	-0.18138982	-0.16030878	-0.1519428	-0.1607214	0.24134165	0.17001328	-0.21783578	-0.18707713	-0.20917468
0.015592877	0.031699274	-0.004463613	0.03110553	0.04649308	-0.02990426	0.00401156	0.011381436	-0.015828192	0.016402092	-0.04633826	-0.02860849	0.010619305	-0.04472909	0.040679622	0.003591895
-0.055909816	0.015014153	0.015573318	0.02484248	-0.009921279	-0.0009279953	0.004692186	0.023127437	0.019869566	0.0155831855	-0.046010252	0.036032587	-0.04236863	-0.04770983	-0.03850833	-0.0018689675
-0.14703465	0.13530797	-0.1252455	-0.1189811	0.16093345	-0.19189794	0.17179304	-0.12911546	-0.2280144	-0.14754385	-0.18172434	0.1278694	-0.06744993	-0.17748353	-0.18898097	-0.17747302
0.10014773	-0.14575906	0.11395488	0.053638104	-0.0993899	0.121327646	-0.11720975	0.080392584	0.08781936	0.10026416	0.12074667	-0.105108626	0.074383795	0.12340095	0.1497281	0.086507216
-0.20923463	0.18334673	-0.2169186	-0.15347043	0.19473796	-0.21092528	0.1787071	-0.21434441	-0.1790852	-0.24650523	-0.2661367	0.16741075	-0.029675769	-0.18784137	-0.20618734	-0.17580727
-0.18954113	0.23051211	-0.19480099	-0.15702166	0.18278007	-0.23343444	0.18903576	-0.16420677	-0.2559767	-0.22681957	-0.2704895	0.25037602	-0.11218461	-0.2029619	-0.206437	-0.23230925
-0.13149567	0.14037067	-0.16791728	0.17866859	0.20618485	-0.23038594	0.17261858	-0.19488624	-0.13252057	-0.1599993	-0.110116154	0.14652796	0.20178789	-0.13466921	-0.06105615	-0.12220897
-0.17123866	0.19035459	-0.16082479	0.193787	0.18413398	-0.20952673	0.20324497	-0.14059229	-0.10546947	-0.14394142	-0.11244977	0.14289348	0.21540752	-0.19810012	-0.054773867	-0.17853585
-0.0899921	0.12020492	-0.106376484	0.16630441	0.17911637	-0.19983704	0.19845094	-0.14247696	-0.14036426	-0.15208772	-0.15323742	0.14609246	0.23506492	-0.17317176	-0.038820982	-0.16666177
-0.014511537	0.02388307	0.033309508	-0.00439018	-0.034455158	-0.048643637	-0.046714403	0.048275996	0.034375284	-0.0030310862	0.032215144	-0.035068057	-0.008925162	-0.016158152	-0.011678468	-0.0271016
0.13116927	-0.15371363	0.21098426	0.1266998	-0.18735506	0.18898518	-0.13891956	0.15646505	0.18695569	0.18597236	0.1743539	-0.22268648	0.07729369	0.16093352	0.20917977	0.14925747
-0.019740796	0.012113858	0.034689795	-0.03130559	0.022399489	-0.03467376	0.031883422	0.02477229	0.04264312	0.040210094	-0.03908912	0.01360127	0.04179846	0.042049017	-0.049053002	0.022350613
-0.12937498	0.18843769	-0.1429095	0.088491276	0.11450015	-0.12703991	0.09143588	-0.16630113	-0.16242287	-0.10889611	-0.2067548	0.17531623	0.18435414	-0.15883146	0.033363454	-0.11443166
-0.18337782	0.15846394	-0.12986903	0.069653705	0.100913756	-0.15101872	0.15003665	-0.13042986	-0.16265213	-0.083336435	-0.13248865	0.19012803	0.14866695	-0.17571996	0.0045138956	-0.1585943
-0.15995617	0.1986252	-0.10582463	0.05745994	0.14875852	-0.13075605	0.0984652	-0.1760997	-0.15242222	-0.09331977	-0.18504688	0.1840343	0.19432084	-0.13554294	0.045161325	-0.19108047
-0.15114467	0.14373584	-0.11165855	0.08463065	0.11143875	-0.16871063	0.12573019	-0.14920947	-0.12962665	-0.079771794	-0.19148624	0.16249089	0.19015823	-0.17380087	-0.009290522	-0.17129336
-0.16689704	0.116336405	-0.07393893	0.06142872	0.10811255	-0.16837749	0.12942675	-0.12586653	-0.14138564	-0.11465545	-0.10037411	0.14323162	0.10408851	-0.10345481	-0.08564044	-0.17947496
-0.16956863	0.17518711	-0.1525718	0.13866766	0.11639822	-0.10541116	0.17855395	-0.11144742	-0.1150264	-0.051876877	-0.13620861	0.1537707	0.10570043	-0.08503337	-0.096817136	-0.17430513
-0.16133921	0.109860666	-0.07459169	0.060038287	0.100390874	-0.07710744	0.08147324	-0.09397704	-0.090193816	-0.059909064	-0.120518826	0.08247619	0.12623982	-0.14813727	-0.10844074	-0.16336103
-0.1107324	0.15703762	-0.14646974	0.079728775	0.17424197	-0.10610801	0.09593286	-0.17138097	-0.09733024	-0.056271285	-0.13138355	0.13185033	0.1606127	-0.1524529	-0.104956426	-0.16967143
-0.107925646	0.18077186	-0.14475225	0.11985997	0.17293386	-0.16282973	0.12706368	-0.100936376	-0.16759343	-0.056450732	-0.14664	0.0940434	0.11465945	-0.1595325	-0.07399295	-0.08492081
-0.18211284	0.23505645	-0.21312921	-0.11691685	0.20735678	-0.2710724	0.18348832	-0.24513483	-0.19989258	-0.23810583	-0.1828095	0.26501802	-0.06370478	-0.1872665	-0.26350203	-0.23990856
-0.14223659	0.14895102	-0.20352846	0.14536263	0.21329497	-0.1809413	0.18910088	-0.13429193	-0.15465587	-0.1546451	-0.18515064	0.16526559	0.15726604	-0.1299479	-0.1244601	-0.2185988
-0.199045	0.2710647	-0.286752	-0.19637138	0.22088392	-0.18406972	0.2441537	-0.18794712	-0.26402497	-0.24784635	-0.25289276	0.21061024	-0.1019616	-0.28459057	-0.26463234	-0.26314893
-0.22971874	0.1727779	-0.20003186	-0.030339092	0.22759642	-0.27074578	0.23598683	-0.20219015	-0.20215812	-0.2567069	-0.2572071	0.24372602	0.02849123	-0.24631172	-0.15809956	-0.1892204
0.076626524	-0.05467244	0.098242894	0.031537183	0.017488705	0.057382423	-0.04623608	0.042256795	0.115614906	0.01246167	0.08131405	-0.05572114	0.058632195	0.08657378	0.09689192	0.08222871
0.14075993	-0.10402058	0.12909478	0.09680903	-0.075879335	0.09493728	-0.19336107	0.09777581	0.16752684	0.21015608	0.1604461	-0.17238012	0.1371684	0.19794354	0.15940706	0.16385528
0.23603337	-0.20311624	0.2145703	0.13256286	-0.18469945	0.18662553	-0.22571678	0.18279397	0.23407443	0.21988647	0.16608569	-0.17061032	0.10366985	0.15198155	0.21416682	0.24091469
-0.11652409	0.14509007	-0.19134693	-0.046906304	0.1730181	-0.1567956	0.12129771	-0.1635762	-0.11877191	-0.17673767	-0.123490885	0.11302214	-0.031794112	-0.1473455	-0.18422648	-0.17511474
0.1505844	-0.09953605	0.15437318	0.020921042	-0.13426393	0.14852831	-0.08540696	0.12620674	0.18446346	0.1151496	0.112230375	-0.1441619	0.009276094	0.18879546	0.11977771	0.11768396
0.0136617115	-0.038392376	-0.03143531	-0.03966761	0.008323861	0.017556481	-0.00074855506	-0.07819141	-0.0016266782	0.038292523	0.038973387	0.04917639	-0.00034090425	-0.047477853	-0.047036435	-0.0061509865
0.1878318	-0.15914097	0.15993693	0.08324552	-0.19609754	0.12350383	-0.19608822	0.17877965	0.21292108	0.14937073	0.17234528	-0.21684335	0.12019494	0.19940138	0.14740019	0.16526042
0.12305958	-0.08766489	0.08287739	0.045068763	0.03753139	0.14460772	-0.04514341	0.05000166	0.092112295	0.13000056	0.09589313	-0.041258216	0.12688088	0.075027145	0.13984744	0.09865854
-0.03814595	0.03681991	-0.0363973	0.026779328	0.015907612	0.0010183938	-0.046313286	-0.0026556626	0.03496364	-0.015541911	0.041700277	0.040452387	0.018339816	0.006601047	-0.016518127	-0.031529404
-0.26383498	0.26005274	-0.25395167	-0.10532712	0.15496573	-0.18608448	0.26859593	-0.25213695	-0.2516117	-0.20217514	-0.20564978	0.21153827	-0.10588002	-0.2342989	-0.2754599	-0.2798205
-0.15973516	0.108243816	-0.13708915	-0.015599736	0.1364678	-0.11270092	0.13226451	-0.18735686	-0.2113247	-0.1665243	-0.106628984	0.16500194	-0.09647823	-0.10100979	-0.11588642	-0.17860499
-0.20793265	0.15595037	-0.12495874	0.112190105	0.14333299	-0.15102777	0.21529494	-0.14182103	-0.16004318	-0.19209732	-0.20691067	0.15714628	0.13385466	-0.18598546	-0.11712008	-0.20819049
-0.15793273	0.17075881	-0.09997133	-0.034644395	0.11155665	-0.18057577	0.171739	-0.0855648	-0.1952645	-0.12155157	-0.1217812	0.097376734	-0.031079706	-0.1527524	-0.17606091	-0.11051342
-0.06781896	0.06668066	-0.1263689	0.06826409	0.16617012	-0.09655319	0.099879	-0.17982955	-0.086776756	-0.029646587	-0.12574446	0.16016401	0.08911337	-0.08752809	-0.03468937	-0.15724765
-0.09073834	0.08985526	-0.06400436	0.13439225	0.11294515	-0.16215622	0.123076685	-0.17592032	-0.11119223	-0.07053835	-0.09271373	0.1175711	0.076151974	-0.13123237	-0.05721307	-0.11344617
-0.17351773	0.14610861	-0.20314853	0.06986343	0.189532	-0.13475098	0.13320008	-0.18070926	-0.13492666	-0.17917095	-0.18888028	0.17531657	0.05612928	-0.2073947	-0.1277668	-0.2072289
-0.11905757	0.18533999	-0.20856401	0.062885866	0.154548	-0.1788413	0.14307894	-0.21218382	-0.16289778	-0.13032566	-0.15792842	0.19597307	0.10614236	-0.22606091	-0.11685725	-0.21158561
-0.049958017	-0.028021872	-0.039228104	-0.018144287	-0.0063883066	0.024264347	0.015335608	-0.043771327	-0.029551042	0.02155738	0.010510813	0.011718582	0.038612176	-0.024159312	0.03976125	-0.049180627
-0.007434748	-0.045083344	0.04673971	0.022960093	-0.037135232	-0.040227473	-0.013115607	-0.04963651	0.019699123	-0.03483496	0.033696417	-0.02857442	0.008161712	-0.010848917	-0.040316127	-0.0010432377
0.040965628	0.046355877	-0.01338489	-0.0027150288	-0.01148491	-0.0038054474	0.034951415	-0.0007677078	0.014858369	0.04127692	-0.00044239685	-0.023037935	-0.033717	-0.003422808	-0.00276836	0.018530611
-0.19798285	0.22473757	-0.23341975	-0.094671264	0.27159652	-0.27531594	0.27030343	-0.25010616	-0.2859468	-0.20329887	-0.23315161	0.21493796	-0.113744944	-0.23991144	-0.25278974	-0.27637562
0.19699462	-0.18643843	0.23699385	0.116812475	-0.160643	0.14876491	-0.1838971	0.13621435	0.2266499	0.21736525	0.20599179	-0.22708328	0.08193938	0.15512347	0.20313886	0.23220123
0.018797088	-0.017457891	0.008162223	0.021329653	-0.012578808	-0.04422462	0.00029658154	0.032424722	-0.003955625	-0.011965275	0.039827194	0.04988796	-0.04619943	0.024228726	0.004022576	0.024621818
-0.004109632	-0.015461527	-0.015553951	0.04155301	0.007917941	-0.028547395	-0.039707005	0.04241666	-0.01745379	0.0048529133	0.022877228	0.041759584	-0.04873395	0.046115343	-0.04046335	-0.04980726
0.013971988	-0.01788472	-0.0027268045	-0.045978356	-0.013269223	0.0015709177	0.032744	-0.02905488	-0.044873632	0.017238546	-0.020215703	-0.00203396	-0.031549297	-0.043104317	-0.0012152195	-0.036224354
-0.08278971	0.109418355	-0.0823004	0.07410495	0.13142413	-0.10016296	0.1020503	-0.08922364	-0.10693601	-0.064405724	-0.059669856	0.03407384	0.048302196	-0.06390863	-0.075226195	-0.13489595
-0.22016521	0.24546033	-0.24505214	0.0060596014	0.17301644	-0.18713322	0.24526483	-0.17170133	-0.25451833	-0.18921463	-0.1976509	0.23468359	-0.10021755	-0.1490785	-0.20558643	-0.20590767
-0.1819482	0.20834067	-0.21190575	-0.018354354	0.20497255	-0.18220305	0.21086463	-0.20652305	-0.18134777	-0.24450125	-0.20668712	0.24580945	-0.036619306	-0.23025231	-0.14308181	-0.22233887
-0.15288286	0.21354647	-0.18058483	-0.07110507	0.20865013	-0.20442456	0.24129096	-0.18888304	-0.1938517	-0.20983605	-0.21839929	0.22632618	-0.014585516	-0.19112761	-0.17681187	-0.18534671
-0.1783968	0.17911802	-0.20092796	-0.04511205	0.19712912	-0.20059834	0.16855857	-0.23415162	-0.16960432	-0.15562612	-0.19840539	0.17159817	-0.025041627	-0.1931224	-0.14861116	-0.25053233
-0.24187328	0.22509435	-0.18483134	-0.08473734	0.15566313	-0.22773224	0.19238701	-0.24532352	-0.24738571	-0.17969036	-0.20845702	0.1794213	-0.070391566	-0.229023	-0.21347634	-0.20515712
-0.17397358	0.24388568	-0.16067398	-0.06773802	0.15868668	-0.2561205	0.22741961	-0.21088286	-0.25100112	-0.1951148	-0.22537407	0.21597166	-0.06967223	-0.19312035	-0.176863	-0.16034718
0.046585117	0.046711627	-0.035710514	-0.027485907	0.008825351	0.025991548	0.0043854006	0.038582336	-0.039146375	0.019032601	0.013488244	0.0077919364	-0.014764406	0.028466556	-0.011465691	0.042568836
0.04036064	0.008325983	-0.04263357	-0.024512125	0.027854707	0.030230593	0.027753148	0.014928829	0.0098360665	0.022078875	-0.007949986	0.017231371	-0.012353875	-0.0014978535	0.017707597	-0.018490981
-0.008348178	-0.00984136	-0.018947614	0.009456325	-0.04719161	0.0076338276	-0.049042083	0.049594793	0.009200383	-0.014754772	0.0030452982	0.01857147	0.041695964	-0.00876205	0.022972073	0.013685856
0.012833957	-0.005201541	0.023964737	0.04365747	-0.022131657	-0.004641436	-0.042731356	-0.023643136	0.044301663	-0.016590774	0.0027281046	-0.043077696	0.003954433	0.046429444	0.030584801	0.03900702
-0.020833839	-0.023426866	-0.04787804	-0.006284345	-0.0062706843	0.04827944	0.036628786	0.02167518	0.031102601	0.023845565	0.007931601	-0.035811923	0.0426188	0.027345512	0.012219418	-0.012299191
-0.040154934	0.026749622	0.029836942	-0.042732146	-0.04380814	-0.008063424	-0.013076246	-0.04851638	-0.04215443	0.005223226	-0.009646703	0.0186087	0.012802754	0.04590491	0.03298383	0.030566704
-0.0033461675	0.038806323	-0.029861499	0.02717917	-0.010002397	0.03516895	0.030543987	-0.004663635	0.004383873	0.04972743	0.019903872	0.0369344	0.02170204	0.010064088	0.044795725	-0.013811063
-0.04589933	-0.023133194	5.7555735e-05	-0.048240926	0.017599676	-0.001557827	-0.02615136	0.040338505	-0.008621238	-0.020285381	-0.01106187	0.028881025	-0.041985273	0.015342448	0.049142484	0.038216162
-0.013210177	-0.046726372	0.021626893	0.033628467	0.026039708	-0.0060843714	0.023528885	0.023889687	0.03643885	0.00019899756	-0.02029804	-0.011536192	0.027525011	-0.018286608	0.019992445	-0.04606514
-0.0067089424	0.00800278	0.038147833	-0.024085104	-0.0049973726	0.017413925	0.042832818	0.03529148	-0.027694035	-0.02101264	-0.010080218	-0.0072487704	-0.00057679415	-0.0034846775	-0.003502883	0.037979428
-0.11867875	0.0841132	-0.057592697	0.1078294	0.119078964	-0.16147396	0.124898426	-0.14288452	-0.17215796	-0.09778336	-0.113822274	0.1357226	0.13834497	-0.14976682	0.053393334	-0.18389714
-0.1403521	0.114188395	-0.092478745	0.13293995	0.18606968	-0.18141341	0.15899937	-0.11393966	-0.15445256	-0.06682055	-0.14770387	0.090000935	0.13929217	-0.13455753	0.026378956	-0.13073866
-0.084373794	0.10198655	-0.1382641	0.07850553	0.15020156	-0.16955987	0.19852372	-0.122123	-0.0901976	-0.103116065	-0.15029447	0.16733956	0.092376135	-0.17295404	-0.0055520856	-0.18163557
-0.16820514	0.15089475	-0.11878116	0.13901658	0.1938385	-0.18797469	0.1847469	-0.19300076	-0.15240243	-0.10730094	-0.09070928	0.17400037	0.062015787	-0.14952923	-0.0010928614	-0.1146047
-0.14490066	0.14595829	-0.08587287	0.15150791	0.1558851	-0.15518297	0.20142873	-0.12608822	-0.16706632	-0.092049606	-0.1016747	0.15219246	0.14895137	-0.15485887	0.07363311	-0.12939274
0.15658809	-0.13002847	0.13826719	0.08384827	-0.08394758	0.18282667	-0.101525195	0.17537625	0.208907	0.14399177	0.16704339	-0.21282798	0.054133367	0.19445303	0.11517791	0.13093586
-0.15451163	0.15364778	-0.23853791	-0.112804785	0.2213777	-0.21592906	0.23805924	-0.14410643	-0.21957754	-0.23759171	-0.1662587	0.1767171	-0.121734634	-0.15863319	-0.14815485	-0.24539919
0.10757279	-0.17928979	0.1154842	0.06237307	-0.071309485	0.09362136	-0.09504031	0.15130606	0.13036285	0.15332854	0.16557543	-0.098440744	0.09887886	0.14210494	0.16190712	0.13809018
0.22577254	-0.1740818	0.18624492	0.08927114	-0.107217364	0.15158953	-0.2197247	0.21611993	0.18110563	0.23934865	0.2479665	-0.19825798	0.14760768	0.24250737	0.12623926	0.25114658
0.14792767	-0.1599161	0.11050852	0.046960954	-0.048515826	0.12775145	-0.13538909	0.10892013	0.1755154	0.15589783	0.17038096	-0.11553554	0.0026516896	0.10211908	0.12718117	0.20673694
0.15952751	-0.23470639	0.16585438	0.078391865	-0.14369035	0.22240461	-0.22850494	0.1537876	0.22870906	0.18733989	0.24132523	-0.21663955	0.0733453	0.22748245	0.16286978	0.23346874
0.04057682	0.027508307	-0.02926668	0.007822085	-0.01766207	-0.032816254	0.022901203	-0.048210274	0.038640227	0.016204607	-0.0034435503	0.018259834	0.0012377724	-0.040084135	-0.007693447	0.04283042
-0.041944575	-0.0428571	-0.037959218	0.01324052	0.046565425	-0.002122961	-0.023389494	-0.00844432	-0.033689618	-0.006825529	0.012132704	-0.044512298	-0.039985858	0.013439167	-0.04109366	-0.009106338
-0.14177562	0.08426046	-0.14053202	-0.057405982	0.14360271	-0.14992036	0.08339337	-0.12961558	-0.07186501	-0.13259013	-0.13436742	0.1383487	-0.060399856	-0.11955213	-0.0748139	-0.14164919
-0.16779946	0.15187992	-0.17552492	-0.064953655	0.1720552	-0.15857553	0.16429316	-0.1035348	-0.17924401	-0.103984945	-0.10536576	0.17193823	0.0026364129	-0.14551984	-0.12250874	-0.19335788
-0.105014645	0.18225458	-0.13275455	0.046426553	0.043288857	-0.11852417	0.082650445	-0.0656852	-0.17844856	-0.13231064	-0.12369819	0.16799499	0.041654333	-0.19601648	-0.12203719	-0.16276716
0.1876643	-0.19377416	0.18599549	0.13451736	-0.15556869	0.18475047	-0.13578063	0.1594542	0.19122237	0.1293137	0.16920847	-0.19564107	0.06294847	0.188519	0.2224863	0.13880272
-0.13983153	0.15881251	-0.14091118	0.01394163	0.1844621	-0.18679532	0.08775819	-0.14124772	-0.10725021	-0.078694195	-0.16015412	0.071719974	-0.011999151	-0.094846286	-0.09911312	-0.11940283
0.082820304	-0.15784088	0.16503604	0.010797442	-0.054326285	0.15754129	-0.13531874	0.12816057	0.16434427	0.16608694	0.1325654	-0.07710099	0.07335958	0.08862583	0.075736314	0.1388144
0.029869232	0.030266825	-0.03598237	0.011038255	-0.03707839	0.037531305	0.01793516	-0.03771826	-0.012856185	0.016615484	-0.0063330904	0.010010015	0.045608494	-0.0047603734	-0.03618604	0.0002264604
0.013346698	-0.031772293	0.03521384	-0.044534076	-0.045620035	0.041995037	0.046114136	-0.041854333	-0.022505438	-0.026188422	0.04507606	0.045100834	-0.00014836714	-0.044971135	-0.022624433	0.03315646
0.16329247	-0.21091612	0.15641831	0.12828673	-0.14396812	0.14971921	-0.18980429	0.16617484	0.16704908	0.18336877	0.16012913	-0.20644858	0.0858588	0.17390916	0.21953899	0.15960641
0.1632067	-0.19920065	0.13088192	0.09689723	-0.09163934	0.18680644	-0.1615229	0.20553519	0.21098067	0.18829247	0.1435727	-0.2055226	0.07852057	0.2194619	0.13538533	0.2113162
-0.018509269	0.008809805	0.027218554	0.044032577	-0.02233094	-0.033281878	0.014393758	0.02186269	-0.025292052	0.013095174	-0.040392123	0.018546168	-0.0018535629	-0.033200383	-0.042624235	0.029311765
-0.010866117	0.00038594007	0.013441753	0.010970153	-0.0039955154	-0.0320189	0.04496031	-0.042173147	-0.01971345	0.021750543	-0.036329605	0.014374588	0.027331386	-0.028152276	-0.02177583	-0.03626169
0.024368826	0.0073420405	0.03606237	-0.026962554	-0.005010497	0.030340623	0.010587454	0.042759206	0.031497788	-0.044464745	0.023926105	-0.036465038	-0.039287496	-0.039157294	-0.0025097504	-0.04100286
-0.025880802	0.03624359	0.035858165	0.0023848303	-0.03661734	0.03221127	0.034088913	-0.019739974	0.029634003	0.013458911	-0.02558409	0.013866607	0.00994736	-0.0018515587	0.031944025	-0.03432641
-0.02393849	-0.01087936	-0.03755647	-0.022393597	0.027376425	0.047991727	-0.036162604	0.04935089	-0.025936365	-0.044240404	-0.048253443	0.006996859	0.0402727	0.003907025	0.046335492	0.01915804
0.03288305	-0.014982462	-0.025889635	0.04156426	-0.008552372	0.043854717	0.032927345	-0.02760364	-0.01858462	0.02526753	-0.041425325	0.00493617	0.027704965	0.019348156	0.038747225	0.032826733
0.03888083	-0.10974537	0.12246633	0.11014383	0.05165634	0.047253408	-0.098427944	0.045415387	0.043127198	0.12088353	0.0938383	-0.06994747	0.12470283	0.1072243	0.11174385	0.019017715
0.091032565	-0.13218728	0.16766536	0.08313852	-0.15244435	0.100082904	-0.13175541	0.14055595	0.1395227	0.17596515	0.14466332	-0.17664202	0.06823368	0.14456514	0.097387284	0.105598316
-0.16326654	0.11632522	-0.17259467	-0.05270562	0.129548	-0.17712538	0.18431327	-0.16546766	-0.23242924	-0.1864303	-0.15502395	0.20116687	-0.11325583	-0.19364813	-0.18971317	-0.17165983
-0.21632215	0.15518428	-0.18642496	0.034361765	0.18543929	-0.22203346	0.2349516	-0.23048696	-0.20572096	-0.22594653	-0.24517162	0.16684586	0.11412629	-0.15273233	-0.14612542	-0.18749568
0.17483616	-0.16202967	0.15059678	0.1306192	0.015781906	0.16472384	-0.17766073	0.09278017	0.21949603	0.15641727	0.14311935	-0.14999686	0.15524225	0.19665973	0.13718241	0.18199089
0.11023198	-0.07776068	0.08720211	0.101837896	-0.040005397	0.087467805	-0.09518876	0.121210724	0.17820977	0.09331018	0.123757236	-0.15170692	0.09371825	0.113926254	0.1674557	0.11197509
-0.093293265	0.11979097	-0.09061055	0.027495958	0.12962879	-0.10500295	0.08619727	-0.12295706	-0.10063763	-0.087969035	-0.06865194	0.11063737	0.112733535	-0.12938404	-0.0684542	-0.050127923
0.20674406	-0.19820707	0.2507842	0.11489784	-0.14218573	0.15431711	-0.18706326	0.17520534	0.2503988	0.19532692	0.24280904	-0.2500313	0.081057325	0.2273514	0.24511759	0.1642307
0.0774376	-0.011415874	0.02282353	0.07557044	-0.05668229	0.030979114	-0.110243894	0.045595713	0.084640026	0.060352974	0.05826036	-0.008183616	0.14157254	-0.0010087506	0.0074703246	0.091011375
0.1037498	-0.10227355	0.087936684	0.033271935	-0.13560203	0.08240958	-0.07295584	0.100501575	0.1527663	0.073461495	0.11522854	-0.080043904	0.05503687	0.048323475	0.15671355	0.091335505
-0.1649872	0.1757037	-0.16258825	-0.025436044	0.17868493	-0.15856329	0.090472244	-0.15270677	-0.17120562	-0.11886392	-0.08449116	0.0956961	-0.056077134	-0.11955217	-0.10145099	-0.10438179
-0.1827308	0.16885234	-0.16202518	-0.1473527	0.18952085	-0.20346293	0.182655	-0.15301833	-0.16189827	-0.24450393	-0.19181691	0.24249132	-0.15143692	-0.22232148	-0.16476443	-0.21636277
-0.1854497	0.15955237	-0.08288366	-0.006098095	0.18830523	-0.14905949	0.14934522	-0.1504989	-0.16290551	-0.10439952	-0.10279254	0.17079398	0.05974996	-0.18153138	-0.08603289	-0.12365734
-0.008682841	-0.040576126	0.052061554	-0.013751519	-0.031015003	0.05812854	0.004910014	0.072984435	0.011531851	0.03942886	0.03101481	-0.055876654	-0.00117796	0.057870034	0.040552404	0.041167714
0.111184835	-0.09209179	0.08164212	0.13927412	-0.14738004	0.09516351	-0.06407096	0.14321943	0.0723164	0.09225618	0.06716284	-0.091658674	0.0606971	0.09142112	0.025454039	0.12634301
-0.011958381	0.04529784	-0.009053457	0.0675128	-0.01680979	0.038258582	-0.05144274	-0.012741679	-0.025108984	0.0387491	-0.064028606	-0.043114502	0.071493894	0.0020283272	0.045068916	0.06422328
0.13248071	-0.06903065	0.13495441	0.07169594	-0.16195269	0.16013744	-0.16294748	0.05670757	0.14774165	0.0809748	0.12953945	-0.11083802	0.10526223	0.06879086	0.097474895	0.15528491
0.03151301	-0.018178083	0.019697938	-0.0077468753	0.025603663	-0.0007387623	0.0022802837	0.024094377	0.037123654	-0.0431584	0.014944803	0.039545942	0.010144472	0.01872715	0.045536194	0.004199993
-0.16739322	0.09105605	-0.17565106	-0.047903232	0.09824537	-0.150264	0.1631763	-0.14771514	-0.20902264	-0.17013335	-0.10403815	0.122822724	-0.029615857	-0.12569661	-0.12745918	-0.10428336
0.10959157	-0.109481	0.18642178	0.059027996	-0.13822134	0.114751615	-0.15105973	0.14890756	0.12402188	0.108318225	0.16341361	-0.1882749	0.026768623	0.1961167	0.188824	0.19158192
0.12447301	-0.13108529	0.17081639	0.095213436	-0.14821087	0.14560719	-0.15560582	0.12031489	0.14288758	0.18049084	0.20027308	-0.17603292	0.07784338	0.15096195	0.14670597	0.15999147
-0.17043278	0.16160671	-0.13425228	-0.04235239	0.19214965	-0.21189615	0.13511984	-0.13110898	-0.12822859	-0.09998104	-0.10598425	0.1074572	0.00033981906	-0.12970437	-0.15001553	-0.14651477
0.12832277	-0.080151886	0.11748104	0.104997374	0.034688056	0.0893623	-0.09841323	0.071947776	0.14447416	0.10747149	0.1283178	-0.14529459	0.103783004	0.09358704	0.13883553	0.16989654
0.20161894	-0.13247433	0.16146484	0.10824428	0.071509704	0.09292254	-0.18863513	0.13731278	0.20163831	0.1598584	0.11298097	-0.12424441	0.15033758	0.18756278	0.13015759	0.20939349
0.16514102	-0.13433254	0.15883172	0.1152285	0.03483062	0.08748846	-0.17845747	0.1874579	0.15246837	0.120627604	0.17910263	-0.1581871	0.14664494	0.15384392	0.114548765	0.12046486
0.16055581	-0.1800221	0.09310754	0.17483962	0.035841506	0.13730037	-0.13901687	0.12978265	0.18118256	0.13548051	0.18000756	-0.113272354	0.115190804	0.1197211	0.13484846	0.2060634
0.13462691	-0.15820894	0.15719262	0.10937066	0.03291721	0.13073044	-0.13422038	0.1729062	0.19246678	0.14975758	0.13590966	-0.102335095	0.09663321	0.16751511	0.10144349	0.16213892
0.17903857	-0.18125656	0.13274635	0.13874933	0.037548214	0.09999628	-0.16939023	0.20460342	0.19476451	0.1432995	0.17508335	-0.14420214	0.17894763	0.16785331	0.12586495	0.20068263
0.21406046	-0.25508133	0.21088716	0.09318263	-0.19309275	0.19621815	-0.19095492	0.23550366	0.270365	0.26896483	0.25298265	-0.23706864	0.14410047	0.2394976	0.19533223	0.23743968
-0.17297043	0.12109869	-0.095096245	0.010325397	0.20521647	-0.2184442	0.17193444	-0.2209825	-0.17960377	-0.15269557	-0.19324492	0.1271473	0.009987478	-0.19344632	-0.08790206	-0.19204614
-0.024495542	0.04536443	0.036312867	0.002677787	0.047737483	0.04757135	0.03812817	-0.045801964	-0.038696148	-0.048974037	0.007875133	-0.028389825	0.03749517	-0.028816223	-0.03555118	0.011305869
-0.17246045	0.15601677	-0.18818131	-0.15953283	0.16747954	-0.20112824	0.18126257	-0.1445726	-0.2244915	-0.17881802	-0.22397187	0.20803623	-0.12592779	-0.1859286	-0.18493553	-0.16192217
0.1357226	-0.12541461	0.09765292	0.08363694	0.11170118	0.1254433	-0.11402739	0.11915656	0.165818	0.11463857	0.12725833	-0.18265864	0.08542859	0.115575805	0.14559732	0.14731869
0.16360508	-0.1795388	0.10118798	0.14058876	0.055910733	0.1706344	-0.1212845	0.07352882	0.15643212	0.16926673	0.12699635	-0.13873522	0.13373674	0.14979304	0.13771068	0.19171971
0.1490091	-0.15603292	0.17549373	0.114870206	0.14079632	0.12730984	-0.14630781	0.08391117	0.105940156	0.10417711	0.17661302	-0.09849603	0.13752651	0.15167262	0.10567806	0.14065288
0.1358607	-0.17172325	0.15367502	0.088920966	0.042803828	0.14058799	-0.15577771	0.093596615	0.13435726	0.14660564	0.15428479	-0.16402435	0.16041592	0.07387903	0.13975717	0.15051118
0.175432	-0.102514684	0.17884648	0.17059267	0.05151188	0.1372916	-0.093552604	0.1647428	0.13216464	0.13991512	0.088776045	-0.09287676	0.12792365	0.11464301	0.14140467	0.17760876
0.04871932	0.00350672	-0.018357337	-0.04864211	0.047950987	-0.018126916	0.022342656	-0.03049475	-0.04377396	0.044425312	0.03719649	-0.0023247488	-0.035699703	0.006726742	0.043555927	0.04163141
0.016151655	0.03713614	-0.042688012	-0.031599596	-0.03992722	-0.023463918	0.021417204	0.04201183	-0.007936548	-0.022813832	-0.011230338	-0.019839967	-0.021873606	-0.0034355149	0.010166336	0.046040583
-0.04876262	-0.0018316023	-0.045574427	0.02448621	0.019768838	0.01731347	-0.035307933	0.04625969	-0.0021046884	0.021506775	0.029584717	-0.042799808	0.049707796	-0.049890388	-0.030232145	-0.034808196
0.016935002	0.03618324	-0.023829926	-0.046161126	-0.048362326	0.026233066	-0.005574085	-0.037462126	-0.012080155	-0.022255672	0.04876827	-0.038218558	0.024060678	0.004750561	-0.021494998	-0.042998563
-0.0019636154	0.0012810118	-0.033343196	-0.006185163	0.039827947	-0.043720093	-0.04838574	0.03008033	0.029868532	-0.034010746	-0.0026453733	0.022923354	0.046213094	0.008103181	0.04464021	-0.01729516
-0.04326986	-0.041490614	0.036971394	0.04792993	-0.028066827	-0.04740837	-0.041649163	0.03779212	-0.018216658	0.020652998	0.04159322	-0.040293954	0.024056483	-0.019915104	0.046869185	0.026596393
0.014849868	-0.0014978163	-0.049442377	0.03105196	-0.043520093	0.04999161	-0.027244603	-0.048495304	0.0144432895	-0.02734133	-0.038954817	-0.030996168	0.028133605	-0.034519553	0.009064652	-0.039292883
0.013898063	0.011113085	0.048857663	-0.026560843	0.036380116	0.040476713	0.047079775	0.027945247	-0.03903576	0.040012848	0.03928722	0.026183072	-0.010597836	-0.00082203	0.011534262	0.015173163
0.046690118	0.016014006	-0.025691628	-0.003448449	0.02910832	-0.027148498	0.023592021	-0.022617782	0.01389296	-0.030671943	0.026854087	0.02181175	-0.03266696	0.012256004	-0.0050594583	0.03144225
0.018342305	-0.041929495	-0.031344548	-0.04777961	-0.02123568	-0.04110656	-0.017670214	-0.02897488	-0.0039475337	0.018201064	0.009621132	-0.047164775	-0.03930831	0.010872494	0.029615942	-0.013321079
-0.049369253	-0.04443847	0.018976677	0.047321532	0.046232823	-0.036147665	0.0065631866	0.021767545	-0.01765176	0.010772966	-0.03327912	0.008814752	0.03207406	-0.024102176	0.019266415	-0.03246858
-0.024904383	-0.043271553	0.0036632419	0.04784591	-0.009384166	0.0056459084	0.019299362	0.04792664	0.0311069	0.0043905377	-0.014646579	0.027715158	-0.016692854	0.047002565	0.010186624	0.022183467
0.0023301952	0.024531368	-0.022980273	-0.018028487	0.023463015	0.0011918545	0.0126036145	0.034196246	0.030002262	-0.023192072	-0.03367438	-0.032917548	-0.029899025	0.015869725	-0.04235145	0.048005734
0.21038315	-0.203004	0.13962246	0.1252039	-0.11757785	0.1732001	-0.13494502	0.113771304	0.21354616	0.20983034	0.20402503	-0.23158531	0.072940916	0.15227632	0.18955281	0.17487358
0.21036683	-0.22997035	0.20394142	0.11174504	-0.1306513	0.13440399	-0.13347793	0.19166538	0.2285743	0.1767626	0.23455304	-0.19731212	0.12907673	0.13402462	0.11063721	0.20135577
-0.04203836	-0.010258485	-0.010326039	-0.03713603	0.020437393	-0.031058466	-0.01133883	-0.011510778	-0.023710836	0.03857298	-0.01410643	0.03435452	-0.0069658533	0.032872703	-0.029455615	-0.008569073
0.1351004	-0.15929554	0.16375253	0.17091744	0.06404407	0.15865685	-0.11711067	0.13921067	0.18074004	0.12496678	0.12799864	-0.11303343	0.16696917	0.16382788	0.16936095	0.18426576
0.1496258	-0.17487165	0.082200855	0.14807065	0.0713461	0.08561321	-0.18997999	0.095668755	0.12283753	0.14689831	0.10199188	-0.1266094	0.12979482	0.11216176	0.16610019	0.16867611
0.0025996573	-0.021349484	-0.035629362	-0.010333968	-0.030974368	-0.011273036	0.027748058	-0.036524028	0.036089662	-0.0062715	-0.04547995	0.027060762	0.025595749	-0.030592715	0.04339085	-0.04272922
-0.24960789	0.19982511	-0.17020994	-0.0123607805	0.26513207	-0.23548809	0.2597	-0.2435898	-0.17917679	-0.14962938	-0.19010054	0.21613309	0.082163714	-0.16194852	-0.17209524	-0.19971195
-0.1431989	0.1480251	-0.098598644	0.0886567	0.16156676	-0.0953466	0.10971017	-0.1598032	-0.1439199	-0.025975883	-0.11274413	0.15442127	0.16040032	-0.1778424	0.06839685	-0.16210029
-0.09954003	0.10874683	-0.11319504	0.10519148	0.15621275	-0.13668153	0.15035427	-0.15854017	-0.057197552	-0.034418475	-0.12591387	0.12599066	0.1595526	-0.122131854	0.102089755	-0.07973047
-0.059307378	0.07247242	-0.03585173	0.051160768	0.07970809	-0.10485618	0.144779	-0.073262684	0.0013800453	0.038539276	-0.17097253	0.13047294	0.09162523	-0.17076667	0.062607765	-0.13187006
-0.0443498	-0.043171525	0.00444863	0.006812405	-0.048197877	-0.045261826	-0.01350981	0.007079374	-0.03802725	0.04738498	0.043162335	0.015575718	-0.0039270297	-0.04996903	0.038028423	-0.040644895
-0.14073493	0.1778054	-0.07707112	0.08226137	0.12035762	-0.13044563	0.13951176	-0.12400552	-0.12633944	-0.10631133	-0.16544035	0.120457046	0.1989454	-0.15162954	-0.007370274	-0.113876246
-0.065130845	0.075883776	-0.104994506	0.07484498	0.08561264	-0.14157431	0.063951544	-0.05523265	-0.12309076	-0.03761895	-0.14486936	0.08817208	0.0811223	-0.09788078	-0.050316587	-0.10506261
-0.12088475	0.14000115	-0.13229465	-0.07290178	0.13812032	-0.11490471	0.18995771	-0.08674126	-0.16171812	-0.17924657	-0.16723503	0.14108948	-0.07939877	-0.14631838	-0.13430075	-0.18669182
-0.16489413	0.15617949	-0.113054715	-0.116490565	0.12885106	-0.19991513	0.18773675	-0.12108555	-0.20115085	-0.18905133	-0.19999163	0.14276761	-0.09036355	-0.20832159	-0.1894089	-0.17444222
-0.10012387	0.17161506	-0.094037935	0.103660114	0.08154904	-0.17025508	0.18230449	-0.14450735	-0.13851619	-0.09791728	-0.11386682	0.1003722	0.07581503	-0.14190993	0.0051570795	-0.17171535
-0.1716475	0.10226496	-0.11066044	0.080932714	0.15912381	-0.14801526	0.12053688	-0.17431974	-0.106368974	-0.101499714	-0.12764862	0.12075457	0.13597436	-0.11057896	-0.058571395	-0.10353795
-0.1322102	0.17741194	-0.20044298	-0.03872692	0.09599332	-0.17767797	0.13836214	-0.18009856	-0.14232709	-0.16508724	-0.12397035	0.198512	-0.09483443	-0.15652692	-0.13111012	-0.13751322
-0.054959573	0.058946103	-0.100617565	0.07241616	0.10858099	-0.14030011	0.1147115	-0.10314979	-0.095781386	-0.006126061	-0.090944625	0.092006646	0.11000737	-0.0692866	0.041343674	-0.072833724
0.094452165	-0.14158817	0.11666345	0.058203865	-0.05106376	0.14653471	-0.13279112	0.12849562	0.08835347	0.10866224	0.15486248	-0.081782594	0.06904853	0.097252	0.13625722	0.07919683
0.16000456	-0.20826519	0.21601723	0.09434967	-0.206201	0.2521896	-0.14551762	0.21274735	0.23863293	0.14989103	0.20958619	-0.18818887	0.128152	0.23775627	0.19360973	0.1725723
-0.26252913	0.2584206	-0.28785536	-0.13197438	0.17459105	-0.20508231	0.2893967	-0.23019321	-0.31054643	-0.2750907	-0.23190999	0.26772863	-0.20631956	-0.2692054	-0.250146	-0.28789148
0.0018352586	-0.0042453534	-0.021899758	-0.026298989	0.017913848	0.0053816633	-0.038776122	0.01230236	0.01920197	-0.007985467	-0.03553873	0.015845701	-0.012276061	0.029879844	-0.003986072	-0.038388677
0.15273029	-0.15953182	0.13290122	0.06846532	-0.11740271	0.13828026	-0.097215675	0.084945425	0.15000649	0.18328509	0.1514978	-0.10917695	0.094193295	0.1432506	0.1057665	0.17442538
0.020005655	0.027388249	0.04162283	-0.038512528	0.046579685	-0.006920267	-0.048489522	0.011034537	-0.044866014	-0.009403359	-0.02440617	0.022629943	0.027831089	0.048519958	-0.037431657	0.006747294
0.06771914	-0.066423096	0.11125756	0.06644716	0.073962286	0.1116769	-0.09314895	0.119551346	0.10127551	0.05543034	0.08697484	-0.109123714	0.07616615	0.11326772	0.12926796	0.054835394
-0.16351429	0.22161059	-0.113197416	0.10065202	0.14791791	-0.1468934	0.18033804	-0.11339779	-0.1354836	-0.081271656	-0.1741684	0.19118233	0.1653105	-0.18409857	-0.05951856	-0.12878408
-0.18138915	0.16449454	-0.17980976	0.076837376	0.13649195	-0.0924501	0.17270014	-0.1517	-0.1707671	-0.14866824	-0.17204627	0.17944786	0.18494469	-0.19214317	-0.061329357	-0.13885513
-0.19117439	0.16032839	-0.1111818	0.12862998	0.089611255	-0.108927175	0.15192121	-0.09874356	-0.19410926	-0.13438796	-0.19632043	0.16670547	0.1454725	-0.165793	0.0016764451	-0.16374196
-0.13866386	0.14412872	-0.16772574	0.12489233	0.12910163	-0.12662055	0.14928101	-0.1611596	-0.15472521	-0.1483266	-0.16100723	0.19790676	0.13227227	-0.22707208	-0.06193609	-0.13774565
-0.17535377	0.1636929	-0.1671409	0.052744936	0.09310944	-0.14868082	0.1917026	-0.112715244	-0.16507496	-0.13734673	-0.14130461	0.16720335	0.17080998	-0.18247953	-0.031061532	-0.18649463
-0.14992696	0.16390817	-0.11817334	0.12811092	0.14315668	-0.13974331	0.114289485	-0.15287891	-0.17473817	-0.07949024	-0.16629355	0.15512103	0.17842957	-0.15794751	-0.04447434	-0.13088296
-0.14708221	0.21680087	-0.15334436	0.13982332	0.13281304	-0.12412143	0.16280854	-0.105682425	-0.20911461	-0.17128007	-0.14189634	0.20255199	0.12269892	-0.1604569	0.0002871367	-0.12205332
-0.15025207	0.21113394	-0.13435186	0.095028795	0.101558335	-0.14403334	0.18770768	-0.14760594	-0.13660724	-0.09706377	-0.13609396	0.18578361	0.12507346	-0.19159082	-0.07605855	-0.1367198
-0.07445886	0.0617755	-0.051123645	-0.09213525	0.100178264	-0.0960739	0.12369586	-0.07142765	-0.12312205	-0.09625522	-0.0722349	0.11523972	-0.064994395	-0.043629333	-0.061111532	-0.095368356
0.18358733	-0.11759159	0.14607662	0.14579734	-0.13726455	0.11748697	-0.17114505	0.118837625	0.20448601	0.16045542	0.19323812	-0.11901104	0.11157487	0.13197614	0.22631054	0.19329272
0.16207656	-0.15889005	0.19399357	0.042485684	-0.15390486	0.1401097	-0.16537619	0.20879988	0.14720546	0.16136165	0.17755334	-0.19972306	0.08445459	0.17555542	0.18121018	0.22082621
0.16708913	-0.14181152	0.12664431	0.095698915	-0.15127839	0.13195255	-0.12715848	0.20750903	0.20602944	0.15256928	0.1967012	-0.17061505	0.024295041	0.17653953	0.16507609	0.13677365
0.044851575	-0.042354107	0.02899753	-0.047304537	-0.023666097	-0.00027469546	-0.04403155	0.014617983	-0.037429273	0.007525943	0.009949364	-0.007099472	0.014591169	-0.0123883	0.03335352	-0.009037316
0.06942103	-0.12270305	0.018747125	0.035569496	0.028708749	0.0013078899	-0.09271491	-0.028400484	0.068847075	0.03392813	0.096078314	-0.05118741	0.060515538	0.055018105	0.032027327	0.023038214
0.086118974	-0.16471185	0.14118208	0.15784392	0.03356856	0.12989482	-0.12821743	0.13757898	0.1813332	0.13431677	0.17114815	-0.14944519	0.1391772	0.08618351	0.16533993	0.16354808
0.2537534	-0.25315443	0.1858756	0.13060035	-0.20164159	0.20896056	-0.19195426	0.23615685	0.20849723	0.20746395	0.2350626	-0.22144096	0.07052335	0.23673153	0.19213586	0.20442986
0.13390757	-0.15578213	0.14269058	0.14612536	0.028580144	0.12108841	-0.12518482	0.09105864	0.13488105	0.084740154	0.08329143	-0.10525442	0.11943261	0.1132247	0.15055883	0.07020678
0.18334559	-0.18176788	0.114347026	0.11487294	-0.10866351	0.1408696	-0.11919755	0.11744179	0.2064099	0.18395856	0.13850325	-0.15921243	0.08628176	0.13999228	0.18460129	0.19663891
-0.010291928	-0.08050369	0.062394205	0.046162743	-0.038568925	-0.004932691	-0.028748699	0.027272273	0.120479755	0.08413423	0.025080014	-0.085087754	0.04416124	-0.016045332	0.08159235	-0.021040633
0.18509518	-0.18192397	0.16779803	0.14272597	-0.14000788	0.20403247	-0.16405772	0.25380948	0.27979904	0.26546746	0.24228849	-0.24771151	0.1585199	0.18821158	0.23914765	0.17888354
-0.0355181	0.0636843	0.012142803	0.016032986	0.0091855405	-0.038922466	0.06819833	-0.050138593	-0.0036455642	-0.003272995	-0.025899202	0.041038983	0.025468674	0.027198168	-0.06579916	-0.07115118
0.09265139	-0.16696298	0.13913897	0.07920305	-0.06114588	0.12473331	-0.15183438	0.123467766	0.18515639	0.19241625	0.12229578	-0.12159332	0.16132025	0.14206022	0.13386644	0.099786595
-0.016829036	0.046902966	0.008282434	0.015715186	-0.04052124	-0.024543358	0.032625582	-0.005120624	-0.04320052	-0.048702873	0.020598862	0.0028276816	0.046686616	-0.037139524	-0.041743267	0.04293603
0.10601282	-0.1309204	0.10099267	0.09589098	-0.02284269	0.058228742	-0.047366112	0.048050515	0.11266814	0.08233709	0.044091184	-0.06667935	0.12515086	0.109335914	0.111668706	0.10204895
0.11690964	-0.10609408	0.10173794	0.06884905	0.021889612	0.038785413	-0.09881952	0.10569249	0.08096998	0.055986974	0.09414053	-0.05945198	0.09784633	0.048902404	0.118729524	0.12569103
0.21042912	-0.19969963	0.16676618	0.1171832	0.08898466	0.18141332	-0.2101402	0.13261019	0.2283104	0.16979681	0.20040944	-0.1952021	0.12218138	0.10531273	0.121431045	0.14594291
0.19808066	-0.11160607	0.19377674	0.18780458	0.038863674	0.12224045	-0.14603871	0.19538546	0.21993762	0.20035818	0.19843408	-0.18556629	0.11799386	0.13909008	0.14152367	0.15938665
0.19571128	-0.16216742	0.23551527	0.087233976	-0.22303268	0.22199327	-0.14219487	0.18061842	0.19582547	0.16083068	0.16881028	-0.18060316	0.12526771	0.13974766	0.16059549	0.15137671
-0.22206931	0.15027763	-0.1914572	-0.11553179	0.22340399	-0.18122214	0.23763722	-0.2143281	-0.21899506	-0.17011978	-0.17225896	0.20747711	-0.11721616	-0.15649973	-0.2183232	-0.2183182
-0.04083766	-0.043406323	0.039248686	0.014220471	-0.016089424	-0.047127858	0.03050342	0.056723107	-0.0035038448	0.013795665	0.00784766	0.018880066	-0.00012055778	0.007939728	0.028641589	-0.019047689
0.22920427	-0.2311661	0.22744182	0.1634842	-0.22992587	0.2447593	-0.22183424	0.19271702	0.18324973	0.20179026	0.19821998	-0.15209804	0.1369311	0.165833	0.19560173	0.20521978
0.3171929	-0.28751144	0.27867293	0.18803719	-0.24485853	0.3185532	-0.29143018	0.3182874	0.27468005	0.29118752	0.34791437	-0.27553874	0.15631267	0.31047958	0.26898742	0.31715843
-0.01727043	0.05047615	-0.024645852	-0.035085298	0.02105027	-0.021199355	0.006594372	-0.007431273	-0.103037745	-0.018649997	-0.006863245	0.09670614	-0.07296068	-0.080791876	-0.036377616	-0.044749364
-0.023420786	-0.051441252	0.062014207	0.033064123	0.04378985	0.0107104285	0.039512746	-0.009304731	-0.019120874	-0.0099202655	0.013047475	0.036931463	0.019463802	0.029206133	0.044895265	-0.008234642
0.017659262	-0.007448747	0.046723187	0.05095783	-0.089397326	0.06873811	-0.05358173	0.08781755	0.04350943	0.039178587	0.07270562	-0.055593457	0.018277492	0.04378582	0.07970075	0.07465352
0.03337649	0.049476612	0.014590394	0.047577966	0.049102392	-0.031014849	0.010614432	-0.010433864	-0.044617426	0.021300327	-0.045932006	0.008831106	0.014809106	-0.03987006	-0.033393968	0.032038834
-0.044534933	-0.01299702	0.03359815	0.03904928	-0.040638827	0.03293841	0.02302238	0.038878743	0.029863182	0.012263466	0.03458834	0.008701883	0.015895855	-0.042767167	-0.024023926	0.0379262
-0.20869248	0.14370677	-0.17750198	-0.12903066	0.19854602	-0.20655845	0.16299252	-0.1443351	-0.1750035	-0.23192576	-0.20975438	0.17059214	-0.13271573	-0.18492554	-0.23538522	-0.2425926
-0.14756496	0.12447354	-0.11225568	-0.1370171	0.13847297	-0.20743713	0.1458869	-0.12595898	-0.21656801	-0.19154274	-0.12659869	0.20473805	-0.11156783	-0.12882012	-0.13037279	-0.12431775
-0.20020571	0.29328674	-0.277121	-0.12690873	0.20314917	-0.26270837	0.2755945	-0.23591635	-0.25568274	-0.27582753	-0.263903	0.2704976	-0.13163172	-0.29383552	-0.2383058	-0.29316035
-0.20365965	0.21895817	-0.16858795	0.05550695	0.19006999	-0.26983893	0.1958837	-0.2101611	-0.23077787	-0.21367158	-0.2179835	0.22104025	0.023412973	-0.23268764	-0.20501958	-0.18598822
-0.22119325	0.2371913	-0.20583749	0.065926656	0.22902505	-0.26447836	0.17836164	-0.22570007	-0.20596327	-0.15488507	-0.19167356	0.16164644	0.03320696	-0.158709	-0.1887137	-0.23811375
-0.20432001	0.23245643	-0.20317133	0.06802198	0.19589753	-0.17537773	0.187333	-0.18915267	-0.18329999	-0.16717134	-0.1856829	0.16885535	0.05972461	-0.15567507	-0.14468361	-0.16713335
-0.16114795	0.122184195	-0.21339048	-0.123697534	0.14544135	-0.13936375	0.14439899	-0.11956064	-0.20001654	-0.14965372	-0.16610259	0.21565947	-0.05194197	-0.1974745	-0.22921048	-0.17973614
0.11130535	-0.13976431	0.14055465	0.103803985	-0.051521633	0.114451915	-0.117146544	0.11874198	0.16733548	0.0705279	0.11107408	-0.12265588	0.09252861	0.122467525	0.14207527	0.11905722
0.23249453	-0.21985435	0.1980661	0.1309112	-0.21774715	0.24234647	-0.21660805	0.23953381	0.22439893	0.23025888	0.2646521	-0.19715406	0.09322165	0.2608014	0.20384662	0.22191387
0.27258867	-0.32267153	0.29947636	0.14389299	-0.24040098	0.25655568	-0.27758005	0.29848135	0.33135992	0.3134048	0.2873499	-0.27341628	0.15354049	0.234546	0.2436803	0.28113404
-0.21868122	0.23759373	-0.21827199	0.056385074	0.15130053	-0.15614584	0.18133934	-0.15591092	-0.20790555	-0.1978003	-0.14650483	0.17682658	0.05033318	-0.14646277	-0.15020333	-0.1660524
-0.05831329	0.092573196	-0.05247022	-0.021324182	0.038671345	-0.028992483	0.11450167	-0.08740227	-0.018820936	-0.08528354	-0.08651342	0.0031258801	-0.0009997907	-0.10188164	-0.07364692	-0.021991946
-0.22851053	0.18352264	-0.12116484	0.09215479	0.13621104	-0.19650093	0.19338585	-0.1714637	-0.12685816	-0.11013485	-0.19290633	0.20543112	0.1214597	-0.19263479	-0.09719196	-0.15814476
-0.1408035	0.17119706	-0.10973768	0.11994576	0.13133372	-0.19531667	0.15948221	-0.21443802	-0.21269023	-0.14295056	-0.17020892	0.23251745	0.12962033	-0.1973131	-0.11520775	-0.2463564
-0.22545859	0.15718718	-0.15595804	0.13453077	0.12649724	-0.1528285	0.251419	-0.18310669	-0.13500775	-0.11536449	-0.1955385	0.24193028	0.13549122	-0.15731493	-0.08417922	-0.24981818
-0.14608257	0.20768088	-0.12264754	0.049099244	0.17457013	-0.1654689	0.23286109	-0.20846558	-0.13677841	-0.1390688	-0.20887642	0.22684264	0.1411086	-0.22413445	-0.11858395	-0.20998572
-0.15761095	0.15041803	-0.18724938	0.09205154	0.13506581	-0.228638	0.19967589	-0.19061673	-0.21676327	-0.111871496	-0.16143577	0.22474557	0.13696948	-0.16055962	-0.07889182	-0.21543032
0.014437202	-0.043783393	0.043959383	0.0493821	0.029622544	-0.008648835	0.014107797	0.04589996	-0.04731151	0.024035934	-0.0031293146	-0.0076393373	-0.031117022	-0.042798247	0.013857152	0.029856417
-0.14928766	0.13209568	-0.08107087	0.09358164	0.11046852	-0.10141791	0.107907385	-0.15255035	-0.14302452	-0.11409783	-0.18688098	0.1820325	0.11478256	-0.19395319	-0.03457407	-0.12664703
-0.15108167	0.19179721	-0.09094043	0.098100714	0.16714099	-0.093249746	0.13748032	-0.13094358	-0.14780924	-0.1360543	-0.203338	0.20526189	0.06963784	-0.13683219	-0.031501688	-0.1264877
-0.23084	0.2507037	-0.21339287	-0.13242921	0.2649513	-0.31102198	0.21940118	-0.23185572	-0.25056595	-0.27729988	-0.22768898	0.25953233	-0.15267166	-0.28669676	-0.22320676	-0.26243424
0.045643996	0.040045116	0.048420776	-0.046384275	-0.026270509	-0.02318914	-0.009811591	-0.04120661	-0.027482187	-0.039696466	0.03417662	0.024387646	0.024150621	-0.04775181	-0.009540044	-0.039791048
-0.010860968	-0.036706757	0.0443396	-0.04707482	-0.022523154	-0.008376695	0.019946996	0.025045719	0.04855516	-0.031457104	-0.004303109	-0.04150925	-0.0030625463	-0.0021899715	-0.04097593	-0.036911238
0.10112585	-0.11127402	0.13175169	0.15059978	0.057868183	0.07502023	-0.14815313	0.095459074	0.121326156	0.10067869	0.15662032	-0.14937669	0.14523639	0.15988432	0.13864774	0.16538367
0.14258632	-0.14571287	0.14456315	0.08516485	-0.14436762	0.21026933	-0.13869777	0.16018634	0.17239562	0.23279276	0.21127735	-0.18832251	0.15330249	0.22663383	0.16685261	0.21342285
-0.27522168	0.2649603	-0.29046437	-0.120326295	0.2168617	-0.23474383	0.2374608	-0.26006743	-0.26815513	-0.3018108	-0.31910262	0.23029834	-0.14208949	-0.24450326	-0.2822833	-0.24169815
-0.08229601	0.14675502	-0.06107036	0.10009656	0.09129434	-0.13154638	0.055912957	-0.06384841	-0.12574054	-0.030427229	-0.14912571	0.04260316	0.11904768	-0.07792263	-0.08401864	-0.04600494
-0.15667634	0.20460026	-0.16169615	0.038245678	0.10320688	-0.13925803	0.150573	-0.15519418	-0.1759245	-0.120516896	-0.21092823	0.1477107	0.12153852	-0.16010243	-0.08490254	-0.1610904
0.10628537	-0.051476836	0.12014794	0.080724515	-0.02589402	0.047237467	-0.13018563	0.11198536	0.068436414	0.06493812	0.033914957	-0.07862479	0.10387323	0.03216796	0.062656164	0.055559117
-0.2082499	0.1732646	-0.2191356	-0.068805814	0.22483212	-0.17259844	0.14697395	-0.17632255	-0.20780776	-0.14183976	-0.15204948	0.16876398	-0.114876546	-0.19077735	-0.19711412	-0.21817721
0.021969844	0.01303244	-0.041211355	0.007658936	0.04143342	0.0110292435	-0.04657625	0.021557521	-0.036926936	-0.043636452	-0.023826992	0.0416744	-0.025915504	-0.037754156	-0.013395987	0.04430789
-0.17241846	0.13588834	-0.11828934	-0.046714555	0.0887307	-0.12502363	0.1021823	-0.12261767	-0.16311751	-0.12697773	-0.1584288	0.0944214	-0.03498097	-0.1645025	-0.084602945	-0.18308869
-0.13149664	0.116216	-0.05930302	0.12153437	0.1078024	-0.10680668	0.06535432	-0.08575574	-0.1321708	-0.011837591	-0.14386111	0.09826314	0.15996487	-0.147089	0.018160205	-0.07348555
-0.034177184	-0.002889134	0.029136632	0.048778903	-0.03867525	0.026716735	-0.026936138	-0.024642004	0.020775665	0.0449046	-0.024235118	0.023954246	-0.014843501	0.022531103	-0.03359665	-0.046704125
0.024502445	-0.012420345	-0.015339375	0.014980029	0.008862279	-0.005359888	-0.034063123	0.006645225	0.008564033	-0.024454689	0.021630894	-0.038978957	-0.0034955516	0.00681727	0.033420574	0.029073846
-0.13470788	0.13815916	-0.084462665	0.07884437	0.09017698	-0.11273073	0.18330784	-0.13840748	-0.12685902	-0.0688976	-0.21021695	0.12011544	0.16186443	-0.19610451	0.0036227964	-0.10531617
-0.16967213	0.13389127	-0.12775654	0.09358813	0.16278903	-0.08250306	0.104307696	-0.16743459	-0.10913314	-0.07810607	-0.15804715	0.197104	0.21617627	-0.15234414	0.026860837	-0.16300754
-0.114401415	0.1509432	-0.15718588	0.070305675	0.16956595	-0.15646213	0.13799538	-0.11851242	-0.16499065	-0.03844248	-0.17635268	0.16979761	0.1690729	-0.15558915	0.010012604	-0.12319166
-0.11717887	0.13142107	-0.07982118	0.10464296	0.12344042	-0.07674475	0.12717165	-0.14907494	-0.09221597	-0.09752807	-0.19830015	0.17492503	0.2255244	-0.120103985	-0.022042511	-0.15352884
0.04732028	0.017473254	-0.021307183	0.0020840876	-0.018254079	-0.005093731	-0.0003741756	-0.02805698	0.027306143	-0.04608928	0.036547292	-0.03303726	-0.037328146	0.008790791	-0.0029780641	-0.016251218
-0.14543563	0.17890532	-0.11374398	0.20215394	0.22570272	-0.15900114	0.15735598	-0.17069878	-0.14733832	-0.074008204	-0.2203759	0.15280057	0.1883609	-0.13855565	0.00062332896	-0.17656846
-0.18017632	0.12863141	-0.094760664	0.2181762	0.2001353	-0.14922361	0.14843394	-0.20694804	-0.20742522	-0.14685543	-0.21849568	0.16030544	0.24589476	-0.14309992	0.06290079	-0.20974113
-0.13713379	0.12377242	-0.094354816	0.20960982	0.14485839	-0.17624788	0.15644225	-0.16226968	-0.18045194	-0.0814289	-0.19186164	0.19383931	0.18441331	-0.21025099	0.02385412	-0.19557194
-0.18615618	0.1951649	-0.12317594	0.13244951	0.2164988	-0.19276032	0.19656917	-0.20491341	-0.12900515	-0.10044017	-0.21423335	0.16919875	0.21515918	-0.1573138	-0.025443064	-0.1894678
0.026519727	0.049447466	-0.0049516335	0.021619443	0.00023711845	0.027631048	-0.0121098645	0.000131201	0.021039847	0.04473908	0.016978394	0.008393623	0.010889877	-0.021916186	-0.03674977	0.028554235
0.047069144	-0.003468752	0.049712334	-0.0007733591	-0.01004114	0.03129966	0.019503359	-0.038736463	-0.04535066	0.008769702	-0.019499136	0.04251728	0.03724401	0.03398926	-0.032758392	-0.004234515
-0.03652792	0.020027969	-0.004373491	-0.029616464	0.01054908	-0.04231676	-0.02426064	0.017764281	-0.048038054	-0.030213749	0.032840643	-0.017102815	0.04832245	0.030744974	-0.04125415	0.024092782
0.14883219	-0.13668968	0.0820723	0.08499768	-0.003267252	0.1314105	-0.13764662	0.09808614	0.17785528	0.118182875	0.098079085	-0.16476384	0.12036555	0.12117389	0.14013936	0.12217189
0.13319215	-0.14039011	0.17659612	0.10476087	0.03334804	0.08746406	-0.09256127	0.11066541	0.12455368	0.13734344	0.14676519	-0.10154618	0.08192338	0.0919846	0.1170168	0.10361689
0.1784133	-0.13950129	0.11958664	0.13318868	0.09086096	0.11175776	-0.13032982	0.049393266	0.16290674	0.15486246	0.12649408	-0.09178645	0.09171415	0.18604796	0.13379331	0.12164828
0.104142	-0.12875347	0.09421296	0.060885657	0.06304603	0.10159957	-0.13340576	0.13108546	0.1600017	0.16892275	0.18335539	-0.11764825	0.087248795	0.16172709	0.07325833	0.10066311
0.17191999	-0.16806059	0.14839569	0.15783595	-0.15920494	0.19918434	-0.15332724	0.17039564	0.17660493	0.18733172	0.19520926	-0.17981549	0.1435896	0.119626164	0.18385199	0.115968645
0.1837964	-0.10763209	0.19374327	0.15650918	-0.16741487	0.1253395	-0.20145664	0.13282052	0.21572039	0.11656783	0.18905777	-0.17585261	0.17673738	0.13691923	0.22990304	0.17389356
0.16466822	-0.18086003	0.13534023	0.105913356	-0.09528629	0.13155405	-0.1185696	0.14613476	0.15007548	0.19691083	0.11509616	-0.17211561	0.10459336	0.1792342	0.14120571	0.15602148
0.11640347	-0.066608705	0.086612314	0.103605755	-0.11711723	0.048192978	-0.08976082	0.114082634	0.047386415	0.076835506	0.09005119	-0.088262215	0.062434938	0.049780287	0.069030344	0.029229758
-0.0077954046	-0.015647054	-0.003133107	-0.033973828	0.040296804	-0.0492077	-0.01340146	-0.015925158	-0.043786503	0.005347967	0.020309452	0.03186402	-0.0002834089	0.0196465	-0.008335888	0.020392332
-0.19392337	0.16076794	-0.17386012	-0.15915225	0.15474273	-0.22334139	0.22201066	-0.17539625	-0.26226255	-0.23790415	-0.23784983	0.18368845	-0.06845858	-0.19903101	-0.1974262	-0.25003183
0.1828458	-0.122197926	0.13459633	0.11173347	-0.13490002	0.18257573	-0.20749728	0.142418	0.22789362	0.1632321	0.14374945	-0.14649281	0.116660014	0.16875488	0.13221599	0.18980822
0.1444492	-0.23221047	0.1843515	0.11038952	-0.2145101	0.19292827	-0.14911093	0.1750643	0.18697888	0.19803241	0.22754289	-0.18629065	0.15897532	0.20782691	0.2080712	0.23838605
0.14176287	-0.17849927	0.17554536	0.11660504	-0.16836569	0.1403445	-0.20015234	0.20130362	0.22810903	0.15479529	0.1404575	-0.20734479	0.124102026	0.15382731	0.23695171	0.2166207
0.07936512	-0.10083614	0.13254486	0.051485006	-0.1386527	0.092094794	-0.09170199	0.107151814	0.12829264	0.14281784	0.14881751	-0.15884225	0.10053484	0.07741798	0.12571965	0.12935315
0.08915723	-0.09412609	0.08144552	0.10771486	-0.13327377	0.092322096	-0.10854199	0.12646025	0.17488542	0.099505834	0.12048854	-0.11161528	0.038833834	0.09713976	0.13140847	0.16484527
0.10548188	-0.060238816	0.092318065	0.113581836	-0.078416	0.071911536	-0.14161786	0.13531142	0.18782297	0.09633781	0.10265244	-0.07596604	0.039439976	0.11067328	0.08739054	0.13776882
0.09844043	-0.12555106	0.08993887	0.0687237	-0.061446	0.16494337	-0.132653	0.13074502	0.17277567	0.08352595	0.12814218	-0.117079005	0.09677907	0.1252261	0.09239771	0.092970915
0.14889443	-0.18577144	0.12961252	0.07906949	-0.1345521	0.17903289	-0.1779542	0.12771136	0.19330788	0.18207924	0.15237083	-0.15519835	0.11372457	0.15881677	0.11193981	0.17099582
0.13774678	-0.100133575	0.088054106	0.05143548	0.017034845	0.03482665	-0.13406092	0.11375596	0.12469982	0.048404377	0.11696336	-0.058832556	0.121111706	0.05748261	0.078795105	0.12119195
0.06319828	-0.05654731	0.088167585	0.077027366	0.015141962	0.05425787	-0.071715064	0.04753063	0.12118947	0.06645152	0.083903745	-0.079916686	0.1073641	0.09642453	0.057473082	0.04947761
0.13773903	-0.10842811	0.07589657	0.059049584	0.038063407	0.05773588	-0.10106165	0.07336204	0.0797689	0.12737542	0.06781653	-0.044404536	0.13743074	0.080487095	0.08095177	0.04988664
-0.08483788	0.119521864	-0.0660463	0.10183787	0.15012853	-0.10001816	0.16389732	-0.13275953	-0.07385555	-0.051693726	-0.11136597	0.076640636	0.10613943	-0.084695764	-0.010092418	-0.12802179
-0.116020665	0.10571007	-0.11557788	0.10829888	0.10716436	-0.10874653	0.16782722	-0.13644032	-0.10413052	-0.043094527	-0.15241617	0.116993755	0.043229643	-0.10310005	-0.04605667	-0.0979549
-0.07872479	0.1288484	-0.061990306	0.05079513	0.17296891	-0.17221773	0.1153467	-0.09564738	-0.10288283	-0.047528367	-0.15659125	0.11648755	0.06499154	-0.1293491	-0.0031120107	-0.15134995
-0.03981184	-0.032187894	0.02209879	-0.005986333	-0.017349124	-0.040914454	0.048906412	0.009069432	-0.034955144	0.01024276	-0.0025057793	-0.031720757	0.026980627	-0.008461498	-0.010913394	-0.005735576
-0.22265083	0.22461076	-0.22370067	-0.09447604	0.1619273	-0.16053845	0.15287247	-0.15513901	-0.2510202	-0.23234895	-0.19671732	0.17350167	-0.101893954	-0.20290712	-0.18774997	-0.2019152
-0.15089577	0.13146754	-0.14604685	-0.08202894	0.12000943	-0.17664701	0.13766845	-0.19166175	-0.13027239	-0.18427002	-0.13522488	0.22067204	-0.08195599	-0.15458962	-0.16033101	-0.1767922
-0.165107	0.1800379	-0.16515663	-0.06113362	0.19855168	-0.16426852	0.19290994	-0.14937434	-0.2017175	-0.13652647	-0.21205826	0.1491005	-0.058251716	-0.21684326	-0.12958509	-0.1746389
-0.18974347	0.15938188	-0.12880343	-0.03069297	0.12433432	-0.17763528	0.12315848	-0.20384482	-0.18130529	-0.15790038	-0.20814024	0.1447972	-0.06587426	-0.15440999	-0.17494336	-0.18590036
0.07426925	-0.07257104	0.089297034	0.09846377	-0.054901328	0.095897704	-0.08423193	0.12090802	0.07336859	0.10488063	0.12961808	-0.07242306	0.038226604	0.10762389	0.13449818	0.11007451
0.09662461	-0.08398354	0.14890939	0.050933287	-0.1044078	0.074952096	-0.12272287	0.0787349	0.066690065	0.05564253	0.09428861	-0.113949396	0.07824795	0.045831118	0.079815745	0.13422155
0.14342257	-0.16002898	0.12370776	0.059811395	-0.12911499	0.11944196	-0.14162758	0.05718905	0.1663241	0.095466346	0.08129558	-0.14059366	0.112730965	0.120169215	0.12945157	0.09913614
0.09096571	-0.13683756	0.14235125	0.03208158	-0.09191663	0.1485321	-0.12999496	0.16205677	0.13755697	0.14387141	0.15390003	-0.14476083	0.06615699	0.13668512	0.16480395	0.1603333
0.16183443	-0.10018951	0.11491129	0.038241897	-0.14784238	0.16370007	-0.08071946	0.14879653	0.1860457	0.13176867	0.105851926	-0.17077513	0.05818521	0.09205588	0.14353816	0.14061789
0.1807233	-0.18507002	0.22075759	0.120891824	-0.22737525	0.2347791	-0.23235747	0.18174438	0.20824885	0.22102796	0.22811417	-0.20076875	0.08120241	0.18392633	0.25192478	0.20421092
0.19035688	-0.23236287	0.17825139	0.1541521	-0.1547145	0.16265373	-0.14973238	0.21558052	0.14436239	0.17037253	0.16621	-0.1616395	0.067035295	0.16125621	0.17652166	0.23588084
0.21391997	-0.1822366	0.14590757	0.1356373	-0.1502508	0.21334903	-0.23398864	0.21986815	0.22487181	0.16743569	0.23433903	-0.1536936	0.08561186	0.14060123	0.1572267	0.15190244
0.118586674	-0.1394068	0.056758914	0.0633334	0.039658464	0.12731893	-0.1361424	0.085121594	0.16585067	0.07802146	0.07856053	-0.07987107	0.09338577	0.06458285	0.073355034	0.13722135
0.11801529	-0.13499007	0.118945405	0.05546885	0.03903087	0.10434205	-0.08207291	0.03775735	0.1505096	0.08866011	0.09297547	-0.06929377	0.07148165	0.09628992	0.11768652	0.0863983
0.047189534	-0.12288793	0.07313519	0.048331946	0.013322275	0.09267622	-0.074087635	0.060935147	0.08918798	0.0806196	0.05355942	-0.060567312	0.09545393	0.050620366	0.08220524	0.06626391
0.067908116	-0.044457126	0.12552203	0.06728964	-0.015241439	0.084784314	-0.0840139	0.08389461	0.15578796	0.056705505	0.10293926	-0.090769105	0.08699194	0.06365905	0.086425506	0.097038694
0.17379211	-0.1692264	0.19091389	0.1138089	-0.11654497	0.15207048	-0.12423172	0.13218932	0.17274572	0.113637336	0.16437498	-0.1051982	0.10376402	0.16446999	0.15708853	0.11798861
-0.036465503	-0.036623716	0.009743344	0.03355426	-0.04585724	0.028604541	-0.011450719	-0.041829623	0.03953371	0.023021985	-0.02466979	0.02108321	0.034160886	-0.030384922	-0.04029552	-0.020893384
0.028548706	-0.032023706	0.024048258	0.013992358	0.013020467	0.031529177	-0.041463755	0.042444143	0.011457514	0.030537639	-0.04201772	0.0356693	0.0031914003	0.049464617	-0.023156775	0.035968576
0.18306653	-0.17528825	0.18847458	0.16080104	-0.15321785	0.23587051	-0.23137051	0.169542	0.23949778	0.23689425	0.2297252	-0.19684745	0.11799952	0.1713096	0.234116	0.22172664
-0.118695505	0.15758765	-0.09313709	0.038279325	0.08603721	-0.13787715	0.09004462	-0.16034193	-0.0972907	-0.093105115	-0.13453078	0.07056517	0.072759435	-0.12098453	-0.093635395	-0.09892769
-0.13124166	0.09461595	-0.07629178	0.057370506	0.110821374	-0.15905042	0.08416878	-0.149522	-0.114342995	-0.07294486	-0.13902785	0.11081029	0.08019228	-0.12082314	-0.115167946	-0.1758265
-0.025568807	0.03796306	-0.024501968	0.0028437153	0.005984746	-0.035896562	0.023616027	-0.0142331235	-0.0043115504	0.046349216	0.025516953	0.041540418	-0.02995397	0.0003641732	0.029043961	0.015214335
-0.09534993	0.18028213	-0.13196923	0.12368403	0.14458078	-0.18445693	0.16993318	-0.17264555	-0.18042868	-0.06956325	-0.12553208	0.10731209	0.1271674	-0.12140996	-0.093196645	-0.18146609
-0.13749294	0.12684889	-0.15570937	0.120154	0.15563887	-0.12703171	0.10247931	-0.11361884	-0.12363714	-0.1483405	-0.11916592	0.1469367	0.08909118	-0.18927921	-0.07685557	-0.11508087
-0.082067676	0.10300174	-0.09467618	0.085977405	0.16275284	-0.17037477	0.11361177	-0.18502645	-0.15502848	-0.091567434	-0.1553415	0.09478461	0.17923826	-0.19181935	-0.08282091	-0.15106983
-0.16506211	0.119381964	-0.074725665	0.09148489	0.18155524	-0.17903526	0.17455296	-0.10493616	-0.14610949	-0.094634615	-0.09755119	0.17543502	0.108636916	-0.15248275	-0.075432494	-0.10884742
-0.17719494	0.13133202	-0.1496567	0.12571372	0.11932472	-0.14281355	0.18873458	-0.14791206	-0.16724028	-0.15779072	-0.105764546	0.1695849	0.12603693	-0.12641054	-0.06056273	-0.11734586
0.032251503	0.004353415	0.041189376	0.016620148	0.013646152	0.02598739	0.0399958	0.00699383	0.016362537	0.024643335	-0.02756294	0.017201152	0.04785445	-0.008587241	-0.011514962	-0.047356475
0.0067168586	-0.0033459552	0.035979833	-0.041657448	0.030678604	-0.016768742	0.038116727	0.010298371	0.00201118	0.039032903	0.044786002	-0.021343613	-0.039820097	-0.0087267645	0.034913268	-0.0122740865
-0.07546571	0.11437806	-0.12077983	0.04837918	0.08051306	-0.0696037	0.119805954	-0.118293315	-0.11906718	-0.064033315	-0.12854266	0.068874955	0.087261	-0.12580018	0.02668825	-0.045803845
-0.06367371	0.10266377	-0.08995513	0.047929868	0.11334073	-0.086880356	0.071822695	-0.07873808	-0.14285338	-0.14116786	-0.1189147	0.077221766	0.054149702	-0.09534414	-0.06305737	-0.15009175
-0.14950141	0.0837166	-0.057295416	0.046208926	0.1340738	-0.14230967	0.15330942	-0.104874	-0.14769141	-0.05360534	-0.10000292	0.13091463	0.06796335	-0.09442926	-0.065724455	-0.10328703
-0.059488352	0.12652282	-0.12163011	0.0569681	0.12525465	-0.08494852	0.10084187	-0.098170854	-0.13866504	-0.09934873	-0.10746876	0.095638216	0.052288316	-0.10421227	-0.08871991	-0.099143386
-0.22732683	0.24270901	-0.24726464	-0.15462165	0.24718955	-0.2609351	0.19779024	-0.2028275	-0.21821386	-0.18357955	-0.23177604	0.2583438	-0.10012114	-0.22840995	-0.21058382	-0.26182824
-0.20424561	0.2124503	-0.23075125	-0.12318999	0.25860026	-0.1954678	0.202959	-0.24847494	-0.22872147	-0.23589288	-0.26714727	0.2598332	-0.14753135	-0.24025865	-0.27253458	-0.20845956
-0.22099963	0.21091236	-0.20413111	-0.1751866	0.23855858	-0.23551737	0.24422856	-0.23506992	-0.2691842	-0.22963469	-0.21851863	0.1891125	-0.17489429	-0.20649853	-0.26646602	-0.2444469
-0.24777423	0.19399968	-0.22486348	-0.16909947	0.2013544	-0.21611461	0.20772246	-0.22570793	-0.18068828	-0.1976902	-0.17366855	0.18933554	-0.14131767	-0.20628804	-0.1932563	-0.2554551
0.101776905	-0.12287622	0.16572863	0.117613986	-0.14312156	0.18126418	-0.17186068	0.15649976	0.20826398	0.15543617	0.15602927	-0.1409388	0.06799828	0.17003492	0.120078504	0.18720122
0.16997102	-0.12170578	0.18226704	0.09926608	-0.15241474	0.17416438	-0.16866444	0.15930597	0.1360744	0.112028025	0.14145787	-0.17579183	0.058393966	0.16758819	0.17765954	0.15309398
0.10853801	-0.122684024	0.16197595	0.082171015	-0.1672344	0.13330187	-0.12609582	0.10575305	0.15812127	0.1217254	0.13954142	-0.1345029	0.11355312	0.1661099	0.16494094	0.12908398
0.153044	-0.18166037	0.12661761	0.12573573	-0.17459054	0.11599477	-0.15616965	0.15220925	0.15744242	0.137332	0.13345896	-0.16242221	0.078119904	0.09971899	0.15745367	0.10901982
0.16431761	-0.11842873	0.14834611	0.043834463	-0.13116883	0.20350593	-0.114658244	0.12603699	0.19576508	0.17022076	0.1421176	-0.17151552	0.043647874	0.11247507	0.18265113	0.19684623
0.038006913	0.03325561	-0.00045366213	-0.04834081	0.038711857	-0.02402152	0.034485307	0.03459004	-0.013007224	-0.024575997	0.0052984133	0.04533508	-0.04496739	-0.040377606	0.017250765	-0.04170536
0.07723793	-0.08677642	0.051568057	0.0810398	0.044623453	0.0006298541	-0.05098794	0.03558863	0.08498842	0.12811927	0.045510113	-0.0799761	0.048144214	0.048179902	0.13067633	0.10596448
0.115893826	-0.05423729	0.09427114	0.12834923	0.024969667	0.059212513	-0.09976916	0.05584332	0.13887304	0.07717216	0.117467344	-0.05036064	0.06543233	0.098571815	0.09851791	0.11602625
0.08672272	-0.12083037	0.08049238	0.060065325	0.04777695	0.0067508277	-0.12678316	0.02482466	0.05639351	0.05310359	0.08527882	-0.08610474	0.07735303	0.12452846	0.053876817	0.14561342
-0.03753102	-0.011947144	0.0324636	0.024318408	-0.047399428	-0.036446918	-0.018808592	0.028864074	-0.039106213	0.035788585	-0.04933958	-0.010703683	0.036339488	0.02459431	-0.0023738965	0.02539507
0.18301821	-0.15209651	0.17613779	0.058337178	-0.16509077	0.14252318	-0.16838051	0.1892432	0.19258295	0.16352831	0.17784755	-0.18322293	0.07056664	0.1739736	0.11788134	0.15337166
0.17958331	-0.19501807	0.12464141	0.04203308	-0.11642662	0.18031208	-0.1895565	0.11729729	0.2101901	0.12027429	0.1270233	-0.174729	0.05441711	0.15345259	0.20102587	0.15599492
0.19423641	-0.1644315	0.108741485	0.028932586	-0.13905315	0.20758943	-0.14469086	0.18016633	0.21330555	0.15543513	0.20834646	-0.13334353	0.028259326	0.16726676	0.17588694	0.1733514
0.14039283	-0.13683696	0.1713298	0.06583961	0.0023046653	0.07967794	-0.05016282	0.11457423	0.14715774	0.16101986	0.08603897	-0.15705803	0.059841994	0.08958311	0.077698976	0.11098509
0.12362782	-0.10269063	0.14917639	0.13769722	0.01730462	0.10985956	-0.0489202	0.043252837	0.10617317	0.16016084	0.1290703	-0.11213386	0.098003164	0.14680097	0.11286117	0.09178834
0.13744745	-0.10615367	0.16046183	0.076841295	0.039721046	0.12805544	-0.13328566	0.12859425	0.11136733	0.117645845	0.1641655	-0.09410703	0.13533337	0.05893001	0.12132383	0.11750534
0.06215019	-0.090430915	0.09349696	0.06419077	-0.020525895	0.0785246	-0.071128614	0.08653519	0.1495948	0.16582754	0.108868234	-0.08104873	0.11005978	0.07426323	0.11900284	0.082704805
0.15054779	-0.1286348	0.0814034	0.06788248	0.030742701	0.08489628	-0.07103094	0.04994094	0.08213085	0.1035231	0.072665475	-0.14057551	0.11450708	0.10701392	0.08248065	0.103236355
0.13552852	-0.1364605	0.14461581	0.1499131	0.04340044	0.06535739	-0.10456116	0.033219066	0.15001526	0.11777315	0.07614913	-0.08432199	0.13566662	0.14370686	0.14193016	0.070423715
0.14494349	-0.14504191	0.11378687	0.14357291	0.04221112	0.14123519	-0.08127316	0.10549552	0.1281586	0.13305384	0.13782814	-0.06877955	0.06868016	0.09420658	0.12450048	0.11386762
0.14628546	-0.14038326	0.122883	0.07198441	0.04263323	0.13381363	-0.09615784	0.05458555	0.13199283	0.12657413	0.16704728	-0.10882801	0.14614706	0.07105195	0.15627496	0.11178929
0.14896487	-0.15451178	0.10466697	0.102885254	0.03894164	0.13126299	-0.106740765	0.042126838	0.16921844	0.1294334	0.07481711	-0.065177426	0.15611838	0.07322655	0.07948897	0.13688672
0.0421034	0.043344807	0.007077612	0.0033272281	0.002218496	-0.010902237	0.0042999983	-0.036912598	-0.024839748	-0.0012607686	0.033001933	0.019421253	-0.03020059	-0.036056757	0.026481543	-0.04063368
0.14881198	-0.06998093	0.06426891	0.13798943	0.093836755	0.091858104	-0.11770437	0.10909152	0.120498754	0.10911213	0.16107818	-0.13875826	0.080774084	0.1232868	0.113720335	0.11907823
0.13070779	-0.09401057	0.15092444	0.049839772	0.08305535	0.10359376	-0.080012076	0.06859137	0.11017693	0.07057166	0.114158094	-0.124399774	0.12736683	0.14019878	0.1427495	0.08240412
0.06658097	-0.05629488	0.060954712	0.110855415	0.017250324	0.09531748	-0.08023815	0.12551895	0.11133907	0.06915791	0.14453028	-0.13482173	0.102664724	0.09944079	0.05087718	0.07361775
0.14955682	-0.0636994	0.07127755	0.054360483	0.009857648	0.097135246	-0.13218877	0.11013369	0.16619998	0.1505845	0.07740352	-0.07948879	0.07735813	0.119437106	0.11672606	0.15909341
0.0061127916	0.03604993	-0.002832137	-0.02786814	0.039111268	0.00447949	-0.0047084577	0.015053261	-0.0022315606	-0.02065376	-0.031369053	-0.00207261	0.04856329	0.01589911	0.04787216	-0.016190909
0.018863928	0.0068514943	0.038703743	-0.024139298	0.034729924	0.022246864	-0.017815817	0.016896512	-0.0053658485	-0.029950237	0.047589514	-0.034121588	-0.037239123	0.009037495	0.01797152	0.030357007
-0.041682888	0.042798106	-0.047627807	0.017190363	0.0034110434	-0.011065591	-0.047251917	-0.0027222522	-0.04394114	-0.045608867	0.048127268	-0.021110117	-0.025214553	-0.0011809096	0.0030007958	-0.02163415
0.0047994144	0.026121248	-0.039797783	-0.0005022399	0.047907088	0.00627004	-0.018759895	0.038595628	-0.04597925	-0.037359856	-0.0025848858	-0.012508713	0.0037258156	-0.021794116	-0.02895881	0.038197163
0.13017704	-0.10587418	0.1510687	0.13677599	-0.031987898	0.123256296	-0.15461029	0.105442405	0.114408106	0.11777611	0.13041459	-0.15632148	0.09471252	0.10160251	0.13497822	0.14261879
0.118435375	-0.15483402	0.1467683	0.12001038	-0.08535026	0.11116911	-0.0806753	0.10583018	0.094802484	0.16134363	0.15306339	-0.1755335	0.08152181	0.08152125	0.16143848	0.1590788
0.08962592	-0.11549821	0.10852963	0.055813402	-0.04066446	0.16485888	-0.07592086	0.10825908	0.10913384	0.17470257	0.08497811	-0.16012087	0.113097735	0.12419082	0.1349731	0.07655572
0.09069838	-0.10454993	0.17118962	0.098322794	-0.09116797	0.16728114	-0.09753884	0.10152658	0.09559347	0.10680929	0.127728	-0.12473828	0.07984411	0.110916816	0.16931626	0.1530566
0.003963936	-0.035546005	0.0016502738	-0.03428992	0.043714825	0.04048438	-0.044585872	-0.0056747682	0.043421317	0.046904434	0.003754057	-0.026022827	-0.043658435	-0.019886613	-0.031566657	0.02018262
0.008882593	-0.0065838806	-0.0063632615	-0.026629305	-0.014171444	-0.0059155934	0.029668342	0.0022774935	0.04514991	-0.0050481185	0.020908166	0.011977695	-0.046980966	0.0011242405	0.010000039	0.041601006
-0.019278336	-0.016656756	-0.020888269	0.00027130917	0.009462643	-0.00088683516	0.012565043	-0.009795487	-0.004870452	-0.0014288537	0.035419915	-0.02631942	-0.008291088	0.03424375	-0.03893887	0.04419179
-0.028504182	-0.027135743	-0.009435069	-0.026410997	-0.039747465	0.04146539	-0.028419172	-0.049132336	-0.012859143	-0.027573323	-0.021731377	0.02396072	0.04098245	-0.043597367	-0.043781053	0.018595982
-0.0038552396	0.034453515	0.009902753	0.0023781285	0.0346216	0.017854247	-0.006553076	0.0136928	-0.019232417	-0.047558513	0.04276664	-0.029147113	0.008172728	0.0057565346	0.0025559776	-0.024317062
-0.024700642	-0.030940032	0.049102332	0.010411121	0.032034267	-0.018794585	0.04214113	0.037816394	-0.04811133	-0.036452364	-0.022426987	0.019002888	-0.01058054	0.01719829	-0.0040344372	0.021823253
0.09415819	-0.08627933	0.12492237	0.09248218	0.0010924164	0.08255487	-0.07987875	0.055883795	0.168885	0.12425401	0.114935376	-0.16594292	0.14726117	0.10129752	0.095931634	0.15829732
0.1255779	-0.09982599	0.16544609	0.12190184	0.054786503	0.06991059	-0.09308232	0.04937081	0.09350245	0.11459992	0.09056759	-0.1594269	0.093821935	0.06940284	0.12641197	0.09912877
0.119798854	-0.075293235	0.14492595	0.10304357	0.021923438	0.042421583	-0.11312264	0.099428736	0.15869428	0.11850443	0.074074306	-0.111790515	0.116031975	0.117201336	0.107047506	0.15358908
0.14242257	-0.106748454	0.08354563	0.11310081	0.0033742455	0.09626355	-0.06482048	0.09399974	0.10342704	0.1266847	0.09094701	-0.14264037	0.11553794	0.16060302	0.07496564	0.15674593
0.08822101	-0.07683002	0.1421913	0.15033315	-0.001568178	0.06054877	-0.092222944	0.05122613	0.18505786	0.12764539	0.15621059	-0.086481445	0.14694719	0.07466582	0.12359623	0.09800419
0.15015016	-0.14981377	0.107994266	0.0981767	0.02605791	0.049264368	-0.078895636	0.12759936	0.09802453	0.10878522	0.15639435	-0.09675219	0.13391282	0.068612106	0.16272196	0.070211776
0.15907082	-0.09994859	0.12103481	0.07895084	0.03542705	0.07897975	-0.1290809	0.10814933	0.18476951	0.08214744	0.15866531	-0.13612762	0.09823038	0.10646182	0.13599452	0.1479869
-0.021412982	0.03340056	-0.020266844	0.027290348	0.024731528	0.006466698	0.048037637	0.034755934	0.028110031	-0.015270315	0.04032855	-0.0033832677	0.022965264	-0.007938899	0.004608415	-0.035410322
-0.04797144	-0.0016693957	-0.034030095	-0.02023368	0.025800038	-0.0005868785	0.03752956	0.001732029	-0.04970963	-0.026219083	0.005919121	-0.03455559	-0.01281631	0.047524158	0.025417339	-0.034768116
-0.018422522	-0.018688451	0.0365618	-0.02115289	0.024422202	-0.011693738	0.011918306	0.026641283	-0.0071923845	-0.0028903708	0.0116482265	-0.04668316	-0.021110857	-0.0241076	-0.015030719	-0.0065674186
-0.014578354	0.03296225	0.019016448	0.024435285	-0.009252261	0.024811748	0.005953729	0.0025524609	0.04836272	-0.025076007	0.014394689	-0.026723314	-0.01252047	-0.036616612	-0.023723816	-0.035452127
0.022711027	0.030961845	0.015902985	-0.029719567	-0.044210292	-0.03773625	-0.015572049	-0.044703852	0.0122266635	-0.035552453	-0.031354237	-0.013987027	0.03053752	-0.015904438	0.0037598498	-0.022336543
0.04942261	0.0121992715	0.011539649	0.0066202395	0.0053779967	0.0072085857	-0.03284328	0.014470372	0.029539976	-0.013213266	0.04405972	-0.019645263	-0.03282269	0.049878146	-0.017858826	0.03822763
0.012988474	0.021024514	0.010993086	-0.019339526	0.0035827383	-0.043771375	-0.04949844	-0.042151224	-0.021014178	0.04433166	-0.02829895	0.013115253	0.007788252	0.00079938024	-0.0051045306	0.00527985
0.006550085	0.044088397	0.01482347	0.046381567	-0.013260268	-0.03544891	-0.04384762	0.0050164945	-0.029010117	-0.04766574	-0.04041649	0.019934263	-0.049919795	0.00895847	0.025527488	0.037203018
0.005954098	0.020241227	0.0434942	0.046817135	-0.0133015625	-0.006193172	0.03387182	-0.041460108	0.015421938	-0.008632254	0.0034184344	0.0059900656	0.019704428	-0.036288727	-0.023232495	0.039818395
-0.00439303	0.020535674	-0.033182874	0.041490663	-0.039246727	0.039242793	-0.013389837	0.013673853	-0.03045739	-0.032373168	-0.048378646	-0.047817435	0.00012334436	-0.00039327145	0.024028543	0.018313933
0.03564873	-0.024351358	-0.0061850175	-0.047134757	0.0009324774	0.039232384	0.04960588	-0.009924162	0.04568707	-0.021832347	-0.03412012	-0.042152464	0.0005578771	0.0074867606	-0.036842503	-0.02263515
0.00861479	-0.045632042	0.026584994	-0.023310471	0.04526105	-0.041496444	0.025597814	-0.019899536	-0.0065187328	0.021724496	-0.0011323318	0.0010821335	-0.044533562	0.04182521	0.021561716	0.04912449
0.15069173	-0.18050563	0.1685818	0.10989469	-0.15373027	0.14398466	-0.15746893	0.14684908	0.2339563	0.17830421	0.2204076	-0.14955375	0.056186143	0.21757223	0.16196841	0.21104579
0.13715732	-0.22879538	0.16871916	0.14355037	-0.18936181	0.16057692	-0.12722526	0.19069609	0.19913697	0.13828051	0.18524723	-0.21335694	0.07253772	0.20728843	0.1953236	0.14845756
0.117943995	-0.18011302	0.13398516	0.11812501	-0.12503342	0.14981692	-0.21367002	0.19111931	0.21271425	0.16335763	0.17334099	-0.13720949	0.114598535	0.18649562	0.16003081	0.17971931
0.16613239	-0.16225883	0.13361068	0.12406434	-0.16761312	0.18944933	-0.21182984	0.16492496	0.16887444	0.16308533	0.13440533	-0.18011522	0.11183395	0.1380257	0.17277801	0.18613745
0.15672497	-0.20943189	0.17165099	0.12692688	-0.20038594	0.21206729	-0.13558817	0.13354512	0.1432274	0.21934389	0.22968373	-0.15998942	0.14883678	0.13913395	0.22202004	0.1433247
0.16576694	-0.11632901	0.15715212	0.057586454	-0.14857888	0.12566553	-0.084686995	0.14787546	0.13777776	0.113239214	0.11107001	-0.11816303	-0.0146869095	0.08003472	0.1835837	0.1740074
0.13475004	-0.08969722	0.10201254	0.01627348	-0.108666375	0.12423553	-0.117218465	0.12711084	0.17165169	0.10711381	0.14908105	-0.11581947	0.107733846	0.11728667	0.09756462	0.1123892
0.018206049	-0.0074823014	-0.024490416	0.019962106	0.00012223795	0.009170413	0.017277684	0.00452907	0.011313558	-0.0005461462	-0.046720993	0.021310482	0.011414133	0.028284322	-0.00019606203	0.040244494
0.14378548	-0.2317225	0.21952654	0.106891885	-0.22186416	0.24233063	-0.22552781	0.15098587	0.1766663	0.1490595	0.22031865	-0.14921983	0.065587156	0.230906	0.17621665	0.21157323
0.1412083	-0.17703865	0.13248667	0.06900769	-0.19499548	0.21472126	-0.1603702	0.11788396	0.23806714	0.1498544	0.17831841	-0.18326265	0.1265302	0.13517131	0.19721387	0.1849377
0.14519542	-0.14846675	0.1874644	0.092485376	-0.13854855	0.18066162	-0.1687973	0.160557	0.1593815	0.20302933	0.20756212	-0.18712857	0.13452521	0.18841174	0.22224058	0.16277842
0.16736002	-0.08572828	0.12178498	0.09354916	-0.03582849	0.16820079	-0.10381346	0.08014118	0.12519166	0.12648976	0.14315544	-0.112987004	0.13448447	0.14840496	0.12338058	0.16255775
-0.12018767	0.08673827	-0.17674908	0.060016822	0.14362077	-0.14132486	0.11963511	-0.09516632	-0.102285676	-0.10493446	-0.13312455	0.14994569	0.016335065	-0.10673078	-0.074562825	-0.11830343
-0.14842708	0.14146815	-0.14958371	-0.0074250447	0.16566738	-0.1117247	0.13061948	-0.10598796	-0.17645463	-0.10247824	-0.10508572	0.12436254	0.050496764	-0.14746667	-0.0744512	-0.18444446
0.04639664	-0.012196135	-0.03886062	-0.0128545165	0.019913469	0.015298519	0.009347595	-0.033359766	-0.040798474	-0.043601763	-0.022482574	-0.015519977	-0.0035183802	-0.032180108	0.016727973	-0.031005872
-0.045539238	0.008872151	-0.04408567	0.03070489	-0.011226047	0.0469693	-0.0075093023	0.011624694	-0.019369101	-0.019461263	-0.026151026	-0.0023367777	-0.0011778586	-0.0072710626	-0.005442988	-0.0032162778
-0.016936816	0.0076871514	-0.022035694	-0.010728847	0.025517192	-0.008913171	-0.032583557	0.033632968	0.049600963	0.0035339221	0.012970101	0.011761736	-0.019058049	-0.020468438	0.009805154	0.011135768
-0.026883472	-0.020464242	-0.019906832	-0.016367722	-0.049525023	-0.016311668	-0.003274668	-0.014625382	-0.012487531	-0.032977976	0.03728353	-0.010578595	-0.04883498	-0.02682141	0.02880812	0.03370365
-0.022994114	0.0120764375	0.0025804266	0.042333875	-0.034305084	0.04499692	-0.040373255	0.048790183	0.014189292	0.027302828	-0.04274341	-0.004709564	0.022449825	0.02339201	0.023098733	0.048375834
-0.03160863	-0.0020149946	0.048117284	0.015589271	-0.03271818	0.026476767	-0.02972958	-0.0010283478	0.04641602	-0.020014012	0.023406807	-0.017447244	0.032367263	-0.049864996	0.031834994	-0.016491223
0.023522165	-0.001273036	0.045316387	-0.0077850707	0.0074693337	0.015422452	-0.015116822	-0.045627154	0.04750869	0.033570852	-0.03362118	0.024803106	0.024368051	-0.02191217	-0.015347384	-0.012520611
-0.26200038	0.20289274	-0.26231343	-0.110356726	0.25167334	-0.21933344	0.22486849	-0.25523874	-0.21204229	-0.2458434	-0.18350941	0.2325421	-0.18462428	-0.2215391	-0.20287204	-0.18659675
0.20457113	-0.1670725	0.25050846	0.14698198	-0.18532898	0.17595357	-0.24401957	0.14960085	0.20505406	0.16459152	0.1950904	-0.23345083	0.085904814	0.19446093	0.20523529	0.25443858
0.1773915	-0.1988816	0.19035678	0.1802899	-0.20473911	0.24121754	-0.15803829	0.16568016	0.1946273	0.19934557	0.21710066	-0.2012434	0.09732029	0.1754668	0.24936734	0.1912871
0.13012889	-0.08781435	0.11140724	0.09604935	-0.04408906	0.08743235	-0.14674139	0.07717813	0.085021585	0.11501259	0.16335851	-0.13719542	0.09804297	0.078898594	0.083425984	0.15645175
0.027572144	0.017866995	-0.018214058	-0.046317246	0.02233341	-0.04637412	-0.01819997	-0.0010334365	-0.031861473	0.04032356	0.03196614	-0.019562507	0.005830206	0.01846255	-0.014322795	0.023898553
0.02380741	0.038064886	0.0022936352	-0.014156353	-0.03650906	0.026087586	0.0050284974	0.0115334615	-0.009974837	0.035782706	0.037903573	0.040402737	0.042274285	-0.035428893	0.027417872	-0.039145075
-0.014406741	-0.02985394	-0.030033851	-0.014235474	0.015919749	-0.046190348	0.033978943	-0.009311367	-0.036509812	0.04552326	-0.023096407	0.046464037	0.025024425	-0.01228559	0.02034131	-0.025459314
-0.044888508	-0.0042667612	0.005373966	-0.048617877	-0.017480768	-0.03464682	0.026045073	-0.033682276	0.047816288	-0.024209965	0.0034722313	-0.023670912	0.0009589568	-0.01022334	-0.04780669	-0.02854017
0.115778394	-0.053079426	0.115145184	0.049457323	0.04986577	0.00056907814	-0.023484014	0.0012709172	0.09661159	0.108140826	0.037898596	-0.06307481	0.108111106	0.11225151	0.11953961	0.1022565
0.11006234	-0.10851491	0.067097746	0.053863097	0.077772796	0.050130308	-0.06651113	0.038403902	0.0849535	0.100705475	0.03743126	-0.038909506	0.050536804	0.10886244	0.104155466	0.088901035
0.08577506	-0.054014213	0.13263722	0.02741769	-0.011572813	0.051531937	-0.060878504	0.031167839	0.088883206	0.08622457	0.05947462	-0.111526914	0.09342665	0.045968436	0.06592732	0.054020565
0.109376885	-0.09407728	0.059566487	0.04468229	-0.03766184	0.06665694	-0.10326408	0.051465314	0.12721045	0.10004021	0.0738047	-0.118554235	0.07042075	0.11923433	0.099525936	0.09160639
0.1196843	-0.037254434	0.084631205	0.121796355	0.013877756	0.13210125	-0.048476305	0.055615697	0.065712735	0.08768497	0.0683674	-0.08216801	0.05535045	0.08221449	0.12375538	0.03445476
0.08805129	-0.07830917	0.107285865	0.039428752	-0.01899152	0.11858379	-0.06125748	0.05233311	0.099612355	0.118392035	0.108764194	-0.097357556	0.08025155	0.13365133	0.09387328	0.06109996
0.07825323	-0.12326952	0.115458235	0.113517374	0.024779236	0.07118098	-0.042205457	0.061902467	0.14956045	0.10624419	0.08642223	-0.1084947	0.11308299	0.06744753	0.122614786	0.11032901
-0.012772847	-0.029033316	-0.02659719	0.033426616	0.033572447	0.013414625	-0.04092467	-0.023635482	-0.0036887154	-0.015564941	-0.010347031	-0.022593474	-0.028623689	0.005065702	0.02007104	0.007890485
0.16919668	-0.22628212	0.18975466	0.14189821	-0.2501758	0.17457968	-0.17098485	0.20709442	0.26758394	0.17105925	0.1963797	-0.21781915	0.10819014	0.24855603	0.21652678	0.22798926
0.08843403	-0.11996512	0.097078994	0.10308859	-0.081743985	0.119258285	-0.12738961	0.07192409	0.1167872	0.14803869	0.14454572	-0.0650069	0.09167108	0.049003854	0.10212615	0.15202065
0.10381546	-0.10910156	0.1039349	0.0951465	-0.08199888	0.09617506	-0.11743645	0.029408382	0.11486599	0.06704552	0.1169587	-0.07663869	0.10056548	0.09809378	0.11622259	0.15312125
0.1082866	-0.1286472	0.07525203	0.06995677	-0.06440869	0.119030096	-0.07924507	0.052719098	0.15171005	0.14502761	0.084588155	-0.15403984	0.08560676	0.07654413	0.10168375	0.10083228
0.12598218	-0.035909627	0.08227027	0.060486376	0.091079704	0.03649533	-0.05750541	0.022722976	0.10028403	0.06657545	0.094450265	-0.050386813	0.04288098	0.0269212	0.039770037	0.09545537
0.056856055	-0.09051203	0.052295025	0.048098676	0.04755318	0.069892414	-0.09994903	0.026883109	0.06732401	0.07581409	0.10355062	-0.047935072	0.0813632	0.09510077	0.07091872	0.049252067
0.07499932	-0.074113086	0.07260501	0.0935718	0.04170829	0.06762592	-0.043476295	0.059211995	0.0879774	0.07060371	0.09529309	-0.06129046	0.09055757	0.078488715	0.08456172	0.096962385
0.021373395	-0.038122583	-0.004470192	0.008122385	-0.029917216	0.01668704	-0.04379591	0.018800821	0.0040834546	0.03821126	0.011770867	0.032181714	-0.042842604	0.031742964	0.045805443	-0.008898936
-0.010945	0.04256877	-0.04739168	-0.048737038	-0.03946624	-0.00012586266	-0.02022444	0.00567472	-0.04001094	-0.0094656125	-0.03909085	0.03285012	-0.012361072	0.021129321	-0.04227897	0.00944544
-0.19260731	0.16980043	-0.21155469	-0.094161436	0.13615607	-0.20975743	0.13544503	-0.14857155	-0.13701932	-0.14684202	-0.12786375	0.18252371	-0.026839003	-0.1977784	-0.20067216	-0.16424657
-0.027150322	-0.012248099	-0.024959385	-0.000110566616	-0.041793812	-0.034559645	0.0035284273	-0.0014208667	-0.018965578	-0.020389294	-0.0120777	-0.01654943	0.00095295906	0.045169186	0.004916977	0.02065995
0.12424362	-0.08142625	0.027006658	0.046210792	0.011322627	0.07659253	-0.1133309	0.05032854	0.08063874	0.042657387	0.12273013	-0.08930556	0.03100795	0.03588566	0.0726618	0.14289944
0.014830653	-0.021364093	0.045362104	0.031532314	0.047292974	-0.0469833	-0.010750759	-0.025170421	0.043059003	-0.024396885	0.04206008	-0.029477442	0.04240102	-0.033886075	0.0031526908	0.022346046
0.02129725	0.007496346	0.019714449	0.0075280666	0.013424192	-0.004103206	0.043043736	0.003550183	0.015068602	-0.026080538	0.007323455	0.029090855	0.03332751	-0.013727773	-0.027951872	0.035499845
0.12642844	-0.074926175	0.09955752	0.039659068	0.06446345	0.10947495	-0.13214909	0.06711669	0.048522808	0.11164077	0.05880911	-0.06712725	0.077960044	0.07568653	0.09532918	0.13234155
0.14270437	-0.11640726	0.16538037	0.06860393	-0.0838184	0.11727915	-0.1042738	0.08749439	0.14988704	0.09492441	0.15630141	-0.104070224	0.08233569	0.15387115	0.08621974	0.08423382
0.09721996	-0.0936039	0.13283496	0.11659669	-0.040676817	0.07802849	-0.068245664	0.04771789	0.10752956	0.12827832	0.03984683	-0.12601525	0.05229014	0.11829835	0.059533894	0.038692474
0.12104104	-0.09164696	0.13529107	0.09820665	0.032094385	0.07631859	-0.06408994	0.04216334	0.063456506	0.050430477	0.09188789	-0.0853697	0.03472727	0.07964885	0.08410266	0.0675512
0.12255391	-0.08153163	0.10645351	0.07779608	0.021528974	0.09347739	-0.048946045	0.033289928	0.0875619	0.14412878	0.10864519	-0.104837686	0.09802768	0.12894872	0.13238685	0.056079842
0.00026192516	0.0452304	-0.028881801	0.0013081916	0.012950782	0.0017239451	-0.029611826	-0.041910887	-0.006601535	0.036361817	-0.023246003	-0.04086647	-0.00834123	-0.015445899	-0.022342432	-0.043961097
0.17827493	-0.10382494	0.09688327	0.10728682	-0.12664229	0.086176954	-0.16718934	0.15288605	0.14260612	0.15393904	0.122213185	-0.17622752	0.12945421	0.17710066	0.14513826	0.18744467
0.123782694	-0.14621504	0.1638063	0.11429	-0.10612116	0.08975677	-0.1636955	0.16261204	0.11708586	0.101783894	0.09771956	-0.18823592	0.061072674	0.11265021	0.12379443	0.11572805
0.14944142	-0.1621665	0.17143215	0.0974988	-0.06263766	0.13549605	-0.12943904	0.14022096	0.10018414	0.13351025	0.12272267	-0.16671255	0.09177379	0.096923485	0.08883162	0.1852565
-0.025813937	-0.018754506	-0.025354838	-0.030640233	0.014705766	-0.034990728	-0.024842156	-0.020357205	-0.04055605	0.029756416	0.0075239316	-0.026223958	-0.00096477196	0.004527282	0.0076983944	0.028485883
-0.03382601	0.033835623	0.038478997	0.03089941	0.024112608	-0.04297168	0.039787058	0.024324011	-0.03646003	-0.018005036	-0.04362247	-0.020683993	-0.0110455975	-0.02277422	-0.048521258	0.018526483
0.017387938	-0.009345125	0.0054368973	-0.013621282	0.010469794	-0.04923127	-0.021078408	-0.046349622	-0.030837893	0.04488099	0.010976862	-0.049283873	-0.048280276	-0.019069303	0.030965853	-0.0014376529
0.039409492	-0.022933174	0.037780765	-0.0084092505	0.010066032	-0.02831086	0.022788238	0.031680647	-0.026688946	-0.043246783	-0.011548758	0.012085427	-0.046434402	0.030516181	-0.037165344	0.019494783
0.026976798	-0.03836759	-0.040955078	-0.033847056	-0.011598945	-0.022411276	-0.005046211	-0.049827613	0.0123355985	0.015031267	-0.021642327	-0.002818156	0.02300248	-0.032406032	0.03148004	-0.01881293
-0.02261144	-0.03015629	0.023143675	0.031424705	0.019219544	0.0363017	0.0025200732	0.0008194074	-0.03178086	0.044120144	-0.026506675	0.023611639	0.034582924	0.037621047	-0.026960863	0.0142666735
0.0112199895	0.019689526	-0.008643128	-0.049628556	0.0023906939	-0.038630832	0.025949929	0.01297624	0.01624788	0.008408785	0.0258562	-0.036958206	-0.04223291	0.04632758	0.020053338	-0.03863553
0.118272975	-0.19516703	0.20838006	0.056796525	-0.1328977	0.12704597	-0.20669268	0.16649741	0.21840665	0.20178302	0.22305846	-0.20471272	0.06766275	0.21197242	0.20175989	0.19489962
0.079414316	-0.13430715	0.15805972	0.05750274	-0.093577966	0.18187027	-0.08849929	0.10974449	0.15484805	0.15639523	0.13305838	-0.15022105	0.09518903	0.17547105	0.16755167	0.1551229
0.07411131	-0.15948059	0.18106665	0.0960103	-0.09274684	0.12101225	-0.16724695	0.1019758	0.15580337	0.10411406	0.16943665	-0.12822598	0.09547141	0.13539843	0.123738065	0.110972635
0.16284126	-0.16813935	0.17715032	0.06369027	-0.13909847	0.09529281	-0.17310072	0.111516066	0.13194486	0.1805963	0.16037223	-0.12455542	0.08955666	0.08942473	0.115547776	0.13719155
0.08516458	-0.090127595	0.11019255	0.116477214	-0.11402817	0.09611118	-0.13434255	0.12581824	0.17067221	0.1015219	0.082805716	-0.08143555	0.0796523	0.14863299	0.19932184	0.122234605
0.013324354	0.030969549	-0.017956793	0.026603315	-0.028971005	-0.048803534	-0.013509285	0.049546134	0.017075215	0.029968355	0.027252544	-0.027009262	0.047722567	-0.022321535	0.031803194	-0.03814107
0.13686298	-0.16469246	0.18088686	0.057586674	-0.15997766	0.15213355	-0.14596328	0.14267132	0.1556805	0.18871999	0.19323702	-0.22127344	0.12869664	0.17997928	0.18303743	0.20269826
0.19099003	-0.22279224	0.1868633	0.081322014	-0.14426069	0.21321133	-0.2018021	0.18678524	0.16146506	0.1590544	0.20953216	-0.16461006	0.11640785	0.15795963	0.19673535	0.17722334
0.13561715	-0.19951025	0.13197887	0.08796811	-0.11031919	0.13183424	-0.14754725	0.2049353	0.1543506	0.18038595	0.1794731	-0.15002057	0.13925843	0.17236431	0.12653679	0.17771915
-0.048916984	0.030298892	-0.017510008	0.000407923	0.0367123	-0.036531948	-0.044219375	-0.04028938	0.007165633	-0.0334965	-0.0067187063	-0.02693733	0.04928002	-0.013644792	0.030855682	-0.011328876
-0.035827257	-0.018687822	0.022926722	0.036965717	-0.044443574	-0.03843982	0.0005576126	-0.013480496	0.04682574	-0.047476005	0.025492374	0.041051637	-0.008289315	-0.036108196	-0.04567902	-0.003709484
-0.04309989	-0.033971265	0.00512439	-0.030253185	-0.04836153	-0.029502047	-0.033910096	0.036087725	-0.00013124943	-0.016745985	0.017730508	-0.00051772594	-0.04351133	0.009133734	-0.043458905	0.026805196
0.0046748742	0.045385752	0.012497436	-0.04833412	0.038310777	-0.034783162	-0.007502258	0.031548288	0.023160685	0.011673607	0.011475585	0.04811058	0.03936298	-0.021027673	0.044254396	-0.042335596
0.045538876	-0.0016099699	-0.021109283	-0.010816228	0.008683167	0.003049016	0.0039897338	0.035739455	-0.043617833	0.022553299	0.04183403	-0.04925096	-0.017685972	-0.017245255	0.0154298805	0.035067823
0.040381085	0.017181803	-0.047822393	-0.008413624	-0.045332897	0.025544535	-0.035138786	-0.037596118	0.010294139	0.0017592907	-0.021006083	0.008128632	0.014828954	-0.03341458	-0.014262866	0.0026797429
-0.01647979	-0.0016600862	-0.03756068	-0.008988462	0.0023882166	-0.027776325	0.030311618	0.030965451	-0.023834467	0.01966386	-0.031361297	-0.03206128	0.016610969	0.013027754	0.0075877532	-0.009359062
-0.029159332	-0.026305055	-0.018805696	-0.012714423	0.028838683	-0.023289634	-0.021572364	-0.033784606	-0.036886655	0.019698475	-0.040202416	-0.02226131	-0.041359294	-0.03713224	0.04734275	0.04845902
0.001172483	-0.049223196	0.027902532	0.0020431764	-0.048667144	-0.043618407	-0.016854156	0.02325238	0.026101802	-0.019410396	0.03964385	0.03799716	0.046586882	-0.008033574	-0.044450283	0.03495686
0.03149346	0.0012291446	-0.014046073	-0.02685721	-0.045421697	-0.040962078	0.04212186	0.034972433	-0.019054247	-0.014033269	0.016316686	0.037614617	0.02160145	0.03661963	0.0056743734	0.045643996
0.02732617	0.023930166	0.028366115	-0.03451382	-0.036205016	0.023878638	-0.03735126	0.03312024	0.007878054	-0.012219489	0.011075925	-0.01258371	-0.023780657	0.001119554	0.0137848	0.041507278
-0.04384879	-0.026363432	0.0050853714	-0.029798223	0.031430352	-0.042905834	0.03883903	0.03121427	-0.040052235	0.028326001	-0.04051907	0.02831627	-0.008165646	-0.04211359	0.009632863	0.024706457
-0.037439667	0.0151578225	0.0443621	-0.044939782	0.03889713	-0.018559992	-0.007013608	-0.02844342	0.0061074607	-0.032785464	0.028928112	0.0075851195	-0.03266628	0.006850254	0.02230065	0.0024086721
0.032610048	0.0071102753	0.022291396	-0.02485671	0.03777499	0.0458386	-0.03661003	-0.007373713	-0.00016058609	-0.0075629354	-0.032086983	-0.01822915	-0.048650574	0.03987051	0.04169712	0.039097074
-0.17282717	0.112058714	-0.123343065	-0.12718208	0.17070138	-0.19131163	0.17231768	-0.19138063	-0.13853133	-0.22147961	-0.20146807	0.15300086	-0.09461898	-0.15807742	-0.16351263	-0.14688323
-0.18557438	0.18416047	-0.21198145	-0.057846528	0.18612897	-0.1317995	0.18254143	-0.18954164	-0.15617663	-0.2075219	-0.19740276	0.12969168	-0.09637145	-0.17477214	-0.20331523	-0.14405854
-0.05873882	0.07993343	-0.073831394	0.08297345	0.08656775	-0.11729344	0.1013204	-0.1241675	-0.080727994	-0.054787934	-0.14786257	0.12639967	0.099045	-0.1399333	0.01108881	-0.17193101
-0.03064772	0.012421332	0.038117614	0.04525565	0.013590645	-0.0149329305	-0.020628382	0.025201324	-0.03519652	0.038378526	0.024894867	0.029261205	-0.027271176	0.02466971	0.0288761	0.04231925
-0.020065486	0.024359357	0.020200144	0.02435935	0.041587386	-0.03862382	0.008336641	-0.030148137	0.00092095137	0.013858784	-0.011617351	0.014036167	-0.0472829	0.01924869	0.0148572065	0.007001281
0.02883904	-0.03490131	-0.007694505	-0.009070896	0.022888605	0.035488833	0.020820621	0.008284379	-0.043341376	-0.03779044	-0.019113218	0.0006266609	0.040030193	-0.005832769	0.01762103	-0.0370659
0.0075056776	0.001225926	-0.015288092	-0.025500476	-0.024874879	-0.046667803	-0.023883784	-0.029060507	0.00075882673	0.047469225	-0.021398533	0.041520048	0.0034416802	-0.034990072	0.02472129	0.034745682
0.044880603	0.03150599	-0.022990262	0.033847976	-0.02325263	0.0014248602	-0.033111192	-0.032646954	0.012558427	0.049465347	0.022398282	-0.011360966	0.009759892	-0.044831015	-0.014239155	-0.019072223
-0.17566745	0.21716802	-0.14104635	-0.09909572	0.112114325	-0.15598924	0.16990261	-0.13297936	-0.14417423	-0.22092852	-0.15569688	0.1462101	-0.06445901	-0.18136095	-0.18490517	-0.18868724
-0.1712121	0.15165466	-0.17536843	-0.10213639	0.11437951	-0.20062076	0.16046071	-0.13803312	-0.17535914	-0.20174241	-0.15574625	0.1549107	-0.03734649	-0.13503046	-0.19991033	-0.1625184
-0.11523418	0.15687372	-0.14140896	0.08863719	0.14951125	-0.103894584	0.112986535	-0.15216708	-0.12312883	-0.10373817	-0.15537474	0.11688905	0.088670015	-0.14137696	0.034143783	-0.09682955
-0.14606588	0.116872676	-0.13460945	0.059831787	0.14056322	-0.1356709	0.128113	-0.090459794	-0.08132833	-0.036711764	-0.11066565	0.0877632	0.16115656	-0.10656556	-0.015035306	-0.12095289
-0.09708752	0.10990984	-0.09825392	0.053707752	0.06630848	-0.14632377	0.14804928	-0.08505038	-0.12407202	-0.11330772	-0.16056813	0.16646686	0.13885348	-0.17386137	0.019839877	-0.09464076
-0.09446566	0.067899875	-0.10746725	0.13504621	0.07490983	-0.091522545	0.1025614	-0.08748136	-0.08715981	-0.04881414	-0.09809281	0.07780103	0.060732983	-0.1607239	-0.009658148	-0.06968427
-0.15437742	0.14793353	-0.10424397	0.05256025	0.08356245	-0.15323028	0.07159424	-0.14639181	-0.09099367	-0.09777473	-0.09447874	0.132034	0.12790012	-0.114994735	-0.029197372	-0.15775087
-0.11150345	0.11972019	-0.05078807	0.05266122	0.11139693	-0.117505476	0.118066944	-0.11680221	-0.10776909	-0.13642219	-0.10246933	0.15551238	0.11786772	-0.092723295	-0.019856025	-0.106302224
-0.14082901	0.14465843	-0.09264338	0.08826276	0.13076776	-0.12979843	0.12259528	-0.109491006	-0.1030876	-0.12612441	-0.10218912	0.15693009	0.12276358	-0.16368665	-0.037950154	-0.13691227
-0.13036516	0.099758506	-0.06969443	0.12994021	0.15155263	-0.11471675	0.13454804	-0.08485761	-0.08557219	-0.11865259	-0.079583794	0.09190773	0.14251643	-0.1655871	-0.0722131	-0.13191853
-0.038820613	0.03987881	-0.036636412	0.010689177	-0.010817517	-0.032920912	0.015802812	0.021163557	-0.031985868	-0.035542093	-0.03709514	-0.014980555	0.0107457265	0.0243248	0.047595058	-0.041884065
0.041593697	-0.03344022	0.0144271515	0.014275517	-0.029252792	0.0036336184	-0.0329047	-0.026027227	0.023563746	0.035977665	-0.016365848	0.035805773	-0.024766004	0.017012488	-0.043533992	-0.03174641
-0.010439467	0.018425856	-0.0049318075	-0.014379241	-0.044043172	0.041921522	-0.0484205	0.0058862194	0.034128357	0.029100802	0.019437019	0.019237604	0.041947853	0.04806533	0.031287495	-0.02780217
-0.031871937	-0.026221097	0.0042731278	-0.008537959	0.045893636	-0.043801736	0.029738914	0.025010947	0.0009661205	-0.0061145537	-0.038387932	0.023051325	0.02957609	-0.016727757	-0.032579973	0.037381817
-0.20424202	0.17699564	-0.13322404	-0.08237008	0.20713837	-0.22798774	0.19791919	-0.19848463	-0.22527058	-0.2249446	-0.1710329	0.13947152	-0.069225535	-0.20193243	-0.18397242	-0.23331095
-0.18241256	0.15220758	-0.19249369	-0.14459053	0.13881864	-0.22995996	0.21468502	-0.15654653	-0.24333563	-0.22031663	-0.1618129	0.21507862	-0.08988864	-0.15544678	-0.13661039	-0.17516832
-0.01579523	-0.043576576	0.042304967	0.010385562	-0.023803223	0.037185993	0.019513775	-0.04180851	-0.00077737495	0.008635044	0.045845393	-0.012558065	0.04940394	0.02244747	-0.043717768	-0.00015798956
-0.041566193	0.029334757	-0.016150557	-0.023088647	-0.01767223	0.03820132	0.039656643	-0.03473711	0.021082114	0.028838549	0.042388726	-0.013557039	0.046571825	-0.0481218	0.0021855123	0.0038297772
-0.04837916	-0.0050415397	0.02650484	-0.012605667	-0.021848595	-0.016672611	-0.023541844	0.01541451	-0.0041196235	-0.004072737	-0.02565378	0.026764039	0.04535487	0.03848913	-0.0074434057	0.03802756
0.046854343	0.017226864	0.03260881	0.009121656	-0.032010987	0.044355106	-0.028369559	0.04543448	0.04186995	0.0006473884	-0.013807822	0.03584211	0.031172585	0.048608433	0.0105352625	-0.0037640221
-0.019669509	0.01777618	-0.0066687837	-0.041305624	-0.044428717	0.007925522	0.017041985	-0.020528305	-0.048669722	0.037945483	0.037418198	-0.026048196	0.032211434	0.0002380386	0.041662898	-0.04573181
0.013586309	-0.044646144	-0.029765725	-0.017218936	-0.0023534894	-0.03975097	0.021118809	0.045863364	0.013774205	-0.03901223	0.017105546	-0.011467267	0.033939514	0.045321595	0.031557176	-0.030179322
-0.04639752	-0.019222116	-0.03962419	0.01864997	-0.0018633977	-0.016798176	0.012007285	-0.043116726	-0.020225048	-0.03144779	0.039156806	0.0031219013	0.033222903	-0.04262748	-0.015644312	0.03773645
0.018311072	0.004925955	0.04189882	0.040074173	-0.009760641	0.024978194	0.014994357	0.04178028	-0.01855867	-0.03779936	0.038927343	-0.004808437	-0.04147184	-0.0059886575	0.0018468872	-0.047091555
0.013613153	0.003922034	-0.024568379	0.028680746	-0.029854298	-0.0321877	-0.044079877	0.028221633	0.019801285	-0.039429046	-0.047217824	-5.2463263e-05	0.03279281	-0.014025699	-0.044297922	-0.032160163
-0.004319798	-0.03462442	0.019760098	0.04074529	0.038743142	-0.022037733	0.041805718	0.008212887	-0.013458692	0.036977004	0.007064592	-0.008556832	0.038889315	0.0056623593	-0.027779032	-0.027693952
0.041123573	-0.038831912	0.016162876	0.017731283	0.038382325	0.02441622	-0.04367515	-0.029672658	0.005221963	-0.03477907	0.006532334	0.006515015	0.03086299	-0.046138775	-0.030548895	0.044821594
-0.12032651	0.118700005	-0.042051908	0.14652307	0.102436066	-0.14970618	0.06922815	-0.08319212	-0.11095435	-0.0962671	-0.06471195	0.10279625	0.13226674	-0.11713164	0.05156861	-0.15093261
-0.116223365	0.13762726	-0.08530834	0.09716138	0.14365838	-0.11535876	0.06831495	-0.15320796	-0.11115096	-0.032288253	-0.078001045	0.12897018	0.066078916	-0.14352594	-0.014245161	-0.16379869
-0.06952628	0.10608827	-0.118137166	0.14860341	0.16274764	-0.10306122	0.14107336	-0.1454118	-0.13941102	-0.09499235	-0.10174528	0.1003791	0.14328928	-0.089615434	0.0054034847	-0.0895504
0.040114846	-0.06025466	0.053394362	0.09771328	0.09682633	0.08999193	-0.10859628	0.037795383	0.076492034	0.088569336	0.094382554	-0.058580734	0.11430314	0.093488924	0.072435245	0.058387484
0.10907757	-0.06234088	0.13035762	0.04803554	0.07622928	0.082502335	-0.15559962	0.05090358	0.06275726	0.036912184	0.09834205	-0.084117	0.060290765	0.11788155	0.10889317	0.15260088
-0.0036673658	0.023443494	-0.034573127	0.01226927	0.048999798	-0.024300039	-0.031556442	0.028223824	0.008290291	0.044265304	0.04454614	0.04396454	0.028075647	-0.035302557	-0.0065656416	0.0009437576
-0.006991543	0.021281432	0.026014868	0.009343922	0.03355192	0.015423227	0.0063235387	-0.022020007	-0.04073292	-0.045808386	-0.009595156	-0.0031602867	0.042959694	-0.020493973	0.010565292	0.03457329
0.008491468	-0.011370491	-0.029598689	0.040691365	0.038652185	0.011283208	-0.021248698	0.0055854917	-0.0050896034	-0.037356198	0.020478655	-0.03250791	0.023182917	-0.031898342	0.03541437	-0.024263823
-0.02091303	-0.04013177	0.028460767	-0.009567976	0.008221973	-0.00438118	0.0146825425	0.041688886	0.01130731	-0.009590197	-0.028723706	0.032895017	0.01665679	-0.04568062	-0.042178012	0.009538136
0.09915983	-0.120921314	0.028807655	0.11479832	-0.018921996	0.018533317	-0.06674983	0.002976118	0.09476739	0.08207644	0.10686166	-0.08617292	0.02917414	0.105112426	0.10067782	0.062748894
0.09935278	-0.08732878	0.058125295	0.09678667	-0.02638561	0.11317613	-0.119151436	0.113289975	0.07646786	0.03328283	0.051788125	-0.10683966	0.04697459	0.10580708	0.12794982	0.09568543
0.12854789	-0.14347531	0.16728678	0.10706093	-0.19374308	0.17260097	-0.1994499	0.14894126	0.2183892	0.12604694	0.16836584	-0.13531251	0.11766755	0.17864147	0.14165993	0.1195915
0.15047632	-0.13546172	0.1330534	0.102878	-0.1824747	0.17916125	-0.17260917	0.114399716	0.1999561	0.15082626	0.117265575	-0.11307922	0.03470929	0.15613458	0.15286501	0.18874997
0.13723417	-0.1793785	0.16820168	0.06253283	-0.10325568	0.20358127	-0.17453958	0.10753811	0.186891	0.132908	0.13809732	-0.12947807	0.04903685	0.1321586	0.18225716	0.18704277
0.11747662	-0.105575666	0.18432029	0.08269776	-0.12926537	0.13367184	-0.124281354	0.10244028	0.17341869	0.20146303	0.142245	-0.20415506	0.10350867	0.12569153	0.14075089	0.14078733
0.14493209	-0.15931502	0.16528401	0.04302449	-0.15870513	0.10697212	-0.1279354	0.18031861	0.19073339	0.15528707	0.1956236	-0.11624412	0.10923905	0.11445076	0.20863606	0.20263915
0.18341514	-0.19851996	0.19983947	0.070616096	-0.18252707	0.20186278	-0.20038132	0.1327641	0.19505453	0.17041872	0.18409699	-0.11344837	0.11081635	0.13111591	0.2106425	0.14851396
0.16805285	-0.18574218	0.14667785	0.045076795	-0.19197379	0.19894367	-0.108546875	0.1626416	0.20833564	0.19611768	0.12111781	-0.18147752	0.06322535	0.100009315	0.15740642	0.15756999
0.036550228	-0.026945055	0.03290737	0.028336156	0.04995401	0.031228151	-0.03231051	0.037686456	-0.029171754	-0.0012772195	-0.028515447	-0.02045989	-0.031700492	-0.0090207085	-0.028632069	-0.013034593
0.0040019266	0.046953823	0.029394653	-0.0395586	0.016539428	0.030536298	0.010013808	0.029058758	-0.044176128	-0.021357214	0.047674146	0.012270331	0.030060302	0.021730568	-0.0045444593	0.011614658
-0.010524891	-0.009858906	0.04242659	0.029901054	0.0018904209	0.003474366	0.012657177	-0.0440362	-0.04736438	0.025795188	-0.047630906	-0.035619974	0.019713964	-0.032947816	0.003266286	-0.005330883
0.03760146	-0.0064243786	0.026283685	-0.0025296807	-0.006071795	-0.003938485	0.011191476	-0.03581239	0.01919787	-0.006335009	-0.013338078	0.031638537	-0.023697032	0.036157254	-0.04967883	0.0049297214
-0.079159886	0.08822501	-0.0784125	0.01981693	0.15865676	-0.1130439	0.11435601	-0.078129746	-0.14425452	-0.06719858	-0.10346378	0.0719205	0.09871241	-0.16428357	-0.06238064	-0.16854854
-0.010549713	-0.011628021	0.025047984	-0.039176285	0.022382285	0.008673597	0.027814161	0.040621784	0.034091208	-0.026211655	0.024979439	-0.04049579	0.020506512	0.0013204217	-0.018003594	-0.04789002
-0.1074171	0.15169972	-0.12278601	0.0388214	0.12747137	-0.107089356	0.11332369	-0.08261006	-0.14443792	-0.067283854	-0.1606519	0.1175344	0.09076439	-0.08869677	-0.08028943	-0.12129985
-0.09431632	0.12833118	-0.057096288	0.076813795	0.15894789	-0.103055984	0.06511935	-0.09384381	-0.13124797	-0.07425159	-0.14336415	0.0580411	0.04421016	-0.09699403	-0.02648609	-0.11023641
-0.13295496	0.13524796	-0.076299466	0.10279835	0.13660835	-0.09514747	0.115515	-0.05145778	-0.06472376	-0.10951135	-0.06698884	0.09918851	0.085458994	-0.09556702	-0.07686553	-0.12351477
0.041480426	-0.046594836	-0.0040498152	-0.048714887	0.01586384	0.029048886	-0.0326332	0.002374351	0.026281845	-0.044525336	0.013272192	0.04610498	-0.023220016	-0.019538641	-0.018319797	0.04186592
-0.12062703	0.10395609	-0.14318204	-0.021902252	0.12153406	-0.17748816	0.1003355	-0.17273769	-0.12990347	-0.19323994	-0.1299261	0.18055414	-0.091742516	-0.13315393	-0.110007055	-0.10679791
-0.1573122	0.102958545	-0.092968255	-0.047758702	0.11818237	-0.080234505	0.15095359	-0.12167143	-0.16073379	-0.09977636	-0.10447608	0.12510245	-0.009964638	-0.14908619	-0.08614492	-0.088645115
-0.105818786	0.13099726	-0.10449599	0.1472261	0.15793855	-0.1744471	0.14326087	-0.13098061	-0.10890288	-0.11699933	-0.11062589	0.12867981	0.08786004	-0.15788554	0.018691408	-0.13629802
-0.044632245	-0.011942852	0.020652223	0.04992577	-0.0045105107	0.0038841143	0.029269483	0.047295537	0.03515363	0.045664143	-0.039173912	0.047774065	-0.022609675	0.041882027	0.027304221	-0.036067355
0.036677506	0.047968697	0.04595835	0.02498747	0.023751307	0.025333893	0.031485643	0.0056452975	0.041242946	-0.015043009	-0.034838986	0.046219084	-0.02022375	-0.027826084	-0.017587565	-0.036143564
0.033386383	-0.043031957	-0.020288825	0.010545839	-0.045590926	-0.0037169084	0.03361133	0.03664005	-0.042566277	0.02906448	-0.01967268	-0.022622729	0.002152741	0.024057377	-0.006763637	0.016428325
-0.021411812	-0.008450579	-0.01819421	-0.020210935	-0.016074527	0.019825231	0.027375247	-0.006380677	-0.011654057	-0.023041392	0.047925558	0.005349256	0.026680123	0.04387397	-0.04921353	-0.002400387
0.015754867	-0.043109786	0.027973745	0.021077547	-0.0029397719	-0.021092176	-0.015784573	-0.037203908	-0.010679983	-0.02171669	0.013208974	0.01527128	-0.025909973	-0.015360653	-0.030484855	-0.035102963
-0.14575912	0.18171781	-0.21102825	-0.10664288	0.22611664	-0.15369165	0.22668815	-0.16118321	-0.2105089	-0.2091682	-0.1642882	0.18587674	-0.16280203	-0.17575245	-0.19354084	-0.19330418
-0.24479999	0.20204902	-0.16334815	-0.058490712	0.15130094	-0.17205322	0.23671982	-0.20149866	-0.24936308	-0.23476303	-0.16562796	0.20475607	-0.085645415	-0.2436081	-0.14568247	-0.22583108
-0.18897906	0.16281995	-0.2283692	-0.051568113	0.24601084	-0.18319422	0.1733573	-0.17332196	-0.2400152	-0.1823191	-0.16521049	0.19083789	-0.13453525	-0.24018334	-0.23130938	-0.16394871
0.15018383	-0.07523571	0.064423926	0.04416152	-0.06293298	0.079972625	-0.084057964	0.13464338	0.10600114	0.06789556	0.14529149	-0.08813417	0.017319888	0.13516967	0.06742573	0.12647994
0.12261637	-0.12792246	0.08085554	0.017238941	-0.042619742	0.13929962	-0.13539235	0.09200186	0.12048575	0.16018891	0.08334982	-0.11209591	-0.006731322	0.0698023	0.061737835	0.14780267
0.17264134	-0.108205184	0.14285848	0.066592366	-0.07489768	0.12849304	-0.100472026	0.17364188	0.21977179	0.13445124	0.14018881	-0.16065437	0.06612111	0.16357388	0.12525454	0.17226692
0.18956596	-0.11425947	0.14861558	0.08253076	-0.14696963	0.14719178	-0.10208083	0.13645393	0.16488887	0.14341329	0.122748375	-0.19312	0.05393529	0.1967352	0.1511193	0.11067725
0.10912615	-0.18319218	0.11598903	0.08323593	-0.11220199	0.16020997	-0.17913091	0.085308135	0.16879234	0.15830694	0.12486285	-0.11166002	0.1285576	0.17555292	0.1772815	0.14465517
-0.033344224	-0.027435673	-0.045434322	0.041149918	-0.048402943	-0.0033096299	-0.03533741	-0.033780195	0.012874376	0.012385964	-0.016003024	-0.03470688	0.027810346	0.023109104	0.023132112	-0.045944083
-0.019705748	0.04185779	-0.026973879	0.029972102	-0.0038827285	-0.014695786	-0.047532894	0.043669093	-0.0446301	0.017059352	-0.043177616	-0.015244592	0.005625725	-0.04166274	-0.028368497	0.021991577
0.041013513	-0.044084586	0.0016909242	-0.042859983	-0.044966973	0.022072647	0.02986795	-0.011189699	-0.037647653	-0.041965354	-0.04229642	0.018386174	-0.013980221	-0.04439285	-0.031228973	0.03969014
0.015282404	0.023921978	0.028983917	-0.0019049533	-0.009703137	0.026213054	-0.0021066666	-0.01419922	-0.02214067	0.045614015	0.028509807	0.027106691	0.009932481	-0.04646455	0.022762742	-0.020180214
0.04742595	-0.013578463	-0.011257004	-0.031614088	-0.030244935	-0.029626846	-0.023399545	-0.005852245	0.021180522	0.0022697821	-0.038446844	-0.002637554	0.03439	-0.017858136	-0.008742083	-0.040564798
0.021677528	0.044669453	-0.026096536	-0.047488775	-0.002800487	-0.04101939	0.037197176	0.0012279972	-0.0371014	-0.024698734	0.001491569	0.04251938	-0.010720231	0.041089896	-0.0098000765	-0.0039680377
0.00987326	0.011519432	-0.044686437	-0.0058343783	0.012038816	0.0118126385	0.03722726	0.030224804	0.018231425	0.046948995	0.024446536	0.048948932	-0.043218173	-0.042915523	0.035780918	0.015189778
0.06221474	-0.13013734	0.048322856	0.11655955	0.057851467	0.07771454	-0.06661001	0.06558366	0.13613562	0.11498755	0.043987647	-0.12659907	0.07740557	0.08625088	0.08549734	0.13733742
0.07465185	-0.052432463	0.13268277	0.06593608	0.048583597	0.066333264	-0.06366355	0.053001538	0.1297696	0.09954701	0.12880823	-0.06713514	0.0250833	0.09012059	0.10998433	0.06552736
0.13132887	-0.058991384	0.05134958	0.122259356	0.082639225	0.07793947	-0.10292997	0.025186831	0.10156235	0.076131456	0.10417016	-0.08154272	0.031290628	0.07336417	0.0919015	0.11825298
0.25115976	-0.16686751	0.2001325	0.11231984	-0.16936012	0.234647	-0.26363453	0.22176306	0.21374515	0.24132167	0.19107921	-0.2095612	0.11259509	0.24882828	0.24422495	0.19189212
0.19177812	-0.17008793	0.2561749	0.15665047	-0.23870242	0.25224206	-0.22993171	0.2434574	0.2768195	0.1861157	0.20405006	-0.21563317	0.18690544	0.18897392	0.18049476	0.18985486
-0.047808874	0.021859799	-0.042894423	-0.026260054	-0.010204829	0.0041970983	-0.029949486	-0.016493727	0.025048409	-0.04454143	0.030065168	-0.014965318	-0.032718945	0.038335945	-0.0039697886	-0.017834663
0.0016572848	0.021585774	-0.04453194	0.03828417	-0.009024013	0.032200303	-0.04607738	-0.037121497	-0.043465186	0.03569987	0.0413764	-0.0035288818	0.035452876	0.030441526	-0.017133009	-0.019725347
-0.045390476	-0.028509473	-0.047056615	0.04929954	0.008029569	0.021875475	0.044982422	0.044087265	-0.033973455	-0.018968213	-0.014324404	0.041493382	0.04838759	-0.018184483	0.027161468	-0.019945025
-0.0074291006	0.007556595	0.009777404	-0.031286918	0.0252872	0.03571618	0.0389765	0.0039850697	0.01331896	0.011698615	-0.014046274	0.012270223	0.028948698	-0.03024329	-0.0375445	0.018228088
0.045498345	-0.02245679	0.005870186	0.010955535	0.043521132	0.044442285	0.018834438	-0.0090698	0.039560113	0.03881898	-0.02134322	-0.038280986	-0.037627567	0.03811859	-0.043591797	-0.009475719
0.16256836	-0.15333997	0.143465	0.060856823	-0.16549462	0.22089307	-0.2032537	0.1614896	0.23332343	0.20640233	0.19672391	-0.22591354	0.07368379	0.13367334	0.19812791	0.22171596
0.0072768703	0.0105206	-0.029890193	0.025889281	0.037782673	0.026217725	0.004269719	0.024423685	-0.006821394	0.02292956	-0.023874832	0.02371398	-0.00013219193	0.013815131	-0.020725442	0.02963226
-0.0034803972	-0.017442845	-0.0024652258	0.03482214	-0.011786163	-0.02621882	0.03822727	0.0072028153	0.02563167	-0.010475587	0.013050426	0.047888268	-0.04341632	-0.029870486	0.039221082	-0.010309327
-0.017417002	0.044105325	0.0019955263	0.04296306	-0.0036818273	0.049067844	0.037949983	0.005687643	0.048330043	-0.016944658	0.043689493	0.01593497	0.005306065	-0.010941792	-0.04458356	0.008992601
0.020540383	-0.04400289	0.006507732	0.024939347	0.012796704	-0.04188645	-0.010140143	0.009102143	-0.01201725	-0.016180478	0.037569012	0.021413986	-0.043058515	-0.045781206	-0.01647725	-0.038105868
0.14833929	-0.20810251	0.1691744	0.09234729	-0.20062567	0.21435979	-0.23463282	0.18108428	0.24975696	0.21209332	0.19686358	-0.24618626	0.16370559	0.18404903	0.23235364	0.19058917
0.16518663	-0.18652181	0.22444919	0.1044047	-0.16677761	0.22806004	-0.248573	0.21132624	0.23898408	0.22471002	0.22493134	-0.24860576	0.09231993	0.15220879	0.21764152	0.17024429
0.07981435	-0.13242966	0.13653092	0.05123607	-0.11322977	0.08386888	-0.066976264	0.09241172	0.095507145	0.12745175	0.12927392	-0.07730782	0.02938968	0.09942142	0.14851691	0.10134827
-0.15886162	0.17036779	-0.1931188	-0.057694405	0.11593805	-0.16537695	0.15769471	-0.091962576	-0.18076688	-0.107091725	-0.09160839	0.14724594	-0.097215176	-0.09567944	-0.109174185	-0.1381361
-0.13304149	0.15707055	-0.19398865	-0.09704556	0.13500506	-0.122531764	0.13980134	-0.18425667	-0.18423963	-0.10967887	-0.089312315	0.19678174	-0.07542393	-0.12843937	-0.14293373	-0.16338626
-0.15781935	0.17732665	-0.10206724	-0.06782281	0.15810151	-0.10157254	0.18042319	-0.17965047	-0.21022296	-0.199126	-0.15148376	0.114702135	-0.03735607	-0.13060276	-0.2009172	-0.18200704
-0.13286752	0.12028365	-0.14178163	-0.0506493	0.1354954	-0.13534161	0.18898566	-0.17240241	-0.1194562	-0.17146496	-0.12281494	0.12321396	-0.05318135	-0.11166633	-0.10745146	-0.19177568
-0.09250461	0.15744552	-0.13991584	-0.049657103	0.19138925	-0.15241617	0.17060164	-0.17513281	-0.20566244	-0.12674525	-0.1595327	0.11173968	-0.12130943	-0.11083073	-0.13550104	-0.18861583
-0.2162972	0.19520299	-0.2308413	-0.13097332	0.19894065	-0.15191989	0.18684691	-0.22087622	-0.226265	-0.2154311	-0.1947038	0.23096699	-0.10113148	-0.16883983	-0.21106265	-0.1977881
-0.014813699	-0.017129075	0.0073826797	-0.04859786	-0.041166805	0.015125047	0.017749641	0.015502024	0.024334874	-0.014160655	0.013545599	-0.03626399	-0.02574779	0.013908271	0.011879005	-0.03113811
-0.1799819	0.14096707	-0.20895012	-0.035091553	0.12513147	-0.10997703	0.17621933	-0.1216293	-0.13521296	-0.20558512	-0.1428569	0.19721456	-0.10924442	-0.17272924	-0.17216426	-0.13377027
-0.19238041	0.14786066	-0.20795812	-0.030433586	0.171047	-0.17697237	0.120389394	-0.20716968	-0.18284795	-0.16220652	-0.1516877	0.19973579	-0.09278808	-0.20380455	-0.13038658	-0.16801578
-0.1388982	0.17549033	-0.19969626	-0.09402881	0.17081863	-0.14348541	0.13895214	-0.14824884	-0.15686461	-0.13539208	-0.16791515	0.16349843	-0.08937012	-0.19979532	-0.19572204	-0.1376752
-0.13256957	0.14901316	-0.19041094	-0.07137138	0.22019926	-0.1442201	0.17962807	-0.15662438	-0.22653578	-0.19381335	-0.18214536	0.1360475	-0.0509664	-0.1678958	-0.23537631	-0.2016981
-0.15801367	0.16807145	-0.13817573	-0.09573845	0.15809844	-0.15403283	0.15215932	-0.15515025	-0.1736313	-0.15154125	-0.21491212	0.1928042	-0.04822311	-0.19179866	-0.21421294	-0.21681571
-0.08578786	0.12133534	-0.11128449	0.08680378	0.13120075	-0.0915594	0.0872074	-0.10509237	-0.15798107	-0.15115495	-0.1350369	0.08044394	0.07847047	-0.14174542	-0.047746565	-0.17124052
-0.11385506	0.12819883	-0.10839663	0.10797404	0.13742161	-0.09454635	0.09961056	-0.14393286	-0.15841714	-0.15757145	-0.08055024	0.16241431	0.05577247	-0.12201436	-0.121898524	-0.14747266
-0.08501933	0.123764455	-0.124050595	0.046621654	0.11012744	-0.107594945	0.09747341	-0.17675412	-0.06781573	-0.13265741	-0.09865056	0.09156958	0.06386541	-0.12959076	-0.14138593	-0.121162474
-0.07555141	0.10398151	-0.07256443	0.05610802	0.17216657	-0.16830495	0.09910755	-0.091282375	-0.13019674	-0.085026205	-0.07677197	0.064113826	0.09361783	-0.1082659	-0.06640793	-0.0771952
-0.08875392	0.09119376	-0.045722	0.045461684	0.12436426	-0.08853338	0.09760956	-0.08314603	-0.06647333	-0.04953687	-0.074107766	0.05699447	0.048725102	-0.11666513	-0.040215738	-0.09921463
-0.10591591	0.11741519	-0.028314276	0.050730865	0.12420319	-0.080690205	0.13312738	-0.07379778	-0.07730399	-0.08382307	-0.105760194	0.11491008	0.024109367	-0.09569842	0.0054974295	-0.06963171
-0.08453341	0.109249525	-0.076027445	0.1121512	0.12872307	-0.16561556	0.15296148	-0.05870656	-0.11324868	-0.10563688	-0.10412406	0.0534344	0.09332891	-0.13739324	0.0091551095	-0.1275733
-0.13343154	0.0572181	-0.051849615	0.063494995	0.15451743	-0.12151832	0.14158419	-0.10798292	-0.065644674	-0.032274872	-0.09202424	0.03813311	0.066263646	-0.13947302	-0.060293097	-0.08145181
-0.030714547	0.009080876	0.039937172	0.036231842	-0.019195056	-0.04926921	-0.048642088	-0.011136007	0.04963458	-0.02978673	-0.033863805	0.04370239	0.038814437	-0.0046905763	0.005262293	-0.036601804
-0.03779279	-0.028409649	-1.5057623e-05	-0.0034988038	-0.03630779	-0.0011501089	0.00073417276	-0.030657876	0.043226432	-0.04152261	-0.017222144	-0.02965722	0.026113022	0.012548137	-0.013187729	0.030390356
-0.041343294	-0.035642266	-0.040386032	0.010670461	-0.025085926	-0.044737827	0.049986254	-0.029429292	0.0069200173	0.046378855	-0.04423685	0.029200163	-0.02110592	-0.016858231	0.028613579	-0.029664267
0.013216127	0.032946732	0.032837916	0.0009406693	0.01280177	0.02807397	0.026122715	-0.0052376017	0.017194364	-0.019337475	0.025103021	-0.029892659	0.04591718	-0.028929818	0.009047281	-0.008409213
-0.010261714	0.009114765	-0.027626503	-0.02067523	-0.014008068	0.028210368	-0.019841587	0.015537944	-0.011796437	0.024330352	0.024347175	-0.026470983	-0.024652136	0.020841312	-0.014418699	-0.03093332
0.039563064	0.013470475	0.04215795	0.04217807	0.04784168	-0.013368379	0.032622043	-0.008113373	-0.012470793	-0.04833263	-0.017557085	-0.027609373	0.024982635	-0.045992374	-0.0076679476	0.01466937
0.032196973	-0.02738905	-0.002763629	-0.020906055	-0.020582234	-0.017033864	0.045142714	-0.04207958	-0.0022096522	0.0088447705	0.010497294	0.01452538	0.009762466	-0.0054439195	0.014688138	0.049493384
-0.15266672	0.1273793	-0.07625251	-0.03715838	0.14249782	-0.11942136	0.11859071	-0.1358684	-0.13896687	-0.10023839	-0.1458351	0.12849548	0.056811273	-0.14296797	-0.10888149	-0.13611074
-0.08533159	0.09862408	-0.15820807	0.0289743	0.1339295	-0.090029076	0.16446377	-0.15703303	-0.15644562	-0.09903756	-0.14860275	0.13697411	0.012396029	-0.14119804	-0.069174804	-0.116801895
-0.09007965	0.16219786	-0.12179258	0.023068648	0.13422158	-0.13714574	0.11675452	-0.14940001	-0.17945093	-0.08412825	-0.12132174	0.1548462	-0.029813964	-0.13207866	-0.13667315	-0.14758068
0.10022807	-0.11344627	0.15252265	-0.02248416	-0.14049833	0.15579349	-0.11985368	0.082392335	0.17507888	0.15338604	0.12918471	-0.1387915	0.0038747508	0.11328491	0.13607147	0.14968419
0.15133001	-0.08330596	0.08880979	0.015165414	-0.09150666	0.099583566	-0.13666429	0.15213363	0.17327768	0.16032787	0.0830601	-0.1235108	-0.0032350884	0.08684059	0.16262886	0.09381155
0.15654871	-0.13227634	0.13557272	0.040441535	-0.18505752	0.12007125	-0.111950114	0.16475314	0.16935919	0.1336163	0.14746676	-0.11548817	0.08911576	0.1733507	0.16116732	0.19210842
0.11890125	-0.10794797	0.16712911	0.0753505	-0.16362366	0.17355344	-0.17225541	0.11852658	0.16512401	0.11970684	0.20390944	-0.18337828	0.11481248	0.14817496	0.21911162	0.201235
0.12540829	-0.19695339	0.114498444	0.04839046	-0.1639528	0.17538388	-0.17411153	0.11578405	0.19009362	0.19998659	0.20324063	-0.1202198	0.08132715	0.20595272	0.18641326	0.15793392
0.032137398	0.046152424	0.028070156	0.03487884	-0.018006623	-0.003423214	-0.012256432	-0.00021592528	-0.028974652	0.007071305	-0.025747944	-0.049012806	0.033534672	-0.026162684	-0.027463138	-0.00579381
-0.0016024932	0.0032667033	0.03561585	-0.008873068	0.0023965351	0.03805915	-0.02853396	-0.003014423	-0.021375453	0.04654685	-0.04198245	0.049071264	0.007361412	-0.04703032	-0.019035578	0.014971603
0.020836975	-0.013841379	0.044107046	0.042953957	0.040796246	0.028037798	-0.03237766	-0.035068057	-0.014412511	-0.010617603	0.03528056	0.03317816	-0.044239737	-0.017393053	0.020672988	0.02956624
0.022723619	-0.0333478	-0.008324791	0.025796805	0.03954674	-0.011370979	-0.014749933	-0.037485383	0.031701516	0.010296382	-0.01921922	0.02710775	0.017352115	-0.0039132833	-0.041996695	-0.037635136
-0.0039660223	0.013519313	-0.035817467	-0.026337946	-0.030348135	0.015459944	0.037316	0.032230202	-0.038506232	-0.008896936	0.02007356	-0.03727021	-0.047525417	-0.0071726814	0.042547416	0.0050492287
0.049495887	-0.045012772	-0.029699255	0.015517656	0.038991276	-0.0003029108	0.04526664	-0.0065591335	-0.037586857	-0.021201683	-0.00031303242	-0.0106933825	-0.039561152	0.006057393	-0.029093517	-0.01479423
-0.033606112	0.0023766272	-0.039733194	0.03211269	-0.04216945	-0.024432242	-0.013984751	-0.016454339	0.03869902	-0.0066327937	-0.037671067	0.014429938	0.029490795	-0.034190632	0.029902343	-0.042908933
-0.03096962	-0.0489131	-0.03175278	-0.0167966	0.014588807	0.0016019717	-0.049407925	-0.020346856	-0.032049015	0.00877421	-0.0076048374	0.04238217	0.032396343	-0.027417947	0.0010031946	0.030271064
0.038157966	0.04500215	0.019697797	0.021934453	0.034582082	0.04945499	-0.02128321	0.005671181	0.027971257	-0.0059017055	0.015790787	0.0112741105	-0.0006708987	-0.018471204	0.01629493	0.029320609
0.12158946	-0.11511147	0.14995977	0.10179927	-0.029547883	0.16133472	-0.14300756	0.15747072	0.15332387	0.14288463	0.102466874	-0.17513871	0.08714386	0.17127317	0.08756519	0.15723488
0.1620466	-0.1433564	0.14796953	0.0815591	-0.08390496	0.13592967	-0.10754098	0.0736936	0.15883464	0.11117198	0.13305523	-0.15317509	0.13770914	0.13485733	0.08968101	0.14104483
0.1338797	-0.18171258	0.13976142	0.09524382	-0.15634416	0.14988437	-0.14148617	0.1830642	0.114559494	0.1850824	0.12971683	-0.14431097	0.049599282	0.11363963	0.17076516	0.18291713
0.124446854	-0.14954692	0.14897944	0.06995357	-0.15389879	0.14870189	-0.18927705	0.19663164	0.11678023	0.13905346	0.20077182	-0.10904745	0.05601829	0.14634769	0.14384368	0.13413604
0.124106996	-0.12958626	0.18399888	0.03282318	-0.1724321	0.13861962	-0.18324015	0.1393235	0.13992792	0.19719313	0.11444134	-0.1184354	0.06443206	0.17189957	0.10695399	0.12437427
0.17258683	-0.146067	0.12754136	0.041933853	-0.12002625	0.17156164	-0.12578845	0.12840511	0.11803534	0.15989698	0.19534642	-0.13063604	0.098962046	0.1205438	0.16332883	0.119015224
0.18987188	-0.1597564	0.1815286	0.04925604	-0.19198276	0.1286445	-0.19550416	0.11816501	0.20444751	0.1408206	0.13557205	-0.12304156	0.056130275	0.114796065	0.117863275	0.13806784
0.12759727	-0.13676825	0.12519342	0.095190495	-0.17362037	0.14492512	-0.14505365	0.12748793	0.19960478	0.17654465	0.11412818	-0.1264282	0.06503165	0.16454372	0.14489782	0.15568821
0.14104596	-0.18325603	0.20078325	0.07746755	-0.15657169	0.2013438	-0.11034547	0.12046842	0.19664812	0.18355745	0.11057432	-0.10703889	0.11581051	0.1371189	0.15333465	0.121706486
0.11096867	-0.18378414	0.15092044	0.04550597	-0.19513267	0.15356506	-0.15232211	0.17131382	0.13951768	0.13476144	0.18772045	-0.14651448	0.053031392	0.10372241	0.1646877	0.1325111
0.11739552	-0.15240596	0.19488981	0.106820196	-0.1660183	0.13288063	-0.17934042	0.12503552	0.12958844	0.1966192	0.14081821	-0.190633	0.061970763	0.18231289	0.16766067	0.10987017
0.12980609	-0.17026354	0.15914038	0.12378164	-0.0873924	0.097545564	-0.18768767	0.16305728	0.14666797	0.10895247	0.18212722	-0.19823374	0.08055565	0.12885071	0.105140254	0.19378796
0.14924788	-0.1525569	0.14773956	0.114085294	-0.0995478	0.099336386	-0.17038657	0.1618367	0.20354395	0.15287246	0.19581583	-0.14970636	0.058651656	0.14626214	0.17769684	0.15663904
-0.045058608	-0.019618392	0.01603872	-0.002468504	-0.02868632	0.010754801	-0.004886437	-0.04431155	0.020718541	0.036270287	-0.026598645	-0.016451478	0.015363183	-0.04232198	-0.030433465	-0.015915465
0.019471753	-0.022919167	0.00037057325	-0.0122468695	0.011493087	-0.04632212	0.03555795	-0.0038897507	0.0037721023	0.010958802	-0.030881882	0.032244895	0.037141334	-0.018807268	-0.039963674	-0.046848226
-0.049549617	0.037667964	0.015768673	-0.0014963523	0.028792452	0.016926218	-0.012245417	-0.02531215	-0.021128297	-0.009355046	-0.03464339	0.025709834	-0.0048871264	0.00056471676	-0.037189413	-0.013026871
-0.018949151	0.022255544	0.0121840015	0.0031983852	0.018130872	-0.021940803	-0.04831611	-0.034560096	0.026652362	0.023910794	0.039051738	-0.037429057	-0.0074812397	0.009853292	-0.047057368	-0.01835978
0.05716961	-0.11233927	0.0866508	0.019238325	0.060619105	0.043874	-0.024478098	-0.0064090453	0.04603012	0.057222907	0.02032838	-0.103803515	0.014425036	0.09632469	0.047469277	0.06993785
-0.14963266	0.17123783	-0.17568524	0.074514635	0.16308533	-0.20422743	0.11783317	-0.14038318	-0.13057028	-0.15006562	-0.1408362	0.13049316	0.033016182	-0.15764137	-0.16456762	-0.10707652
-0.103965834	0.12557757	-0.1667608	-0.009520822	0.10801292	-0.12873387	0.13308966	-0.16460109	-0.18336637	-0.18603645	-0.15532024	0.10900623	0.038899407	-0.09549118	-0.12510826	-0.16430832
0.03947324	0.00844872	0.022626068	0.008596502	0.019559804	0.007814098	-0.008024238	-0.045058038	0.029787336	-0.003743697	0.04314244	-0.003934063	-0.0071646795	-0.020873904	0.0063205846	-0.0019445643
-0.13732035	0.1438189	-0.17126107	-0.104631655	0.16683489	-0.1847825	0.19047228	-0.1878378	-0.15907708	-0.2089053	-0.15391225	0.12755318	-0.039442584	-0.1665636	-0.2009263	-0.13719483
-0.17988768	0.124340855	-0.16395062	-0.046773974	0.113291666	-0.17001867	0.12071702	-0.16996443	-0.20451546	-0.18744911	-0.16158387	0.15780911	-0.027244486	-0.123213045	-0.18837874	-0.20368625
-0.005162824	0.0016358495	0.026149895	0.006932102	0.04433329	-0.009117104	0.03669859	-0.0030920021	0.035392944	0.0024184696	-0.003565751	0.028330896	-0.011958279	-0.041533004	-0.011027027	0.006699931
-0.037271142	0.013412666	-0.016626466	0.046042416	0.01920915	0.019818176	-0.041208647	0.032232333	-0.017532744	-0.01780311	-0.008057773	-0.049512148	0.036929633	0.03404845	-1.2040138e-05	-0.011806905
-0.0003430359	0.022095274	0.018688891	-0.0031654127	0.02567086	-0.026005555	-0.022174884	-0.0010608062	0.025913466	-0.0005886182	0.037521098	0.016685877	-0.03168615	0.01808833	0.049944613	-0.019125283
-0.14243647	0.16818626	-0.2145583	-0.06638036	0.18204413	-0.17210385	0.16721009	-0.1698319	-0.17322499	-0.13449508	-0.18760797	0.20697223	-0.098052524	-0.110782705	-0.18794169	-0.13981552
-0.16482851	0.16754328	-0.16212848	-0.079507396	0.20942105	-0.12728542	0.1214017	-0.10497653	-0.21799421	-0.20357665	-0.1377618	0.16062935	-0.08046144	-0.1324827	-0.19663298	-0.18317634
-0.008878481	-0.04299326	-0.039476346	-0.009217225	-0.012705602	-0.00019776821	-0.036708675	0.01068642	-0.0072512627	-0.020220434	-0.028496718	0.0123924725	0.032856192	-0.038742244	-0.01488192	0.04154967
0.026055459	-0.047745015	-0.04777913	-0.020986844	-0.047404435	0.028357033	0.00164802	0.048054073	0.011805665	0.033262063	0.045319166	0.03856932	-0.0055462494	-0.0071107857	-0.007331539	0.039640833
-0.016305447	0.006356038	0.0038694628	-0.031644657	0.029471483	0.049427096	-0.012194358	0.029171322	0.031392824	-0.036368288	0.010819294	-0.0413965	0.0112729445	-0.013896845	-0.019631756	-0.014848448
-0.028147472	0.012726162	-0.0030807368	0.012135029	-0.040459752	0.044639718	-0.023005402	-0.04557879	0.03938167	-0.01267476	-0.0037041306	0.021616433	-0.018458761	0.03316034	-0.036225915	0.032045376
-0.15592338	0.13537048	-0.14947814	0.07475155	0.1064798	-0.07953808	0.122214876	-0.089376956	-0.09325265	-0.082612224	-0.10067712	0.09237046	0.08775277	-0.10972694	-0.05495751	-0.102711774
-0.07372646	0.15850605	-0.12258039	0.07675966	0.09643689	-0.12740175	0.15130779	-0.108856075	-0.16768667	-0.13039483	-0.11851211	0.111536935	0.10297199	-0.09818957	-0.059234846	-0.14379211
0.027996663	-0.04519416	0.0441383	-0.011130143	0.01401614	0.02254944	0.026890073	-0.014370181	-0.041623212	0.026022267	0.016713653	0.046454694	0.01334342	0.006056607	-0.048975315	-0.0021154396
0.03957076	0.046675373	0.043324206	0.03880818	-0.0059467442	-0.036222935	0.04223447	0.025194261	0.02760316	0.02855451	0.0341723	-0.0036519766	-0.04689462	0.023730304	0.028764319	-0.020639587
-0.007365346	0.03333653	0.040476333	-0.014331482	0.049249057	-0.021494938	-0.03947661	0.04527278	0.021496419	-0.032536257	-0.019843364	0.025812272	0.014229488	0.018565897	-0.00048293918	0.021905493
-0.024650872	-0.0103549585	0.04224957	0.017078552	-0.038111974	0.03809117	-0.02775811	-0.035883676	0.001959823	-0.011680413	-0.018562831	0.014646936	0.047677908	0.04051422	0.011940636	0.021561865
-0.038966108	-0.00069792196	-0.0030515678	-0.023403335	-0.008487858	0.0016965866	-0.021186555	0.008538343	-0.014847923	-0.04798908	0.010586929	0.010921977	0.03558034	0.010955431	0.022792783	-0.04171015
-0.042726804	-0.048006393	0.0049701445	-0.017469086	-0.027704407	-0.045215584	0.023215521	0.027531732	-0.02585627	0.011228479	0.02703574	-0.0117970705	0.0107719675	-0.007878363	-0.04311929	-0.04931741
-0.048948158	-0.031695925	-0.006626833	0.030373428	0.04150733	-0.004917443	0.036000635	-0.0019734874	0.03416257	-0.023297846	0.04693253	-0.026311709	0.012701694	-0.042975772	0.02361491	-0.046669435
0.04735459	0.024956156	0.04615659	-0.026421893	0.019007694	0.02173594	0.023010973	0.031998705	-0.026300764	0.020261157	0.04063264	0.039643202	-0.028392017	0.008987356	0.046417903	-0.022042155
0.042337444	0.031599496	-0.007696964	-0.036446728	-0.014637042	0.03906958	0.002954781	0.019827317	0.017927695	-0.019658852	0.036899235	-0.03910798	0.037442435	-0.002409719	-0.047854032	0.024165798
-0.0178308	-0.011799037	0.03271577	-0.020830369	-0.027995134	-0.01204164	-0.046290435	-0.041465424	-0.033685185	-0.038994957	0.04416864	0.024561476	-0.015940465	-0.025591696	-0.04290079	0.006341707
0.031410184	-0.0057938695	0.02357218	0.016511094	-0.0005974658	-0.041827835	0.034716118	-0.029567374	-0.04436165	0.02879418	-0.017531179	0.022626642	-0.027163649	0.04845569	-0.006847717	-0.031874433
0.049273286	0.007554304	0.026984904	0.029495183	0.046199907	0.010986209	0.025300208	-0.012545504	-0.003827203	0.01643968	0.013703529	0.013868939	0.00023062155	0.022562768	0.00441245	0.033338558
-0.0136554465	0.041500498	-0.00436119	0.032662425	0.049294803	0.034054745	-0.0098207	-0.027251793	-0.007794142	-0.038674377	-0.012302447	0.024456713	-0.039764978	-0.032470822	-0.018976796	0.023334358
0.045706954	-0.0070575476	0.0445931	0.041953716	0.03196534	0.01992384	-0.029374754	-0.046839096	0.046977762	0.031446014	0.03245611	-0.017105363	0.034227464	0.025355343	-0.041684903	-0.03589629
0.011059321	0.027249087	-0.023819042	-0.03211031	-0.033421658	0.029347312	0.014959764	-0.017730497	0.032657456	-0.009450208	0.0098583475	-0.03149648	-0.0306911	-0.022534622	0.048128452	0.048057128
0.0026272312	0.0014517419	0.03826845	0.0052674636	-0.0016340502	-0.038467325	0.048688088	0.04941878	-0.019821739	0.015726421	-0.006325163	0.047494385	-0.016845535	0.0033479817	-0.020770062	0.0139934085
0.13384712	-0.16766044	0.20458543	0.059662856	-0.17815746	0.19155568	-0.16925357	0.14963989	0.16097055	0.17334671	0.14408706	-0.14533678	0.13275282	0.2257814	0.1465122	0.20128933
0.1461326	-0.1667611	0.15410402	0.12543522	-0.13888748	0.23015931	-0.1565529	0.14475119	0.19934143	0.22108342	0.23193626	-0.21132582	0.13353993	0.20970114	0.2015305	0.22342464
0.13530828	-0.20081736	0.16663574	0.08320488	-0.14540392	0.20555522	-0.13719699	0.1677514	0.2026468	0.21340181	0.20285995	-0.15227267	0.13563384	0.21123217	0.13397032	0.22937346
0.1455575	-0.048939716	0.10286081	0.100602895	-0.036745045	0.071707636	-0.056806993	0.051951606	0.13396172	0.095207885	0.07368715	-0.0750872	0.06404506	0.10988201	0.08821748	0.11152849
0.11342588	-0.13009588	0.12426635	0.11821459	0.035023715	0.06086565	-0.14646089	0.087860286	0.15131906	0.13816305	0.091613725	-0.119775444	0.124248564	0.076326154	0.077039585	0.06485236
0.05983558	-0.1068477	0.13131438	0.10996359	0.03028679	0.04731391	-0.10844302	0.1346581	0.11055275	0.0839863	0.15508732	-0.08897701	0.055181116	0.14983633	0.077234745	0.097303964
0.13261098	-0.06956379	0.08511968	0.05069035	0.047416303	0.09060023	-0.080981866	0.099662796	0.1559771	0.13463177	0.1293032	-0.086035505	0.12993982	0.067848414	0.074298985	0.059262097
0.08117927	-0.19309434	0.13672897	0.109703355	-0.16927096	0.150598	-0.09390553	0.14955735	0.14392392	0.16363092	0.12416901	-0.104954176	0.051772878	0.14227788	0.14708382	0.14785334
0.13267165	-0.041005746	0.07275524	0.13395418	-0.08274411	0.10876716	-0.14005642	0.12226097	0.09091382	0.10156838	0.09492556	-0.10494934	0.09867473	0.05936935	0.089924075	0.14609325
0.09292931	-0.12391879	0.12510236	0.13365735	-0.0003897704	0.13134204	-0.10727079	0.035860177	0.13551223	0.080094054	0.12906317	-0.09643838	0.09936618	0.12318963	0.09920567	0.12066727
0.075730726	-0.06767982	0.06826222	0.12281359	-0.049395557	0.09337922	-0.088744976	0.07578221	0.1303671	0.062960744	0.051310215	-0.06628247	0.07681577	0.13548698	0.13460825	0.12785122
0.21084194	-0.15900043	0.18560146	0.11594938	-0.15775579	0.20972013	-0.1650046	0.1781057	0.22852595	0.19709764	0.23598093	-0.24086022	0.12790246	0.21131858	0.15943047	0.20082727
0.042126704	0.007860471	0.02246442	-0.039844334	-0.030657256	-0.008702803	-0.02496698	0.033340085	0.0075893775	0.0070148	0.011547171	-0.0059085004	-0.0046594627	-0.045266427	-0.034228504	-0.042206313
0.048016477	0.004751254	0.002986826	0.011444461	0.012101352	0.0017561913	0.03430097	-0.0084714405	-0.043240298	0.03577021	-0.038976826	0.011377811	-0.03978666	0.04294553	0.030036774	0.014174592
-0.049095403	0.029412065	-0.0014397725	-0.004257463	0.016820442	-0.01228888	0.0389014	-0.039274253	0.020592485	0.03395853	-0.013890646	-0.027979566	-0.025385965	-0.02049457	-0.026016116	0.02801111
-0.021843577	0.018045295	-0.018205442	-0.005270362	-0.01325611	0.049698677	-0.011185158	0.042517196	-0.019076228	-0.033062387	-0.006643664	-0.04282993	-0.02466774	-0.004219163	0.00748875	0.0007571578
-0.04710671	-0.008438565	0.0032615885	0.046211574	-0.024075855	0.043490004	0.03698725	-0.0011045448	0.01621468	-0.028372968	-0.03711022	-0.01789812	-0.012100805	0.0075971857	-0.010271467	-0.011846185
0.0011919625	0.047660973	0.03317001	0.03847969	-0.044041872	0.026996803	0.011114262	0.040552143	0.01727381	0.046438243	0.0043135174	0.020698633	0.024314415	0.044182945	0.043957923	0.032114755
-0.0057278275	-0.029427504	-0.003471028	-0.03757087	0.03569212	-0.0047387257	-0.013231374	0.011030983	0.045189623	-0.016538251	0.020770494	0.015675988	0.040701	0.010108493	0.029367875	0.004966628
-0.02753297	-0.041534197	0.006388627	-0.0016718023	0.014407758	-0.045205545	-0.047827482	0.013491418	-0.047538508	0.023060326	-0.02112248	0.0036330223	0.043673802	0.023915414	0.015506256	0.041816715
0.12547655	-0.03961886	0.1308085	0.114200234	0.021299507	0.015371018	-0.10146599	0.06163299	0.15324704	0.112978205	0.04572486	-0.100690745	0.109926395	0.05831196	0.078493536	0.087781094
0.057736866	-0.046423595	0.12696524	0.08301532	0.018435832	0.05707895	-0.13573112	0.03778436	0.096189395	0.11298281	0.07720337	-0.055746455	0.09719826	0.075395785	0.09304306	0.12468371
0.039300594	-0.039107896	0.0061383247	0.02730688	-0.020208705	0.047906782	-0.035788607	0.014260124	0.00039016083	-0.03166548	-0.010048412	0.037973825	-0.04436661	0.03734174	-0.008947372	-0.015979398
0.17339699	-0.2263188	0.22830878	0.104718916	-0.2159832	0.15443495	-0.22440639	0.14135276	0.22787146	0.19109316	0.21285965	-0.16437145	0.14370428	0.14955108	0.21444276	0.15440956
0.21378455	-0.17810299	0.16870087	0.10559548	-0.17347872	0.12463906	-0.16643947	0.16095786	0.13340592	0.15533875	0.19023572	-0.1704945	0.022505755	0.2146337	0.14497437	0.13782656
0.12492331	-0.08195611	0.089006916	0.11194694	-0.14051019	0.107864276	-0.15808968	0.16946363	0.10972524	0.14756754	0.12347226	-0.1823196	0.09092532	0.19349876	0.14687201	0.10413986
0.17610979	-0.16836019	0.17227368	0.037285388	-0.10923033	0.12001655	-0.113876596	0.18758264	0.18626833	0.16401272	0.16542016	-0.1454024	0.09528096	0.1883476	0.16144276	0.19906434
0.11271352	-0.15331994	0.0885235	0.086165145	-0.12762776	0.1415073	-0.19592293	0.15138136	0.14112715	0.11853724	0.1025184	-0.09985601	0.023162859	0.11693743	0.16216101	0.16885686
0.015276086	0.013644207	-0.046055377	-0.033838406	0.02504668	0.025017288	0.04545868	0.035740327	-0.01854793	-0.007325329	-0.021823395	0.018498216	-0.0041047707	0.04860716	0.038685214	-0.011805654
0.022165727	0.007408239	0.048156533	0.039294865	0.04708978	-0.043517124	-0.0029586442	0.030016366	-0.03624022	-0.023314953	-0.03568542	0.022405636	-0.047096908	-0.026632583	-0.019672072	0.01705933
0.10072419	-0.14748208	0.11080829	0.07696771	-0.15733185	0.1299746	-0.094750576	0.07809839	0.16792269	0.14914785	0.17139395	-0.16990344	0.06768241	0.08970058	0.14803292	0.13336411
0.16687638	-0.14345011	0.112814106	0.06263803	-0.16430345	0.10956508	-0.15806536	0.08734124	0.15155229	0.09293121	0.1956944	-0.15678272	-0.000624308	0.15125826	0.1394849	0.1618267
0.13554849	-0.068764016	0.15243672	0.03311111	-0.022911683	0.117129005	-0.072139375	0.054130204	0.15847833	0.12431928	0.15551715	-0.14897652	0.03515076	0.14236955	0.049838383	0.04790279
0.13472594	-0.088306285	0.14248013	0.079566464	-0.08717256	0.07032636	-0.04214926	0.103223965	0.126084	0.16380206	0.142737	-0.13208348	0.013487797	0.07432299	0.114640824	0.107846566
0.09047876	-0.10661103	0.13268542	0.116806954	0.05381392	0.05950327	-0.04268047	0.04854626	0.08130961	0.09016459	0.037187435	-0.052428734	0.093461104	0.11166575	0.12846835	0.1319372
0.08576502	-0.06473526	0.063827775	0.051480826	0.0058612525	0.035913132	-0.071429014	0.062289152	0.09644776	0.10174973	0.06623852	-0.12286852	0.12387452	0.102407	0.047061224	0.12162714
-0.0075366125	0.017250095	0.038004708	0.027953196	-0.005966712	0.025218572	0.013535108	-0.047196057	-0.00013170391	-0.04101181	-0.021554625	-0.014499724	0.011876665	0.04091492	0.017741587	-0.04695741
0.03971756	-0.03524085	-0.025934815	-0.020962609	-0.009490095	-0.009733759	0.019581977	0.0455704	0.005958937	0.00480517	0.04681064	0.009764958	0.042629633	0.032801423	0.028055001	0.040418874
-0.027646566	0.015005674	0.04885379	0.04171789	0.04406121	-0.03731178	0.034117054	0.020024028	0.009088241	-0.036548983	-0.0018209815	-0.023766875	0.03048822	0.04774901	0.038593125	-0.0426131
-0.043970883	0.015079651	-0.031968165	0.016072247	-0.0061903223	0.029878665	-0.025342643	-0.011217367	-0.0003587231	0.03198215	0.045220684	0.049275327	0.020425115	-0.0124027245	-0.008517195	0.03256632
0.16955817	-0.10813158	0.13074875	0.085989475	-0.16880053	0.116970345	-0.12660913	0.15928695	0.12579632	0.17651442	0.13777293	-0.15188421	0.083931975	0.11579498	0.18731588	0.13994196
-0.037747096	-0.019530464	-0.046598434	0.023720894	0.036911134	0.047444526	0.039802913	-0.018884206	0.023059044	-0.00251925	0.035276864	0.0012513623	0.018348727	0.01803631	0.03912845	-0.036768842
0.025461052	-0.017896187	-0.03019606	0.013758507	0.026859228	0.0033375733	0.0046236888	-0.024425125	0.046369616	0.04917376	-0.0017349347	-0.027589692	0.01966853	0.04955261	-0.042882502	-0.024600996
0.1946182	-0.17421626	0.21644808	0.12420731	-0.1532992	0.2123032	-0.14088327	0.18210164	0.11867445	0.18754424	0.17673121	-0.16320214	0.0748126	0.17222366	0.18109493	0.12544943
0.09253339	-0.08240205	0.05811019	0.122732416	0.049174603	0.102804564	-0.10161361	0.100165956	0.060691062	0.06232412	0.095916554	-0.035151016	0.06483423	0.0724589	0.073704205	0.07857097
0.09522441	-0.084464535	0.08678743	0.087525144	0.008814371	0.055081874	-0.14837158	0.12316004	0.0596649	0.07638144	0.12929218	-0.08174224	0.114431925	0.054445993	0.051809024	0.14622755
0.07724549	-0.11399171	0.07832177	0.09227867	0.010474009	0.0932517	-0.0869653	0.09832352	0.12568712	0.1282041	0.10427439	-0.07525995	0.048903637	0.10952831	0.09023428	0.09812551
0.011336315	-0.0059360154	0.034626137	0.014592733	0.04884961	0.037735533	0.012628626	0.024391819	-0.03512746	-0.03382565	0.043016378	0.018378887	-0.0019030459	0.043182958	0.04114386	-0.003794767
-0.18412316	0.18696482	-0.17655103	-0.172802	0.22556917	-0.20821103	0.2336201	-0.20054272	-0.2264947	-0.22649604	-0.23392154	0.16201381	-0.12893164	-0.21959917	-0.2210734	-0.21811724
-0.24311787	0.22920825	-0.22438544	-0.108937904	0.16897759	-0.23852198	0.21644035	-0.22118609	-0.25799212	-0.18044737	-0.20542982	0.20423275	-0.0986861	-0.2275611	-0.1791735	-0.2290678
-0.1671771	0.13783804	-0.1904422	-0.1355173	0.20056039	-0.20578003	0.17597917	-0.13054667	-0.20027244	-0.23359318	-0.16652003	0.13091311	-0.06929364	-0.1475311	-0.17476468	-0.19348252
-0.16844343	0.19471179	-0.20298527	-0.09201571	0.14597137	-0.24408145	0.15746464	-0.21381894	-0.22513714	-0.19434914	-0.17260969	0.15050414	-0.12814173	-0.1742997	-0.14706962	-0.21775173
-0.223119	0.18915841	-0.16027701	-0.13791084	0.18299109	-0.18280044	0.18360272	-0.13035059	-0.24395055	-0.14634775	-0.20373413	0.15174988	-0.15693192	-0.19465108	-0.14879596	-0.2375527
-0.15310702	0.122345	-0.14330956	-0.09173734	0.18384483	-0.15921931	0.21956818	-0.12221737	-0.20195113	-0.17075719	-0.15965432	0.1699507	-0.10605415	-0.21565627	-0.1740533	-0.14548099
-0.18719403	0.1552682	-0.12238114	-0.050892934	0.1416156	-0.10182447	0.15672031	-0.1048231	-0.17590709	-0.2031406	-0.1967733	0.12632674	0.03510338	-0.20082788	-0.11170094	-0.11886918
-0.13948174	0.17253621	-0.14135027	0.014814613	0.17412433	-0.11873671	0.14971828	-0.15886648	-0.20727813	-0.18200974	-0.16760767	0.12749659	0.011352694	-0.15799446	-0.07435446	-0.1122893
-0.1207605	0.083014235	-0.12395423	0.10963787	0.08581831	-0.15275328	0.124202035	-0.14147204	-0.14688566	-0.07832576	-0.1483026	0.10199918	0.09085582	-0.096429214	-0.05710891	-0.111309394
-0.054939926	0.11936817	-0.053560924	0.079081714	0.15439153	-0.1314937	0.13251485	-0.1252312	-0.073290095	-0.06153907	-0.08397361	0.08507491	0.089117594	-0.06950518	-0.05069682	-0.15099588
-0.10382228	0.10002889	-0.09939797	0.055763196	0.12987754	-0.09892567	0.06887207	-0.1006136	-0.12563896	-0.048579153	-0.15258865	0.10202915	0.1699388	-0.065153345	0.03487871	-0.07930161
-0.08941314	0.0680326	-0.11647481	0.109945476	0.0715635	-0.16625984	0.11974964	-0.0753777	-0.11980533	-0.05353706	-0.090520866	0.059570685	0.1451863	-0.14587614	0.047174238	-0.16268013
0.025888037	-0.026107598	-0.027465774	0.0018610246	-0.040164806	-0.0490847	-0.02036953	-0.008779395	-0.023154331	0.047932174	-0.04127418	0.048670854	-0.02844491	0.03113247	-0.016756069	-0.0020321012
-0.018177353	-0.027583575	0.041915845	0.0023362525	0.026741099	0.041251782	-0.012467146	0.0047491416	-0.008459829	-0.041520536	-0.0034309141	-0.009834729	0.03792392	-0.039835773	-0.028530348	-0.019842446
0.01154853	0.0049569383	-0.030736936	0.040317964	0.02772541	0.04873513	-0.016845752	-0.0011247285	0.016419794	0.039854135	-0.042253163	0.047534134	-0.04658666	-0.016423833	0.008950911	0.031687725
0.13150021	-0.09217942	0.10039014	0.09765242	0.06255822	0.09495302	-0.11740721	0.025964648	0.05253897	0.12234131	0.109467044	-0.10051542	0.12003379	0.12051955	0.06226097	0.10317336
0.050923478	-0.04356677	0.097308956	0.084155865	-0.039823104	0.057864588	-0.056768265	0.07579036	0.041605435	0.052714087	0.062312454	-0.11269173	0.0047667613	0.024704866	0.07818413	0.021876436
0.097367324	-0.10861107	0.09258484	0.017934171	-0.004284248	0.0024848091	-0.04414686	0.012441462	0.07078751	0.09661868	0.08865096	-0.09848261	0.06195167	0.01641691	0.09485772	0.02396864
0.054888293	-0.07894636	0.067952916	0.10890064	0.04495384	0.07065707	-0.04159154	0.050337695	0.0956871	0.08304811	0.05346375	-0.06283728	0.08154598	0.038596753	0.0823844	0.06342625
0.14293927	-0.08958585	0.11242812	0.10818577	-0.13052936	0.10413148	-0.07513589	0.11451942	0.18751852	0.12789719	0.1089783	-0.093557395	0.091640525	0.085862435	0.125664	0.16067587
0.14048094	-0.14988849	0.1730498	0.10681392	-0.11104952	0.10486867	-0.074280486	0.12675618	0.14731397	0.14633296	0.13549411	-0.10518442	0.05420565	0.16762479	0.13669659	0.08121499
-0.005174555	0.011325311	-0.041252803	-0.049787056	-0.024815155	-0.018356241	-0.03335445	0.022801224	0.049455952	-0.044021167	0.008147158	0.027978782	-0.02502184	-0.048903015	-0.020965947	-0.008963574
0.004149854	-0.030127084	-0.04846982	0.007631682	0.0131541975	-0.027088035	-0.017807625	0.0039095767	-0.016942333	-0.030083729	0.02863172	-0.015971601	0.026936319	-0.04955062	0.021532726	0.024557818
0.03344443	0.04924998	0.0022557154	-0.029261041	-0.0066976063	-0.011366524	0.033907626	-0.026915206	-0.017978895	-0.046932604	0.011576008	-0.023639692	0.0038279667	-0.009523224	0.016475294	0.033533562
0.011342682	-0.010884188	0.01983485	0.03305869	0.013111297	0.01791754	0.017833982	-0.047143042	-0.01189797	0.0040633567	-0.020866895	0.042359088	-0.023821963	0.035577867	-0.020486582	-0.049455214
0.1492232	-0.17898475	0.16685417	0.08812607	-0.1864867	0.2146539	-0.14472131	0.12631507	0.1558344	0.23246537	0.14369357	-0.15549988	0.093887076	0.19948597	0.1494525	0.17314315
0.17067023	-0.23002684	0.20192301	0.0821635	-0.16795567	0.17095627	-0.22783273	0.15688299	0.2005323	0.20657068	0.19036604	-0.22195753	0.13715154	0.17412487	0.22601761	0.17478348
0.1308861	-0.17529334	0.1513903	0.10642722	-0.14695083	0.12514865	-0.16617332	0.16808058	0.19249791	0.19163568	0.099393874	-0.10432732	0.11631951	0.1612903	0.1389066	0.14642797
-0.13324343	0.095796175	-0.14757594	0.020990435	0.12048295	-0.08228486	0.16404854	-0.07232392	-0.11301146	-0.11642645	-0.14301917	0.1379049	0.05883789	-0.12353938	-0.074027635	-0.11875131
-0.13297747	0.106075324	-0.08996591	0.05726096	0.08143788	-0.11156412	0.0975434	-0.11056151	-0.13328026	-0.0696435	-0.09559549	0.08434807	0.13166924	-0.16982834	-0.1255298	-0.10060106
-0.10244049	0.14734173	-0.09012817	0.04379361	0.15164542	-0.16064125	0.11478734	-0.086572416	-0.18796355	-0.101738565	-0.17114678	0.11026495	0.11459473	-0.12911053	-0.118269004	-0.079404555
-0.005591262	0.040872384	0.0018989667	-0.03545332	-0.019895066	0.01726972	0.036788072	0.047694635	0.013218116	0.04046463	-0.032733835	0.025738608	-0.002953969	0.04084715	0.008322407	-0.035707545
0.033669356	-0.024976134	-0.008152235	0.023780037	-0.042904295	0.011263512	-0.025958776	-0.004622698	0.004858695	-0.038070906	0.00086320564	-0.008931231	-0.0468598	0.032904755	0.018541623	0.019739773
-0.021750689	0.041265223	-0.045842838	-0.032416478	-0.013135195	-0.0063967705	-0.035836924	-0.028243959	0.04593623	0.00022870302	-0.047424853	-0.001281999	0.00778196	-0.030273153	-0.000106453896	-0.025557483
-0.12674236	0.20331912	-0.19640422	-0.12898186	0.13002738	-0.18125279	0.15018378	-0.11077999	-0.20681444	-0.19764833	-0.17690524	0.14338632	-0.037734535	-0.14878154	-0.15793514	-0.115321524
-0.13456866	0.14407408	-0.20215723	-0.06988671	0.120766364	-0.20273282	0.19439901	-0.12972923	-0.18594593	-0.16084108	-0.13177013	0.1485844	-0.10448915	-0.13989535	-0.13769646	-0.12562832
-0.12568286	0.22116075	-0.17191836	-0.12661316	0.20568068	-0.19133632	0.1620739	-0.20026694	-0.20932174	-0.13080582	-0.16724254	0.13948475	-0.11040441	-0.16345978	-0.21913198	-0.14371273
-0.07424683	0.11736558	-0.07542037	0.047826402	0.08333789	-0.12015258	0.11925053	-0.12840462	-0.14647162	-0.10307502	-0.066892855	0.1465463	0.03875076	-0.07634826	-0.12868519	-0.12041662
-0.14228329	0.064309224	-0.13517056	0.088080995	0.103131086	-0.18353368	0.08649368	-0.08437018	-0.1593416	-0.04368376	-0.085327305	0.15431221	0.094159715	-0.13912845	0.03431038	-0.12966956
-0.05438734	0.12597533	-0.073652215	0.08691911	0.1435972	-0.09271419	0.07368916	-0.09995919	-0.12601276	-0.06472018	-0.07169985	0.15510246	0.07329015	-0.089607686	0.025110349	-0.098179676
-0.1281923	0.13390258	-0.13774328	0.095029406	0.12310812	-0.17741786	0.111071125	-0.16347383	-0.13516317	-0.1057841	-0.15448037	0.15560588	0.08481219	-0.10016596	0.05993984	-0.15237822
-0.14599822	0.13330616	-0.06429324	0.064088516	0.11103092	-0.10576447	0.12069592	-0.12981276	-0.17014009	-0.11419965	-0.14585836	0.14787325	0.14828023	-0.1381322	0.0017190379	-0.16906299
-0.013482463	-0.048780978	-0.033699527	-0.046542287	-0.0006505139	-0.026357127	-0.03958907	-0.016473256	-0.007371951	0.030269038	-0.023743689	-0.025886584	-0.041263033	0.045278933	-0.02889805	0.022154775
-0.009727143	-0.0050753728	-0.01826768	0.01939224	0.017132495	-0.039043557	-0.015821755	-0.043008532	0.019521568	-0.04935484	-0.04975437	0.01639298	0.034928683	0.0045972466	-0.007072009	-0.03315057
-0.20564555	0.26053604	-0.25880396	-0.12440141	0.23737559	-0.171787	0.16350089	-0.20098422	-0.25060835	-0.1879606	-0.18350184	0.21921904	-0.11651887	-0.252674	-0.18109031	-0.1866914
-0.19543111	0.2283814	-0.19698377	-0.17470734	0.20558403	-0.153067	0.21753934	-0.23932807	-0.19913092	-0.19709457	-0.19887093	0.23336782	-0.15088545	-0.23842902	-0.25628862	-0.22695604
-0.16960573	0.17677337	-0.21017408	-0.10113441	0.23269215	-0.16807038	0.23967135	-0.18130912	-0.24545868	-0.228566	-0.20154716	0.22231923	-0.10850784	-0.17312899	-0.2123148	-0.2232647
-0.16729905	0.24230292	-0.16387947	-0.14002357	0.23137707	-0.21755373	0.22431394	-0.16484356	-0.22086106	-0.21663946	-0.19595225	0.18181115	-0.14579049	-0.1909105	-0.25611034	-0.20873854
-0.23680812	0.17961289	-0.24550626	-0.1462725	0.1636104	-0.24770583	0.1888475	-0.15311646	-0.16527084	-0.23010722	-0.19651492	0.19262645	-0.14011016	-0.15337846	-0.23001775	-0.23862782
0.11005163	-0.14426266	0.096253105	0.09879535	0.07659451	0.05879166	-0.027194513	0.027212307	0.07772546	0.13727786	0.11009128	-0.12713864	0.12167111	0.12786838	0.124714784	0.08773318
0.067854606	-0.14329773	0.07602922	0.12782043	0.04000381	0.09571135	-0.109730504	0.093794726	0.07726393	0.09640885	0.1299054	-0.108146496	0.12177555	0.05571003	0.13733847	0.035709444
0.044682186	-0.12267489	0.11973544	0.10938453	0.03586469	0.10493231	-0.077176504	0.08070347	0.11043062	0.111788474	0.12270828	-0.09502309	0.055396847	0.093906455	0.1036107	0.08758299
0.11089465	-0.09733571	0.07942403	0.08851716	0.074936084	0.04850536	-0.07980525	0.034833927	0.095003165	0.08102965	0.0813401	-0.055472657	0.07464251	0.054858927	0.14563183	0.11367683
0.11419419	-0.094356164	0.11931754	0.07834316	0.06742752	0.096377134	-0.05551247	0.10288416	0.13250847	0.11107231	0.07980661	-0.061615247	0.056460395	0.095964506	0.053394597	0.12808064
0.1229354	-0.09620999	0.12832429	0.04128226	0.07627265	0.11113762	-0.06334486	0.05233598	0.13317992	0.038709056	0.0814867	-0.11366737	0.08399672	0.12112142	0.07647945	0.09872777
0.10982304	-0.12900995	0.11719378	0.020728122	0.003014195	0.14489165	-0.12133309	0.05684833	0.052757192	0.09323663	0.0752212	-0.08324364	0.04318923	0.095166385	0.02782848	0.06406765
0.05913877	-0.1129701	0.0764681	0.11367609	0.05956829	0.08377077	-0.11215937	0.1222164	0.0835047	0.057800736	0.13829507	-0.05460342	0.08308841	0.04994111	0.07985133	0.08566544
0.07805865	-0.05069411	0.05972209	0.12964165	0.096743636	0.043373693	-0.09099444	0.047487993	0.15338673	0.12247939	0.048853304	-0.05955244	0.12223314	0.06537709	0.12823842	0.1407811
0.1463109	-0.051261522	0.1037989	0.05340171	0.035957433	0.12219914	-0.0952323	0.05104529	0.063584305	0.09943138	0.06865255	-0.10307795	0.085334316	0.11542685	0.10426931	0.14279683
0.06458163	-0.12926659	0.13441038	0.10806557	0.065188095	0.06927923	-0.13289148	0.09045735	0.14751686	0.094147876	0.07924542	-0.12406771	0.13805898	0.13906062	0.07955446	0.09856437
0.12544033	-0.08765064	0.09276409	0.13839447	0.048266783	0.092556626	-0.05430814	0.10437396	0.12140242	0.11681307	0.11240199	-0.10352366	0.07181084	0.1432297	0.053133883	0.1400584
0.11187473	-0.047643755	0.078847	0.11982655	-0.002315908	0.036372043	-0.13078745	0.07647941	0.1162247	0.11460102	0.068682194	-0.052303255	0.1200649	0.061626613	0.08978141	0.14421208
0.008410774	0.022408191	-0.02456572	0.018940616	-0.0130756125	-0.01658399	0.028478269	0.010832764	-1.7751008e-05	-0.03244797	0.022974636	0.017723355	0.00942836	0.046693515	-0.0023607984	0.0031636842
0.08917128	-0.15467101	0.088393345	0.102010734	-0.111285664	0.06660635	-0.07536172	0.10046422	0.1476696	0.13210794	0.15703322	-0.10277222	0.029002044	0.13213286	0.080979295	0.076113164
0.059676662	-0.06340969	0.11868439	0.083785444	-0.09471778	0.06197022	-0.052976057	0.11149892	0.13671803	0.15529776	0.09727713	-0.10298775	0.04776677	0.07222066	0.16425724	0.06133097
0.13322997	-0.06672424	0.08334215	0.09806808	0.015743896	0.13102649	-0.17561202	0.15174569	0.111305654	0.11196016	0.10139877	-0.07188457	0.1605087	0.14154147	0.15336859	0.14061478
0.13634317	-0.13953635	0.16053315	0.10370114	0.036098488	0.061824758	-0.1257483	0.13391924	0.08682432	0.10910139	0.13077968	-0.07148962	0.11290272	0.08590541	0.07061308	0.14405738
0.0724515	-0.07961862	0.15522654	0.14930007	0.005530967	0.07250852	-0.12860247	0.09334528	0.1501373	0.11862591	0.15421861	-0.13666019	0.13855265	0.15053238	0.15122814	0.107044116
0.1479158	-0.10505517	0.11631122	0.14302334	0.039251223	0.08210634	-0.10765364	0.15601139	0.09453478	0.098798454	0.16120103	-0.12514308	0.1434923	0.12633842	0.12720478	0.13011771
0.1622527	-0.15054849	0.101747766	0.12197259	0.0016138209	0.09683523	-0.11585474	0.1638355	0.113254316	0.057054047	0.101456426	-0.14652646	0.11056369	0.08269448	0.096893504	0.10885179
0.10726225	-0.06053226	0.0983562	0.13739252	0.0960419	0.094718896	-0.12519403	0.14575727	0.1394063	0.11501393	0.15820634	-0.07346327	0.108297475	0.101258814	0.10257995	0.11327049
0.045389656	0.025268864	0.010355614	-0.029718423	-0.0019120462	-0.048777174	0.020784747	-0.0058411844	0.013272349	0.04822913	-0.04257647	0.008964468	0.021928158	-0.014491975	0.002022028	0.0076135173
0.034851197	0.0036175363	0.01886357	0.028619494	0.00093414634	-0.041581023	-0.015483238	0.04542445	0.022140276	-0.010660745	-0.047461033	0.04666393	0.045250263	-0.04216659	-0.046237458	0.0056365244
0.17601918	-0.21195333	0.22226231	0.10568971	-0.16033989	0.24252307	-0.15225004	0.24120033	0.21693484	0.17076698	0.18628356	-0.22807279	0.14497805	0.21410488	0.20693651	0.15624778
0.19665085	-0.24328811	0.19535826	0.14471367	-0.18391128	0.18497808	-0.23706946	0.19269545	0.18875036	0.14608443	0.19748242	-0.17037994	0.16124082	0.17270617	0.16035695	0.19660425
0.22764473	-0.21162507	0.19800155	0.0926948	-0.17215085	0.23223925	-0.1452384	0.20139997	0.2133222	0.19364652	0.18042545	-0.23896113	0.08616247	0.23273489	0.18149073	0.21066357
0.23264936	-0.22705318	0.15957522	0.14081508	-0.20154157	0.23695187	-0.20231721	0.24222955	0.1538916	0.1663005	0.2430251	-0.20075323	0.14755535	0.19484062	0.16376896	0.20784216
0.20158562	-0.17324437	0.13443188	0.14968078	-0.22322795	0.19871436	-0.22301653	0.18962847	0.24427038	0.20662044	0.14897291	-0.17008577	0.14656225	0.17257704	0.16084567	0.19106127
0.173471	-0.20629816	0.14323884	0.12657322	-0.18812813	0.18115877	-0.21935634	0.1519916	0.16851981	0.1803839	0.17072788	-0.1495384	0.097883336	0.15456083	0.24554501	0.18527503
0.19894889	-0.15024118	0.2002267	0.12593882	-0.22716276	0.16383693	-0.24850596	0.20228419	0.21867996	0.15319163	0.18611586	-0.15715845	0.08472064	0.18317407	0.16593282	0.20515715
0.1449136	-0.158307	0.15092462	0.08504434	-0.13845335	0.12840635	-0.19666499	0.15743645	0.16439325	0.2217699	0.19461098	-0.21962474	0.114581816	0.11513318	0.18710904	0.17085387
0.1419287	-0.12675852	0.20923533	0.105262764	-0.16628961	0.12294669	-0.11337912	0.19319993	0.15694144	0.14897604	0.13619071	-0.12530889	0.055065855	0.16389053	0.1761189	0.12519526
0.11596287	-0.17032684	0.17142072	0.099744946	-0.09708602	0.11964164	-0.14550707	0.17278087	0.18421657	0.22387534	0.20346117	-0.15559489	0.027682588	0.117724426	0.119163446	0.12412265
0.12766078	-0.05762379	0.15294993	0.07843431	-0.09926544	0.054163855	-0.101521455	0.08732056	0.11653399	0.14382815	0.07123591	-0.13318795	0.056732338	0.08741114	0.11021846	0.101243764
0.08521872	-0.069878496	0.081880726	0.11117103	-0.056867022	0.07229616	-0.14117323	0.0979803	0.13521829	0.06648789	0.13640535	-0.059355	0.107192665	0.06896449	0.15454492	0.105293676
0.10593406	-0.10982018	0.08250948	0.11634285	-0.002388774	0.13742273	-0.1038071	0.11038091	0.18198188	0.069914885	0.07781987	-0.12898815	0.103928186	0.089598686	0.10083045	0.077998266
0.13937138	-0.12327499	0.11793073	0.117942	-0.075289406	0.06287331	-0.053151313	0.09904683	0.15660965	0.11128821	0.11219987	-0.08746489	0.08809158	0.10041437	0.1273907	0.06150311
0.11537401	-0.1141989	0.13875434	0.103186555	-0.018951874	0.053693097	-0.0821104	0.0695477	0.13176441	0.13917416	0.045134287	-0.09764736	0.054225877	0.13619536	0.14181857	0.09065648
0.008796442	0.010526668	0.03953657	0.02339587	-0.040593218	0.027231526	-0.0058428533	-0.026549518	0.034910683	-0.021128297	0.0012788549	0.017918374	0.04012615	0.02701645	-0.022714078	0.004747819
-0.032967914	0.002024781	0.009334456	0.0012027398	0.020363118	-0.03265047	0.045169834	-0.0009802803	-0.038029503	0.026015583	0.0071492903	0.03166655	-0.012064256	0.004463505	-0.04064528	-0.01591587
-0.044383503	0.039543245	0.019547652	0.0409366	0.0497506	-0.0087610595	0.02961031	-0.039786078	-0.015522338	-0.047391083	-0.014334023	-0.007880725	0.034770224	0.0075453296	0.0014357083	0.04629088
-0.032261573	0.038818482	0.02400652	-0.030833257	-0.030985964	-0.01488303	0.016914833	-0.033769563	0.041286614	0.010475349	-0.01131941	-0.041454397	-0.033923365	0.047314	0.026524033	0.005725492
0.015433159	0.020675447	0.014797773	0.020738948	0.017650757	-0.03427857	0.04080602	0.0020204894	0.01605102	0.03472661	0.0034263134	-0.025947679	-0.048832845	-0.040375303	0.03843149	0.02118728
-0.046320107	-0.04812273	0.021274451	-0.03252989	-0.018309832	0.022604052	-0.017597996	-0.027993072	-0.0273947	-0.010788035	-0.015534282	0.034599055	-0.038570963	-0.0036106706	-0.00062985346	0.007886551
0.018760417	0.013338376	0.042116318	-0.040109646	0.004847657	0.0373304	0.030364048	0.008682121	0.010926057	0.009715401	-0.021504045	0.048359107	-0.0008254759	-0.018806005	-0.03241632	0.049603943
0.048268083	0.0073258057	-0.029487658	-0.019098878	-0.011220016	-0.025997972	0.0043430217	-0.025446607	-0.044230904	0.006230045	-0.04187397	0.041296627	-0.020973517	-0.0022121184	0.048689988	-0.00931704
0.0866634	-0.10722265	0.11780136	0.08587257	-0.009365427	0.08616307	-0.16070403	0.15035076	0.09395644	0.17589922	0.16221805	-0.089197956	0.12381411	0.162261	0.15962313	0.09766507
0.08759773	-0.16435096	0.08411404	0.09022191	0.060548794	0.0910229	-0.15460925	0.090047725	0.10487964	0.109673984	0.11073035	-0.1668648	0.07828295	0.111076124	0.115218006	0.11427923
0.15415847	-0.13064638	0.13569073	0.08570129	0.034946866	0.07770828	-0.1465187	0.0768901	0.09995463	0.16486172	0.13523516	-0.10246255	0.13247763	0.13827224	0.1511321	0.12283247
0.010238718	-0.009232663	0.013510156	0.035564724	-0.047222745	-0.049685694	-0.020364856	0.018001828	0.01684009	0.048900757	0.032180753	0.046308365	-0.009305097	0.023238745	-0.021815717	-0.008567952
-0.041056264	0.039532494	-0.02145058	0.0359884	-0.0263734	-0.0057694428	-0.049651634	0.036312032	-0.014663912	0.03499416	0.037429955	-0.038753748	-0.045844387	0.04349185	-0.045631945	0.03340647
-0.024885608	-0.037327386	0.01257528	0.02598134	0.026703883	-0.04734391	0.013916504	-0.029140366	-0.018775761	-0.0014734268	-0.027195169	-0.032297455	0.030066717	-0.02740041	0.029826831	-0.0025653727
0.03546827	0.014149908	-0.032340337	0.020979848	0.015580688	0.04472195	0.008392561	-0.026937937	-0.039344788	0.042296994	-0.026033724	0.008012604	0.0122483745	-0.006912362	-0.020236684	-0.02500633
0.0024535544	0.018396128	-0.01651616	-0.020702338	0.0080679655	0.013155151	-0.039143406	-0.018585742	0.023187902	-0.025191093	-0.026474928	-0.01822815	-0.0051331036	-0.001857698	0.046898413	-0.043180645
0.026177239	0.023118328	0.042214546	-0.009861909	0.047712136	-0.007259883	0.022764947	-0.018890738	0.004870318	-0.009155251	-0.024481798	-0.035226308	0.020427454	0.011893738	0.019925538	-0.018768763
0.16367608	-0.17962131	0.13472283	0.07738741	-0.14676443	0.1357667	-0.15454476	0.17657237	0.21747048	0.13719966	0.17526737	-0.20244503	0.13778734	0.1406746	0.2150436	0.18893716
0.20567477	-0.20942762	0.18649144	0.095300406	-0.20850085	0.14804935	-0.1344362	0.1554509	0.1414605	0.19816291	0.2041998	-0.16687047	0.07235401	0.121323295	0.21436745	0.17829281
0.14484242	-0.1880115	0.18287195	0.058244914	-0.12175842	0.15154515	-0.1952019	0.16326632	0.16763563	0.13755737	0.1818676	-0.16927671	0.09507217	0.19904356	0.17133668	0.18035752
0.14393453	-0.11433884	0.15219621	0.124584004	-0.0740343	0.10300408	-0.16658844	0.09350177	0.11106116	0.13987888	0.1597824	-0.07275289	0.09193957	0.1680889	0.1092824	0.11335252
0.143165	-0.09272931	0.14566177	0.07460463	-0.06550304	0.08227244	-0.1615892	0.118736066	0.12486406	0.10613571	0.12184993	-0.11813032	0.12952057	0.15663108	0.1780153	0.16071616
0.09302442	-0.08357278	0.12165265	0.050139092	-0.13232164	0.14480677	-0.10038474	0.076227285	0.1530128	0.15315327	0.07466162	-0.10879258	0.13191369	0.14190379	0.17541815	0.15944971
-0.022957552	-0.04940169	-0.04952698	0.020182144	0.021056559	-0.048951376	-0.024714781	-0.0045466796	0.02506281	0.013912585	-0.02297101	-0.032657646	-0.030900514	0.011580419	0.026747596	-0.030203057
-0.009133529	0.014857952	0.044479523	0.009712089	-0.021226395	0.048121583	0.013496507	0.041855786	-0.0020465478	-0.038710535	0.03109691	-0.023689568	0.03313606	0.0006554723	0.002775859	0.023518872
0.021948185	0.008015774	-0.031520534	0.009119201	-0.040206075	-0.049568463	-0.048773278	0.04595921	0.03360838	-0.047619846	0.030550193	0.028352644	0.04537684	-0.042745102	0.049395453	-0.049896598
-0.04194043	0.024659518	0.00821396	-0.0032343976	-0.00092147663	-0.047597993	0.03872371	-0.008187152	0.023005571	0.043546323	-0.0071781985	-0.02646153	0.012595285	0.019033018	0.020419504	0.00067474693
0.002974879	0.04307207	0.0003492944	-0.04683727	0.044312622	-0.0059115775	0.041373204	-0.02110504	0.023727719	0.011548687	-0.0144567005	0.04095048	-0.02012837	0.040243138	0.048040356	0.012571346
-0.036597632	0.0003989339	0.011365414	-0.027624404	-0.0019671917	-0.01326729	-0.037460826	0.016184937	0.017404232	0.014915202	-0.009970628	0.005030822	0.030830469	-0.024681007	-0.012470912	-0.03516998
-0.004269909	-0.012095489	-0.036372077	0.038162578	-0.03424952	-0.022150291	0.04765377	0.034050558	-0.0014746413	0.010411728	0.010044374	-0.021053791	-0.026149834	-0.0003522262	0.03610995	-0.037657976
-0.002029609	-0.00917425	0.03754062	0.011458229	0.047819804	0.023573305	0.014187131	-0.032140747	-0.020759536	0.017352227	0.021342266	-0.033350576	-0.01188767	-0.041543256	-0.02950536	-0.0294212
0.013233911	-0.027698899	0.016951274	-0.04333986	0.048335504	-0.012582827	-0.0474813	-0.004637219	0.03983445	-0.006617319	-0.020319557	-0.037186027	0.0053048953	-0.008074164	-0.039863992	0.031419102
0.004995834	0.025880624	0.00036339834	-0.04568224	0.025587562	-0.028029252	4.4479966e-06	0.010549594	-0.032738566	-0.04894198	0.011299085	0.034374956	-0.018394768	-0.02560643	0.04454955	0.032928277
-0.041281044	0.018625524	-0.022395456	0.0074912533	-0.027107513	-0.0016496889	0.0006859787	-0.011124719	-0.03951081	0.023136761	0.037147436	0.04631586	-0.04743452	0.048235763	0.0064246766	-0.020053793
-0.044933286	-0.049309373	0.042131636	-0.027092135	-0.003421247	-0.045888614	-0.035545133	0.039310727	-0.024257481	0.01728842	0.029405538	0.02218454	0.008091558	0.044389416	-0.012880277	0.002354037
-0.12131092	0.07058046	-0.07377467	0.0037597134	0.09967673	-0.090295866	0.10437101	-0.16111843	-0.14592639	-0.13606273	-0.08528286	0.1483273	0.010421621	-0.16851921	-0.04327482	-0.103175156
-0.16157682	0.15930511	-0.14920205	0.010033064	0.09210944	-0.110889286	0.08774595	-0.13445845	-0.07387183	-0.14598429	-0.107435934	0.15858471	0.043731853	-0.13707198	-0.09093059	-0.16605979
-0.14439133	0.15170924	-0.21194325	-0.14612904	0.18053532	-0.20828696	0.119622454	-0.15293188	-0.12852584	-0.14510156	-0.22997506	0.14149714	-0.059032816	-0.1727764	-0.22746354	-0.1799162
0.07182935	-0.07504073	0.082689464	0.112693496	-0.0004259237	0.12199393	-0.040701553	0.043533232	0.08648502	0.1485473	0.04882684	-0.07422732	0.062148847	0.07914587	0.12750399	0.08175032
0.09904175	-0.10278305	0.08391401	0.07775257	-0.002967659	0.04366025	-0.11775858	0.026084725	0.16721359	0.05801032	0.08685065	-0.1422803	0.07975259	0.113616936	0.072018854	0.047565818
0.07294234	-0.08130318	0.12918456	0.11702901	-0.04773626	0.1321352	-0.106107	0.03444754	0.16227338	0.11694686	0.13398898	-0.068185374	0.054022476	0.08078661	0.10159047	0.09433691
0.047233224	-0.06720777	0.14320199	0.041946493	0.00038515133	0.049241044	-0.10196069	0.03620686	0.086931646	0.12155621	0.044167157	-0.05725826	0.09794675	0.12525456	0.13283636	0.115363225
0.022255447	0.039805997	-0.0052705184	0.033315632	-0.030087424	0.018222224	-0.00034170225	0.024748612	-0.0047552586	0.04777732	-0.027350081	-0.015583493	-0.014935661	0.031987	0.04207808	-0.01568557
0.0057511926	0.037931513	0.0063324794	0.016810227	0.00220678	-0.018791426	0.013905134	-0.009129096	-0.008485638	-0.027410865	0.03102472	0.0382743	-0.018744111	0.0015909076	0.01202197	0.02827013
0.1003034	-0.1144955	0.09685965	0.05399274	0.0654139	0.004035041	-0.11453077	0.064645566	0.105538264	0.121527955	0.09571455	-0.080132134	0.12437141	0.10657051	0.13097923	0.11899415
0.120261095	-0.049875837	0.07476624	0.1382892	0.0008295708	0.04573131	-0.05627611	0.035184193	0.07802767	0.07641984	0.11789145	-0.056607377	0.14701886	0.13385877	0.12329762	0.10331497
0.1113957	-0.106793776	0.05021521	0.09417424	0.082169965	0.024877032	-0.06339824	0.016086917	0.06822661	0.109837264	0.12805916	-0.14318097	0.09405159	0.14916475	0.102788806	0.13556455
0.13742897	-0.093754776	0.13469392	0.13373773	0.019371057	0.029637864	-0.14777805	0.0575215	0.12409951	0.06494559	0.061151404	-0.07839241	0.14710979	0.12037046	0.07399524	0.07073853
0.14084779	-0.086864024	0.13911958	0.1413188	0.047222808	0.05492435	-0.11061579	0.03364559	0.14501502	0.06655516	0.07693214	-0.10032178	0.11118617	0.11411564	0.05298889	0.13419259
-0.0032687895	-0.025288487	0.041516628	-0.016078841	-0.038481187	0.012388051	0.007021893	-0.03149557	-0.038997494	-0.04612825	-0.019746793	-0.019992758	0.047077212	0.04841895	-0.044981133	0.0031763203
0.048162106	-0.023129297	0.014519755	0.037087645	0.03367244	0.045622837	-0.009420406	-0.0006830096	-0.029914498	0.049859177	0.046559643	0.040626097	-0.04649601	0.035991196	0.0394913	-0.016960133
0.042600404	0.012403093	0.040750932	-0.04355588	0.035388593	0.0021573901	0.018033955	0.012608472	-0.01895367	0.016213205	-0.029822065	-0.045190286	-0.017787505	0.024269093	0.025697302	0.020434808
0.0032521598	-0.009398889	-0.0096789375	-0.037019767	0.040323053	0.043630216	0.00020577759	-0.0075815096	-0.032985795	-0.025825715	0.0143275745	0.012675751	0.026928369	-0.04488044	0.033825327	-0.025295293
-0.02091664	0.008784078	0.0422843	-0.007595133	0.023598243	0.038611177	-0.041973017	-0.030453837	0.030474197	0.0006698258	-0.045643892	-0.03437065	-0.0066882744	-0.021108974	0.0031887777	-0.047615957
0.06835032	-0.122503236	0.1296539	0.016494108	-0.11006824	0.067147166	-0.05594978	0.06329855	0.12684742	0.09372701	0.09514353	-0.11743933	0.08082255	0.08780641	0.08268201	0.131051
0.028861675	-0.0014843941	-0.0076103434	0.010945011	-0.032662082	-0.025596738	0.0012228116	-0.028311385	-0.008558832	-0.023838295	0.03133786	-0.00027917698	0.046415236	0.007148005	-0.009312727	-0.0076546445
0.09097457	-0.06791064	0.082771406	0.07660484	-0.118003264	0.16713315	-0.14651729	0.065634385	0.09764838	0.119171165	0.10099644	-0.09273062	0.067110635	0.15445365	0.13209425	0.100732505
0.090928376	-0.14018561	0.12504566	0.07930298	-0.01865267	0.12648909	-0.057751667	0.12714764	0.08348958	0.08148916	0.120802835	-0.14076021	0.052538652	0.09022133	0.08790352	0.07923899
0.1351313	-0.14553712	0.12700513	0.06276146	0.0018380961	0.113365866	-0.10072286	0.087676056	0.118629426	0.10121221	0.070228904	-0.11768822	0.11115288	0.12303457	0.084734306	0.093117185
0.08963173	-0.07582514	0.107246876	0.08467899	-0.013844788	0.0948843	-0.05857553	0.10061377	0.10094082	0.15463845	0.10499186	-0.0868541	0.114231214	0.100454345	0.105500296	0.14521395
0.023015808	-0.016164709	0.048009824	-0.036700916	-0.007646214	-0.01726029	0.023259487	-0.015375294	0.018603694	0.014776897	-0.049607158	-0.023971248	0.048761893	0.028680947	-0.003084004	0.01872534
0.08513811	-0.12509827	0.12612745	0.02859844	0.0027391461	0.07056305	-0.07206593	0.06297045	0.059630655	0.10394581	0.06861985	-0.10568593	0.098943725	0.107882366	0.05978568	0.06512667
0.109773874	-0.14173937	0.15911952	0.12748365	-0.109168865	0.16564889	-0.17219155	0.16403364	0.15315486	0.17178996	0.125553	-0.13938768	0.057301756	0.117307484	0.17334694	0.19845943
-0.11844569	0.095977105	-0.055049066	0.1352129	0.14760597	-0.08580589	0.1508351	-0.0674396	-0.06904857	-0.11279924	-0.078709796	0.065063305	0.080140516	-0.115962096	-0.032923877	-0.15136105
-0.12485769	0.1846904	-0.122865975	-0.110129856	0.21861604	-0.19923206	0.1684409	-0.13319209	-0.17058954	-0.18460782	-0.16072145	0.15308428	-0.12556684	-0.19358405	-0.13402706	-0.1370073
-0.1774537	0.1859311	-0.20734158	-0.0310402	0.21610677	-0.1767665	0.14861546	-0.19571845	-0.20126459	-0.12296803	-0.22421603	0.16289102	-0.057985656	-0.16404855	-0.14664976	-0.21822342
-0.111902185	0.14003934	-0.15725018	0.016856737	0.1304196	-0.09268535	0.122929245	-0.1297939	-0.13149184	-0.16398479	-0.11465098	0.07741883	0.10014944	-0.1553465	-0.07269683	-0.16858271
0.0050221793	0.033449482	-0.02547133	0.0123973265	-0.013872087	0.009732593	-0.018546402	0.023881625	0.040470902	0.030028466	0.048266795	0.038507845	-0.0023429506	-0.031555608	-0.0020718947	0.02382413
-0.04160329	-0.022615874	-0.024584401	0.010923326	-0.02218393	0.029755238	-0.033084083	0.0011952519	-0.035072338	-0.026632799	-0.003889203	0.01437417	0.00040403754	0.03013457	0.00914209	0.0486441
0.17497909	-0.13393812	0.1473737	0.0553863	-0.15446179	0.14334306	-0.14463872	0.17801905	0.19857629	0.16790429	0.11089192	-0.18000777	0.043091882	0.16955286	0.11967393	0.098078325
-0.037961196	-0.0039951913	0.046130087	0.0330689	-0.023851538	-0.0009098761	-0.015229128	0.039201986	-0.013349257	0.006532334	0.018709112	0.024741206	0.018143583	-0.0073735826	0.04088409	-0.006110359
-0.0352317	-0.024301577	0.028178636	-0.045274403	0.044684563	0.021467958	0.014107857	0.026148412	0.038657952	-0.016270958	0.0245387	0.048293684	-0.011287104	-0.03469243	-0.023609305	-0.010099329
0.021515284	-0.002223909	0.008631803	-0.0019319057	0.029599618	0.03099532	0.009384513	-0.013442256	0.04669627	0.0040511377	-0.04966451	-0.029005123	0.031008665	0.02149618	-0.0047866926	0.03008945
-0.021424938	0.04252224	-0.008625887	0.013114762	0.024193931	-0.0021030307	-0.041364588	-0.043881107	-0.023151947	0.0027381778	-0.04638202	0.016247857	-0.013325382	-0.004111029	0.04988264	-0.014842082
0.043609466	-0.007326413	-0.049620558	-0.039779745	-0.025232697	0.048356805	-0.041809775	-0.0020732656	-0.017706193	-0.007736504	-0.038948774	0.013144884	0.046990003	0.0040781125	0.02814598	-0.026781822
0.033858035	0.046849098	-0.02526164	0.042239975	-0.046702255	0.029606465	-0.019254267	-0.027403606	0.018269073	0.042058956	0.017658424	-0.029876327	0.02009878	0.011337638	-0.006440807	-0.019739939
0.04095613	0.046825614	-0.045405377	-0.021528829	-0.006910611	0.013938095	-0.04671308	-0.017866243	-0.013971139	-0.048239887	0.01705322	0.023900691	0.02743293	-0.035289932	0.0431044	-0.0182155
0.1100677	-0.14790805	0.15597756	0.082599446	-0.10759745	0.17971615	-0.17927018	0.14735214	0.2138196	0.14808092	0.1875863	-0.16892105	0.097434185	0.18239489	0.16922806	0.14513317
0.09632446	-0.1764325	0.15704222	0.07114571	-0.08086416	0.08270954	-0.10184547	0.06845147	0.12108312	0.17134075	0.17907181	-0.08246561	0.06908953	0.074254036	0.17632063	0.12997833
0.13272288	-0.16348375	0.09477673	0.082514875	-0.085098885	0.07903114	-0.11664503	0.16236188	0.14314109	0.14579393	0.10434588	-0.14001797	0.055689927	0.16901226	0.08081834	0.16070838
0.11561892	-0.099840745	0.13916291	0.0472512	-0.13874657	0.116938636	-0.14997974	0.15812363	0.16979088	0.109118074	0.1441045	-0.15101148	0.105019316	0.13097462	0.16644752	0.1086234
0.15675972	-0.15767698	0.111145906	-0.0022550083	-0.11456683	0.09080633	-0.0845891	0.13732037	0.15937056	0.15707453	0.13082054	-0.11725042	-0.004317458	0.076431595	0.1390874	0.10525839
0.09173795	-0.112276755	0.13997407	0.04955323	-0.1700985	0.17435949	-0.08351839	0.074870795	0.1323321	0.092313245	0.09592806	-0.124438286	-0.012620218	0.14336346	0.098146275	0.10022245
0.16449085	-0.16830865	0.16379307	0.06165861	-0.07937822	0.17446734	-0.15607548	0.10866653	0.09787806	0.099506624	0.15496308	-0.084506065	0.12257936	0.14887024	0.1167488	0.14703277
0.08293707	-0.13575836	0.12772271	0.114420936	-0.09893964	0.10157545	-0.15601712	0.08056613	0.11771832	0.10204905	0.11141739	-0.11983732	0.06597009	0.12875773	0.11457716	0.13458827
0.07499419	-0.09438114	0.17469518	0.08130607	-0.041888118	0.15740536	-0.118469514	0.12465475	0.1013132	0.115770794	0.16445564	-0.14876771	0.09088392	0.120623484	0.11890091	0.13228077
0.14354943	-0.115400255	0.07831137	0.097939685	0.07463025	0.09303873	-0.11076451	0.09874031	0.081701346	0.09715054	0.10882493	-0.1567549	0.098740995	0.089035966	0.06802738	0.13267484
0.1319943	-0.08805944	0.06736874	0.150515	0.008202772	0.09028534	-0.11739118	0.05914025	0.09960562	0.15999928	0.063884236	-0.10982811	0.16842283	0.09229247	0.13494162	0.18083437
0.017710533	-0.03131627	-0.046019793	0.049471866	-0.019405281	-0.033277202	-0.046928465	0.023341682	-0.015021276	0.009357534	0.018813457	-0.044061173	0.04184171	-0.037342202	-0.015439771	-0.00990206
0.14977524	-0.1564982	0.11215277	0.034834724	-0.07486198	0.14179039	-0.1478972	0.14607021	0.16946784	0.13033298	0.15822418	-0.15243165	0.05495872	0.1816897	0.1681858	0.16010794
0.17669614	-0.16973871	0.1804195	0.1096868	-0.12189002	0.15209262	-0.18918881	0.15676829	0.18713444	0.21006617	0.19082926	-0.20363145	0.11250947	0.1684875	0.16238448	0.18380947
0.15686278	-0.13927475	0.1414192	0.057518527	-0.08215661	0.11178361	-0.103737414	0.122238435	0.122352704	0.20553276	0.122261666	-0.11760957	0.03502137	0.1543155	0.15962465	0.11859414
0.09341753	-0.09485998	0.16465859	0.13145341	0.02290656	0.13919951	-0.10630391	0.10280049	0.16159582	0.09055407	0.145454	-0.13338228	0.114236675	0.11880848	0.115799256	0.1739112
0.09154597	-0.13795382	0.16070789	0.09467795	-0.009894374	0.13035922	-0.13715744	0.18809071	0.17578886	0.096173376	0.15414144	-0.18356572	0.09251173	0.097888365	0.087824576	0.1802691
0.0009404905	-0.010845542	0.019645955	-0.025979364	0.0063239112	-0.0046470053	-0.040404357	-0.03511442	-0.03424393	0.036886547	-0.009844579	0.025169019	-0.017225992	-0.008395635	0.04281876	-0.007998347
0.08395609	-0.07047744	0.109981194	0.14618395	-0.044806093	0.144725	-0.07430962	0.10368106	0.16754934	0.1461628	0.097504385	-0.06895771	0.10927839	0.06938719	0.13329935	0.13836768
0.09798826	-0.081673615	0.14106843	0.14329922	-0.045462925	0.09063225	-0.1405951	0.1317723	0.12827736	0.07390815	0.14175752	-0.08673879	0.14709984	0.07370841	0.16377491	0.11264625
0.11913368	-0.14829417	0.07808279	0.08981224	-0.061937608	0.12693271	-0.077120736	0.14972754	0.114455774	0.14995044	0.080897726	-0.07404897	0.08954218	0.10178573	0.16526212	0.08938976
0.120520204	-0.08677364	0.111570075	0.09795875	-0.023282375	0.09998373	-0.07302509	0.10285406	0.12706317	0.09733392	0.15828277	-0.12803547	0.13381676	0.15235502	0.14294982	0.1571904
0.020980325	0.038408067	0.00438156	0.042082105	-0.03619101	0.025990736	-0.04886974	-0.028044356	0.049659383	-0.029914547	0.026081685	-0.00019735098	-0.00090258196	-0.02884605	0.046817098	-0.0018285625
-0.026430953	-0.038150717	-0.002244413	0.014619116	-0.013016842	-0.014658548	0.0057763457	-0.025655234	-0.040138982	0.006317664	0.01028676	-0.032384634	-0.03692857	-0.046574738	0.043778602	0.034706745
0.024139512	-0.018386353	-0.008223902	-0.013069786	0.047765587	0.0392812	-0.038965784	-0.030921234	-0.011978377	-0.043166842	-0.041566074	0.019315492	0.012613025	-0.011743747	-0.017394733	0.023434784
0.028591942	-0.018653356	-0.047817566	0.023549642	0.017415915	-0.03259442	0.0422567	-0.010939609	0.014809597	-0.013178576	0.031588446	-0.0075616725	0.04449253	-0.04948906	-0.016378365	0.03377383
-0.15532336	0.08389298	-0.08523887	0.04099188	0.06625541	-0.09772617	0.15489356	-0.09620055	-0.09862034	-0.08462636	-0.15640813	0.11406957	0.11042997	-0.16543633	-0.028927868	-0.10785446
-0.038898647	0.0417349	0.030982006	0.034288917	0.0059228316	0.008400273	0.017118696	-0.007440865	0.02411561	-0.009357989	-0.0077861324	-0.027070273	-0.0013515465	-0.015506946	0.01283038	0.024278212
-0.10033309	0.11180387	-0.12804587	-0.07657228	0.11978708	-0.105742894	0.18184386	-0.1757163	-0.19622129	-0.108407065	-0.097052336	0.15992291	-0.07117601	-0.18173423	-0.13548632	-0.142061
-0.16126671	0.102127716	-0.11147972	-0.07334451	0.17594573	-0.11621895	0.17481771	-0.1857799	-0.19000152	-0.17679268	-0.14882778	0.13389751	-0.062444773	-0.16248725	-0.16709875	-0.18073246
-0.14497866	0.14154881	-0.12916349	-0.06067884	0.09868915	-0.18201274	0.11129481	-0.14221737	-0.15801677	-0.19713813	-0.10009636	0.17194831	-0.0007568127	-0.162856	-0.19007222	-0.145851
-0.14712103	0.14783973	-0.15861191	-0.074827366	0.099239275	-0.10279682	0.19831102	-0.16169524	-0.17169088	-0.16957204	-0.16377288	0.19550084	-0.11296592	-0.15164658	-0.16480933	-0.11469527
-0.12109543	0.14379749	-0.18199039	-0.11145658	0.09503795	-0.19636476	0.14004993	-0.1960628	-0.18120693	-0.15459536	-0.12472639	0.17180316	-0.1308724	-0.17356554	-0.18849044	-0.12049405
-0.0934719	0.08373689	-0.06443145	0.1361321	0.16314678	-0.082677156	0.07919642	-0.08634018	-0.06551372	-0.10637264	-0.10760574	0.15236089	0.16240071	-0.09802711	-0.008333785	-0.15712239
-0.099971674	0.126168	-0.09689912	0.084945336	0.16226415	-0.1605307	0.11242504	-0.1347341	-0.04700718	-0.042127907	-0.076207705	0.057277065	0.07073553	-0.12800571	0.0024370023	-0.141586
-0.048981152	0.15241641	-0.08959948	0.050137047	0.11825501	-0.10945565	0.14775819	-0.14707299	-0.08047701	-0.11988156	-0.088101104	0.123315364	0.12925348	-0.071245946	-0.047891747	-0.092266984
-0.010193039	0.0023807287	-0.048159074	0.047504697	-0.043591823	0.026565086	0.0020775087	0.01565424	0.008506976	0.04612345	-0.008137427	0.027244996	-0.047357906	-0.04285201	-0.00535693	0.03944167
-0.14576374	0.1417766	-0.1213623	-0.04380442	0.17053738	-0.19426994	0.11002171	-0.13379893	-0.11591857	-0.16632695	-0.21809712	0.1949629	-0.07432468	-0.19294475	-0.113834895	-0.1293484
-0.16089852	0.20181072	-0.17793259	-0.06541564	0.12511156	-0.16742261	0.11532399	-0.20190594	-0.1365324	-0.14252251	-0.12519166	0.1969174	-0.0673987	-0.19571768	-0.13854672	-0.21181336
-0.20463122	0.15406035	-0.2137169	-0.058042232	0.19184561	-0.2128769	0.1711831	-0.1745226	-0.2041625	-0.11786041	-0.18828239	0.15853918	-0.073803395	-0.2006842	-0.139598	-0.18883742
-0.15110087	0.19716519	-0.17400672	-0.08137929	0.18474358	-0.124646544	0.14044455	-0.11299137	-0.20432094	-0.12567885	-0.21645787	0.14837888	-0.1257179	-0.16155607	-0.17355044	-0.15457329
-0.1925148	0.1672091	-0.13239826	-0.099142484	0.15110403	-0.13163611	0.20279506	-0.12766947	-0.18936282	-0.15802643	-0.21523076	0.13665533	-0.078010395	-0.19428506	-0.15552576	-0.17135903
0.07066987	-0.08487947	0.05784598	0.07076893	-0.0027990232	0.0334572	-0.102299504	-0.0031979296	0.063506894	0.073823504	0.08481332	-0.048917126	0.038969286	0.124725275	0.10982553	0.058403313
0.08777193	-0.08712148	0.0862613	0.06829903	-0.0094109485	-0.030225836	-0.026209611	0.0030665838	0.061521977	0.068931706	0.09331894	-0.06342345	0.07115571	0.10074309	0.077420376	0.1051834
0.043274317	0.029578056	0.0493359	0.033830713	0.039317343	0.0018731952	0.034135465	-0.009305775	0.001824189	-0.0030877702	-0.002697099	-0.045999553	-0.025361551	0.040816728	-0.033839777	-0.034444857
0.15413366	-0.16455771	0.13702095	0.016764564	-0.13429832	0.14640376	-0.0876399	0.14449655	0.09629705	0.17322059	0.08289541	-0.09567565	0.042111143	0.12233383	0.111941814	0.100599505
0.12470739	-0.1417898	0.13818102	0.03060678	-0.13595064	0.14616784	-0.155572	0.1483771	0.16576178	0.081741475	0.14498116	-0.078018785	0.13591315	0.1502811	0.16071436	0.08234038
0.095314726	-0.11137206	0.07822126	0.0787045	-0.10900525	0.14863525	-0.15876804	0.14137386	0.09538466	0.080620825	0.1566925	-0.0886592	0.084076695	0.17579667	0.08246798	0.07829071
0.09680085	-0.14275914	0.119649164	0.040199544	-0.07881958	0.14360516	-0.08038209	0.11539954	0.18163343	0.08633682	0.12091144	-0.1440465	0.10966989	0.11471851	0.13381761	0.15226166
0.11438206	-0.16909488	0.13157272	0.111410566	-0.07216185	0.1251658	-0.09777125	0.09784646	0.13768138	0.11877118	0.15084176	-0.12399636	0.07406407	0.15386437	0.12779373	0.09467639
0.08054832	-0.16143434	0.09739176	0.048216533	-0.047081023	0.1364789	-0.07069705	0.098538354	0.10330293	0.14715791	0.093855806	-0.15714902	0.104068674	0.109661505	0.10053904	0.12055437
0.03906211	-0.002097439	-0.021956122	-0.048694517	0.011918068	-0.0059342273	0.022658113	0.0057728775	0.03339467	-0.029347336	0.0039171576	-0.0073483214	-0.03856466	-0.010529481	-0.010578979	0.03647082
0.03558233	-0.0037033781	-0.040922962	0.0010567904	-0.014025915	0.019767318	0.0044395104	0.008756399	-0.046848442	0.035648394	0.024194907	-0.013416268	-0.0053182356	-0.03493277	-0.035943806	0.011292815
-0.042515207	-0.0022064932	0.0046116225	-0.035623897	0.033873085	-0.049027123	-0.013614893	0.018352475	0.0097	-0.0072079897	0.0079270005	0.041434776	-0.007068824	-0.021013249	0.04134616	0.04799899
-0.031633936	0.04099517	0.0047496073	-0.0030626543	0.017324854	0.044539783	0.012680482	-0.008436166	0.01610509	-0.034998547	-0.049178075	-0.029322242	-0.027620256	0.021404196	-0.018389143	0.0017576441
-0.00025822967	-0.035562813	0.028899182	-0.0020470992	-0.020430362	-0.02868073	-0.042886116	-0.0256773	0.019357253	-0.04187999	0.011310171	-0.019336045	0.010059655	0.022093046	0.006415438	0.018342685
0.01758534	-0.023727013	0.024969961	-0.031676758	0.030966315	0.02307513	-0.0043180585	0.017437171	-0.034551453	0.03059889	-0.016329072	-0.042834163	0.004749514	-0.032793462	0.020475004	-0.045316458
0.010431491	0.046982978	-0.00362923	-0.005668603	-0.03518597	0.011266969	0.043446627	0.04535235	0.04297414	-0.029934168	-0.0023304597	-0.0057682022	0.00614015	-0.0009845272	0.004081916	-0.032829106
0.20845717	-0.118911095	0.13951218	0.097707674	-0.1274399	0.19254588	-0.10871366	0.1617989	0.21308565	0.19058631	0.1556056	-0.16418149	0.08311108	0.16569854	0.1320466	0.11397506
0.13240734	-0.18691774	0.18581812	0.047740612	-0.10131719	0.17060335	-0.17050344	0.14180735	0.17451218	0.14441158	0.14003822	-0.14312482	0.107660286	0.2065091	0.18548597	0.14286484
0.16484493	-0.12895764	0.1919429	0.09783998	-0.10881255	0.18793885	-0.19659457	0.15962364	0.16269511	0.20554847	0.17835508	-0.13884017	0.086063765	0.17436029	0.14915451	0.16262177
0.17379582	-0.11861605	0.18405163	0.117772385	-0.18154	0.17255874	-0.20039368	0.15133184	0.1838249	0.124370456	0.20108669	-0.12753554	0.08462206	0.13479212	0.1406678	0.1503205
0.15898271	-0.119140625	0.134202	0.080785446	-0.100049265	0.15499522	-0.17310631	0.10997318	0.1328848	0.17440324	0.17553474	-0.14725497	0.14021946	0.19850445	0.16267645	0.13578996
0.18686391	-0.16257337	0.18394811	0.110014625	-0.19583426	0.18602273	-0.14155968	0.17370738	0.19320327	0.19855666	0.15102307	-0.19535492	0.05948766	0.17009626	0.20119908	0.20599853
0.16001058	-0.17148298	0.12093541	0.04291193	-0.11171486	0.17373115	-0.09945074	0.13116515	0.20591304	0.18985929	0.15561306	-0.17155789	0.08047222	0.107471615	0.099258356	0.17211181
0.17160955	-0.097865745	0.13575129	0.061240055	-0.17360492	0.13055068	-0.15755114	0.14063056	0.19364677	0.115636356	0.15344109	-0.17703809	0.041856732	0.18245673	0.14676777	0.13965103
-0.0011703856	-0.008275915	-0.036848176	-0.043312084	0.019111287	-0.009281088	0.04721714	-0.02921778	0.048700664	-0.029093815	0.003468562	0.034012828	-0.044077765	0.034402754	-0.04291421	-0.012520172
0.028783407	-0.005434621	0.02942859	-0.025083542	0.005126156	-0.020836795	-0.022255838	-0.04666542	-0.025114775	0.019254152	-0.02590779	0.028669741	0.033780877	0.036613774	0.036198568	0.04103445
0.008917581	0.029372144	-0.010238707	-0.034220338	-0.023198677	0.038416374	-0.00085331127	-0.04780674	0.018674936	-0.005146466	-0.003797032	0.036388565	-0.011876047	-0.026435709	0.048949253	0.015182767
-0.04453471	0.0044930093	0.020840947	0.013204049	-0.0021030083	0.029232983	0.020813871	0.00764532	0.01777586	0.00010792166	-0.025543237	0.040310476	0.015954677	0.041524794	-0.044057835	0.017749656
-0.016276706	-0.048484243	-0.043329038	-0.00949179	-0.029301072	-0.006549932	-0.04711268	0.020319033	-0.029479086	0.025911119	0.025802884	0.012889553	-0.00800997	0.0068721063	-0.041949667	-0.028035177
0.21672137	-0.1648365	0.22020094	0.060906667	-0.1730389	0.14231235	-0.20989671	0.13030733	0.14153132	0.13885325	0.19198133	-0.19103618	0.11663317	0.21293585	0.16944253	0.17404358
0.15863487	-0.21563391	0.23806906	0.13487096	-0.20979843	0.22469987	-0.16261175	0.20602486	0.15872557	0.2180469	0.21918416	-0.21562093	0.10742044	0.17233825	0.16018254	0.17635244
0.23642358	-0.18746345	0.21018192	0.1262412	-0.16687205	0.166939	-0.2105083	0.15066983	0.22443514	0.17087184	0.21922554	-0.21552639	0.1082546	0.18753713	0.17001812	0.2386768
0.039803628	-0.021106923	-0.019459212	-0.024993515	-0.02500378	-0.023577286	-0.04423914	-0.0065353885	0.008784927	0.044466224	0.042513322	-0.006709289	-0.011075508	0.027520586	-0.017355572	0.040097628
-0.039477278	0.03832854	0.01399136	0.04444958	0.012043238	0.03900874	0.010283627	-0.032675162	-0.0419482	-0.012154795	0.048900668	-0.047324505	0.031935107	0.027398515	-0.045201052	-0.00040912628
-0.1350173	0.12864944	-0.110755265	0.007627371	0.11287654	-0.18864757	0.17110379	-0.13310254	-0.10769551	-0.16954464	-0.17834999	0.15741305	-0.026314223	-0.10752163	-0.08827317	-0.11838961
-0.1720855	0.1295842	-0.10555994	-0.04928197	0.098229356	-0.1596953	0.18356828	-0.18120235	-0.15276101	-0.1890237	-0.18021631	0.10109821	-0.038051635	-0.124794565	-0.13250421	-0.1955041
0.09511023	-0.1316523	0.10261433	0.074045286	-0.097341776	0.07265252	-0.1320338	0.03958594	0.081650786	0.13651058	0.07886615	-0.10478376	0.03667578	0.0755594	0.15856946	0.09484196
0.24304253	-0.16919734	0.21328232	0.18241917	-0.18615925	0.21643338	-0.20227402	0.17304268	0.22019863	0.17965153	0.2662811	-0.24228677	0.070945464	0.24351256	0.24828643	0.24979815
0.12450924	-0.102220245	0.1334493	0.03414969	-0.17362936	0.13033524	-0.13419281	0.08133701	0.18365774	0.10729051	0.14413543	-0.18617718	0.038864605	0.15344758	0.20352119	0.19679096
0.18477736	-0.14823094	0.19495417	0.12153923	-0.1825045	0.15767598	-0.23337527	0.1379839	0.18257727	0.17082877	0.19769073	-0.2289363	0.07987534	0.20008151	0.1453306	0.14655927
0.088314556	-0.056964174	0.07061538	0.115292594	-0.009866055	0.060732577	-0.138131	0.06695076	0.10860214	0.12546934	0.084133774	-0.101813	0.14900696	0.11469375	0.1365798	0.104605794
0.09487083	-0.14996718	0.088182375	0.06355747	-0.007852767	0.050069124	-0.14380048	0.06097278	0.14940415	0.06680867	0.09827499	-0.09527835	0.08516795	0.08362795	0.08906826	0.1319743
0.088923715	-0.14822036	0.07453826	0.069794364	-0.052174974	0.07032418	-0.14234658	0.08981332	0.16777445	0.09354237	0.114517145	-0.13226208	0.1146198	0.12211702	0.09784826	0.14310955
0.22275442	-0.2193402	0.18075794	0.11590429	-0.16919382	0.20548686	-0.15373619	0.1866285	0.20538929	0.14336395	0.22028199	-0.14407311	0.09274398	0.1734997	0.21274173	0.21499832
-0.019977117	-0.02615037	-0.0023008808	0.03152651	0.028686676	-0.021261478	0.016043786	-0.0040220395	-0.026022887	0.001618363	0.028465811	0.014098834	0.024176646	-0.044362664	0.045671728	-0.025391484
-0.029541267	0.025002826	0.010421883	-0.020179356	0.044369783	-0.030391682	-0.0069507137	0.013242576	0.023077201	0.006775342	-0.04752448	-0.023701847	0.008561779	0.0018123984	0.037895013	-0.018285286
0.016057204	-0.021760548	-0.043738782	-0.017312206	-0.023036992	0.017806973	-0.029113507	0.008811496	0.02776425	0.041260075	-0.015237369	0.035139453	-0.03534777	-0.0388651	-0.012000583	0.04223187
-0.1640095	0.14012995	-0.17761098	-0.1301262	0.18472396	-0.15504694	0.19177765	-0.13099112	-0.1466838	-0.19578333	-0.16604675	0.16214614	-0.11021093	-0.20006046	-0.15060304	-0.20399147
0.17486271	-0.16218546	0.22793359	0.1332153	-0.20599332	0.21821757	-0.22792202	0.19015564	0.21953605	0.22111157	0.21580693	-0.16705862	0.101846464	0.24735649	0.19450875	0.24259953
0.14941086	-0.15696576	0.14009194	0.02782396	-0.11708877	0.15930513	-0.12950799	0.14619099	0.16906688	0.13209409	0.1534928	-0.16803053	0.12642498	0.13152424	0.12293928	0.086777434
0.16392477	-0.13652723	0.22749375	0.06982901	-0.21008164	0.17995067	-0.20822059	0.17377037	0.18877022	0.22923526	0.17993644	-0.20971401	0.10795498	0.19819874	0.19525139	0.17520224
0.17670588	-0.17596136	0.22400834	0.115546785	-0.19814669	0.16464904	-0.1687886	0.181775	0.21288659	0.20979762	0.16281599	-0.22312663	0.13095684	0.14421047	0.16852507	0.18504281
0.15611145	-0.19749065	0.2040374	0.121263154	-0.19905308	0.13557717	-0.2318313	0.19970018	0.18288907	0.15075432	0.22089115	-0.16305149	0.06996115	0.17931616	0.1477402	0.156376
0.19050604	-0.22460242	0.21791013	0.08160725	-0.19615291	0.17156544	-0.16767949	0.16840225	0.23499107	0.15951835	0.13808313	-0.19376759	0.14912046	0.14285453	0.1529964	0.17342989
0.22318886	-0.19982447	0.16259745	0.084283255	-0.15326728	0.1987266	-0.20828444	0.14987502	0.14872073	0.20301381	0.2226663	-0.18303226	0.11266975	0.20139465	0.16924058	0.22307205
-0.018665086	-0.024906874	-0.044054832	-0.040110268	9.156391e-05	0.0028513782	-0.048355725	-0.031939913	-0.049273003	0.039543558	0.0013588071	-0.012447856	-0.045834508	-0.035578094	0.022228364	-0.030676043
0.0412531	0.019159582	-0.018375576	-0.024084961	-0.031407617	0.047283564	-0.038817514	0.030711535	0.04970957	0.044665765	0.036693063	-0.0052895322	-0.028283168	0.008985639	0.039912295	-0.014603116
-0.03846519	-0.03204882	0.03935952	0.017083611	0.03708538	-0.04509295	-0.037368037	0.027373616	0.0018452033	-0.04932213	0.010384284	0.04570431	0.0069561973	-0.030338073	-0.044059873	0.012826312
0.023607444	0.0431285	0.026624326	0.04734068	0.04124942	0.03345296	-0.026216984	-0.010218836	-0.026413405	0.0016446821	0.0443228	0.011880219	0.018750098	0.04379544	0.009498227	0.043619182
0.18652992	-0.13380182	0.18658903	0.06790841	-0.13571605	0.1963937	-0.1273867	0.17002794	0.14909448	0.15605813	0.22621782	-0.17304876	0.06622282	0.20882688	0.18874878	0.15855339
0.13982129	-0.16558117	0.20856102	0.052783873	-0.19202289	0.21867886	-0.19609623	0.16893463	0.19731948	0.13522142	0.18753038	-0.14206144	0.041215472	0.16542567	0.19061801	0.21275692
0.17125657	-0.16877952	0.21396756	0.11209905	-0.13201666	0.1553345	-0.16103928	0.13267899	0.1692338	0.2056863	0.18787342	-0.21567452	0.1205357	0.18689202	0.19568415	0.14883828
0.039896015	0.047288727	-0.00688076	0.038589302	-0.009503961	0.013707351	-0.016866814	-0.04619311	0.039421845	0.012048554	-0.0011288747	0.017033327	0.011242628	0.00079637766	0.03445295	0.036525656
-0.037150025	0.03371605	0.019119535	-0.005440306	0.009986281	0.040352296	-0.03336792	-0.03376714	0.034374703	-0.007761121	0.04318479	0.045882847	0.02975789	-0.02702415	0.028841797	-0.018974913
-0.12956524	0.117922984	-0.14301313	0.06947811	0.13842076	-0.16341662	0.08946296	-0.15625395	-0.16586727	-0.14378613	-0.07695023	0.10814386	0.04890426	-0.123210646	-0.074881636	-0.16817732
-0.15675363	0.10272876	-0.10829072	0.04077033	0.15444523	-0.08469784	0.13262892	-0.10039143	-0.14011055	-0.06701876	-0.10472946	0.08407363	0.041310593	-0.16767372	-0.04815154	-0.13966234
-0.1545927	0.1423619	-0.109498695	0.094608106	0.13925464	-0.08566739	0.1560648	-0.14388771	-0.11321797	-0.0972966	-0.15017109	0.15012519	0.08104162	-0.085127294	-0.042752724	-0.12243782
-0.12226499	0.16230817	-0.12753159	0.07710764	0.1450075	-0.08966467	0.10632526	-0.10643902	-0.16379908	-0.12050936	-0.07498284	0.15018041	0.06224905	-0.16026022	-0.11268594	-0.096519895
-0.15155575	0.21812394	-0.1718592	-0.07847383	0.16986324	-0.2331016	0.15651622	-0.17880803	-0.16543214	-0.16808444	-0.1840056	0.16203675	-0.06987862	-0.17197168	-0.21440446	-0.22981347
-0.2108073	0.16134048	-0.22250426	-0.09017295	0.22686674	-0.21877626	0.19172472	-0.23727268	-0.15719324	-0.16349348	-0.2185938	0.1694853	-0.06839748	-0.1626595	-0.24336413	-0.1620721
-0.17993562	0.20765997	-0.17584805	-0.046220455	0.10522906	-0.107624635	0.17890802	-0.19918676	-0.16474366	-0.11128772	-0.17366129	0.18148412	-0.058778036	-0.18649967	-0.20378008	-0.13770019
-0.14499877	0.20314954	-0.18385367	-0.078622796	0.21465375	-0.22802423	0.1673142	-0.19974302	-0.20925437	-0.21027052	-0.23166974	0.19742574	-0.092662714	-0.14952374	-0.18413916	-0.18290573
-0.16080378	0.18693395	-0.18332745	-0.15079136	0.17896628	-0.16540375	0.15652521	-0.21119776	-0.21254672	-0.19991688	-0.18067649	0.17740503	-0.121651806	-0.20992963	-0.16298781	-0.22992848
-0.16818714	0.15036768	-0.1924059	-0.09188292	0.18488282	-0.21378256	0.19719107	-0.1472082	-0.17830192	-0.17514433	-0.17076573	0.14838108	-0.1268306	-0.19945948	-0.15976445	-0.16889888
-0.18604288	0.16518603	-0.16824353	-0.13731197	0.20644514	-0.13922018	0.19589885	-0.15555294	-0.19592671	-0.18845393	-0.21658587	0.20877188	-0.13398144	-0.22670485	-0.18306987	-0.17192477
0.22216663	-0.1870604	0.20025274	0.11268005	-0.15484701	0.21355255	-0.16174869	0.18100315	0.22084644	0.21286394	0.1942518	-0.21616052	0.13491851	0.15570478	0.17740561	0.19703692
0.028158356	-0.035740126	-0.004518021	0.03295851	-0.027974045	-0.038571753	0.04712191	-0.030251026	0.009464644	0.03409275	0.03530563	0.01566061	0.01294687	0.032732774	0.00958389	0.027112592
0.023814928	0.0016652569	-0.015166987	-0.03300034	-0.018011522	-0.014510192	-0.017411184	0.03007381	0.045964662	0.041873846	0.005426742	0.014140453	0.040123615	0.0030909665	0.0438847	-0.04534719
-0.014230572	0.027228821	0.027369741	-0.034421243	-0.028268088	-0.026504684	-0.00668969	-0.03852161	-0.0418221	0.021213915	0.018908892	-0.036814332	0.021441985	-0.04135401	0.04655615	0.020174611
0.034011375	-0.04259924	0.020406414	0.047330562	0.022964623	-0.011847626	-0.019597972	-0.014916517	0.024499644	0.009922098	-0.012403727	0.029084776	0.023544457	-0.041126538	0.028941143	-0.03557191
0.02396511	-0.00876639	0.027051415	0.011832081	0.026519906	-0.028083002	0.019806053	-0.017708302	0.013495553	-0.013365947	-0.03464992	0.022114683	0.0055340417	-0.0115968585	0.023588445	-0.0130169615
0.012479842	0.029658262	0.0056518316	-0.01314801	-0.041213833	0.049457345	-0.041148912	-0.032370172	0.024380598	-0.037436236	0.020785678	0.0464927	-0.04713204	0.04795203	0.043933067	-0.015977193
0.013763372	0.04800712	-0.043194808	-0.026239324	0.015227903	0.03614041	0.0067900904	0.03769863	-0.036577784	0.03492913	0.02511594	0.019623246	-0.038285732	-0.04165423	-0.035012327	-0.04843234
0.15794629	-0.18694128	0.14726874	0.036426663	-0.13293995	0.15140732	-0.124336876	0.11148138	0.130794	0.14856446	0.19243656	-0.16918878	0.10090914	0.116701335	0.15135267	0.17882304
0.10857762	-0.1656938	0.20701562	0.054452494	-0.18063985	0.17270823	-0.12527023	0.18522996	0.17882404	0.18761474	0.14231043	-0.1355803	0.014798348	0.16434366	0.12496376	0.16599666
0.07344028	-0.029241186	0.06849604	0.09270172	0.050466467	0.013753006	-0.058162455	0.022473598	0.073344804	0.101932526	0.08282948	-0.061493833	0.12413343	0.07196531	0.07187321	0.06564681
0.081753045	-0.056377403	0.032726888	0.09080153	0.029291127	0.024201587	-0.06211405	0.03912703	0.10887184	0.09060218	0.034052216	-0.03959801	0.06257581	0.042570386	0.06752212	0.11113587
0.17428228	-0.17811759	0.26066387	0.19757493	-0.1916145	0.20221505	-0.1925381	0.2426671	0.26673466	0.23385547	0.24484006	-0.2389577	0.12737955	0.20706813	0.19554755	0.24875881
0.17129603	-0.17411016	0.19567905	0.155938	-0.18124609	0.21857542	-0.19798231	0.20363347	0.22593631	0.18598792	0.263395	-0.18137677	0.17835812	0.23906739	0.26647297	0.21447238
0.20001166	-0.13778156	0.11924355	0.055240586	-0.08943485	0.13046013	-0.19264884	0.097776465	0.21020825	0.18068916	0.17973444	-0.20558155	0.12759978	0.20925619	0.11461523	0.18590558
-0.02095691	0.015701305	-0.049699068	0.0054960735	-0.039367605	-0.02541256	-0.036348104	0.038948487	0.029413547	0.00027742237	0.0015328042	-0.035215735	0.0416005	0.037579287	0.017786387	0.033686902
0.022463772	-0.03772024	-0.0027757064	0.041323077	-0.023182511	-0.02059163	-0.0005653277	-0.0074569695	0.011650763	0.010403048	0.01872624	0.010862481	-0.0055047385	0.030066278	-0.006283652	-0.02437669
-0.026972998	0.03410833	-0.012447894	-0.015244484	-0.030038094	-0.009246994	-0.006356515	0.016390625	-0.0052020065	0.04877572	-0.012913801	0.030779015	0.01766796	-0.047733404	0.019944135	-0.04350641
0.035189833	0.04482988	-0.03605201	-0.01893114	-0.026770545	-0.03802941	-0.008077551	0.03729285	-0.049835123	0.01798195	-0.021426857	-0.006378688	0.0038818344	0.04453465	0.017411616	0.0057325363
0.15715522	-0.062748834	0.072073884	0.046101246	0.03992999	0.10246878	-0.16577758	0.14093097	0.16135472	0.118119195	0.08870942	-0.13412108	0.11085455	0.14599618	0.14398903	0.15295823
0.061786775	-0.10566398	0.11091704	0.059488285	0.060102414	0.05365912	-0.114323765	0.06600117	0.09615615	0.09216534	0.05995078	-0.081869625	0.15004408	0.10182967	0.113207884	0.11024818
0.14345445	-0.17814142	0.14247087	0.13744098	-0.21066344	0.21071087	-0.19080058	0.21256809	0.21458605	0.18615471	0.14968272	-0.19024426	0.11018285	0.18569495	0.18709588	0.15201439
0.2135344	-0.21275622	0.2083324	0.05724335	-0.1746654	0.16869536	-0.2131028	0.16766013	0.23696017	0.19661835	0.20330183	-0.20181148	0.16716056	0.17673573	0.19348368	0.13566321
0.14468198	-0.15577261	0.13374375	0.11321168	-0.1181657	0.21501043	-0.17412858	0.15112512	0.1545285	0.2284881	0.21692783	-0.18618561	0.090755686	0.19574003	0.17798592	0.12954108
0.14798263	-0.16240428	0.15552877	0.09872837	-0.14405727	0.18555291	-0.19440356	0.20367232	0.22316381	0.13225801	0.15984364	-0.17797527	0.11844314	0.16335508	0.11755908	0.18543115
0.19072184	-0.12032133	0.2034538	0.09902273	-0.10830321	0.16564417	-0.14425041	0.13302004	0.17843074	0.15896554	0.18212517	-0.16935189	0.08135777	0.19625649	0.20567535	0.15530203
0.13749368	-0.20010453	0.17653547	0.050020274	-0.12303165	0.1246169	-0.114546865	0.1939957	0.15944067	0.213037	0.1264757	-0.14834565	0.12339089	0.19980906	0.18810277	0.16469742
-0.03285134	0.008729912	0.0331514	0.029231656	-0.017869867	-0.018360388	-0.022591282	0.024580788	0.004422508	-0.041588344	-0.02170427	0.026323628	-0.016113319	0.018241335	0.009607412	-0.040146135
0.12846032	-0.12649259	0.10480386	0.08930202	-0.03879549	0.13460198	-0.118145086	0.070687205	0.10369947	0.14603347	0.15902434	-0.11974217	0.099179804	0.13405277	0.10571389	0.13716485
0.110336974	-0.09921699	0.07764052	0.07802898	-0.045987602	0.112170406	-0.13178246	0.09691082	0.16969463	0.08853002	0.13147262	-0.111750126	0.06871787	0.10085091	0.1463664	0.13411951
0.12507553	-0.07000251	0.0722742	0.10973771	-0.05370676	0.14510757	-0.1036982	0.15469523	0.1292712	0.12049386	0.08444223	-0.06552427	0.084083155	0.06993703	0.124982126	0.084803194
0.0873152	-0.1319356	0.0870602	0.094666116	-0.06384022	0.12579723	-0.12800281	0.1044307	0.12345818	0.09496426	0.13573499	-0.16963747	0.09603503	0.123476356	0.11773317	0.12613024
0.012723196	0.042504374	0.015078966	-0.03369452	-0.0308913	0.0085562095	-0.00923606	0.005603086	0.013372827	0.003775943	0.0016892329	0.04015449	0.032159235	0.038691487	-0.0017907731	-0.035872053
0.029300574	-0.038019944	-0.01547724	-0.028415918	0.02522261	0.0051860586	-0.016784273	0.014357615	0.0070864446	0.011808682	0.022705588	-0.040515818	0.011665285	0.043555263	0.018066298	-0.012857985
0.002364099	-0.043215394	-0.031133402	0.007827602	0.0025313385	-0.009279929	-0.017710365	0.049485896	-0.007468857	-0.022085775	0.033253457	0.009164225	-0.03907757	0.009283256	-0.032205835	-0.010112394
-0.012739014	-0.040837634	-0.02912972	0.0031594038	-0.007864166	0.023386661	-0.032001782	-0.028804649	0.047006514	-0.01356411	0.006603323	0.043270957	0.013537135	-0.021407867	0.009147037	0.03984319
0.029884364	-0.045237876	6.067753e-05	0.02114353	-0.001981698	0.031798873	-0.03231547	-0.020642532	-0.030467201	-0.037371386	0.021401692	-0.0076063275	0.046921086	0.048500266	0.021111835	-0.03151194
-0.049571205	-0.0062502734	-0.0340011	-0.035069667	-0.027681101	0.007983636	0.022197198	-0.04032532	0.004607331	-0.04602691	0.01836275	0.03302821	-0.020717883	-0.029742872	-0.03663663	-0.018895507
-0.03047123	-0.038831078	-0.0039404407	-0.0034185424	-0.0012222417	-0.033129096	-0.028754307	0.0364956	0.037470732	0.014685441	-0.039843597	-0.015963376	0.047514405	0.0052144043	-0.024163723	-0.010047089
-0.03889686	-0.0054168217	0.031466726	-0.04126258	-0.039281093	-0.013441466	-0.007551335	0.0471336	0.033388402	-0.028781569	-0.023738086	-0.01899985	-0.030801391	0.011151075	0.001684308	0.020805385
-0.01456226	-0.04123224	-0.0077973604	-0.00060774013	-0.006305337	0.0122104995	0.023532655	0.044919517	-0.023078978	-0.034869112	-0.007256508	-0.004645597	0.0056396015	0.0049443357	0.01184044	-0.011504032
0.03306565	0.041052032	0.042018007	0.021001387	-0.0069873556	-0.009635866	0.0047805198	-0.008097421	0.007660698	0.036046874	-0.04208492	-0.006704163	-0.012263872	0.04265542	0.016793381	0.0035848618
0.1757163	-0.14040117	0.15059757	0.03385796	-0.0972809	0.1488828	-0.19070238	0.16759603	0.19111684	0.19945857	0.13049136	-0.15688883	0.019387098	0.1363548	0.172886	0.2032655
0.14445896	-0.11960768	0.1816932	0.052537158	-0.1304208	0.1783091	-0.15314034	0.1313865	0.19875449	0.14753263	0.17812906	-0.20772296	0.06290681	0.12503682	0.14348428	0.20189574
0.0080683455	-0.0041850917	-0.025867296	0.040635098	-0.046072543	-0.01100551	-0.045209754	-0.014149807	-0.018689193	-0.024113644	-0.016336214	0.025837366	-0.044835627	-0.024689639	0.0019820444	-0.042713713
-0.004140593	-0.04430257	-0.018289886	0.04674082	0.029778246	-0.034406163	0.041805957	-0.017222308	-0.037974726	-0.0044393316	0.018965948	-0.010233879	-0.011272073	0.04153729	-0.045206394	-0.020571148
-0.03876809	-0.0064604655	-0.0060541034	0.028391313	0.020776477	0.0010284558	-0.006471239	-0.0031863824	-0.00087114424	0.008909214	-0.038846217	0.031748604	0.0138631575	-0.029237116	0.0065891035	0.03469089
-0.047847033	-0.003734909	0.026426349	-0.02857889	-0.042525638	0.004082322	-0.019504799	0.013932776	-0.028939033	-0.039557077	0.01821084	0.014895085	-0.012054227	0.009770118	-0.02581811	0.014300313
0.049139407	-0.024255408	0.016115714	0.03618404	0.012351345	0.028410863	-0.034394134	-0.030548705	0.03762157	0.045004454	-0.028411949	-0.020830786	0.030322079	0.022713635	-0.031477965	0.048901726
0.09545125	-0.15808089	0.14453553	0.06620194	-0.15230705	0.12289826	-0.09655842	0.16163427	0.11716587	0.18158233	0.10964195	-0.16674876	0.071210645	0.14590058	0.15464103	0.13917436
0.16881207	-0.13838819	0.13608629	0.095306925	-0.15319374	0.14152837	-0.120687604	0.154245	0.20641428	0.18425925	0.15315293	-0.11358529	0.08219626	0.16334808	0.17919633	0.17881101
0.14362301	-0.18960191	0.14833029	0.048908502	-0.17066081	0.1917071	-0.15065928	0.11000737	0.19311073	0.16963553	0.12588274	-0.14835918	0.13597444	0.17501697	0.12617598	0.15469247
0.12295689	-0.19520204	0.15657404	0.10981049	-0.17994192	0.20651588	-0.14199665	0.13379657	0.1645911	0.1268527	0.16389681	-0.16323958	0.06237514	0.16165255	0.2015663	0.19194992
0.16399182	-0.17541085	0.20475024	0.048333503	-0.15595227	0.16003019	-0.15085837	0.16273853	0.13917781	0.20538588	0.14230466	-0.15565437	0.056282375	0.17896384	0.16406319	0.20935266
0.11995674	-0.13899122	0.13321413	0.08291277	-0.10846885	0.16540179	-0.19558239	0.133543	0.19519931	0.19694965	0.13491683	-0.1586724	0.12286986	0.20131904	0.1594404	0.16819784
0.12083945	-0.14316481	0.11812672	0.015370907	-0.1320009	0.101684354	-0.14927655	0.15513597	0.15027232	0.1860735	0.17319594	-0.19029184	0.106405586	0.1850767	0.17715083	0.1221422
0.13737862	-0.106101245	0.18161272	0.03924525	-0.085621	0.16415799	-0.18312414	0.12121593	0.15016349	0.13149567	0.10877156	-0.10346575	0.076176256	0.17709671	0.1711861	0.15935232
-0.20897393	0.22176938	-0.23707716	-0.1399748	0.20133522	-0.16879761	0.1630002	-0.17197743	-0.24381909	-0.18221128	-0.17466885	0.21547344	-0.14713499	-0.16121025	-0.17516208	-0.20469078
-0.14544034	0.13396206	-0.15350157	-0.10060006	0.18735984	-0.18476824	0.14021462	-0.16968013	-0.22418652	-0.21788135	-0.20294185	0.1533728	-0.0401862	-0.16937636	-0.14755166	-0.13824059
-0.13901676	0.07520901	-0.13076888	0.08451295	0.06543105	-0.15753253	0.06497557	-0.07193738	-0.07716231	-0.06745309	-0.13260964	0.15451506	0.18263346	-0.17912547	-0.0049418705	-0.12686622
-0.10286955	0.1075073	-0.06728967	0.08030461	0.14824153	-0.09524476	0.11125995	-0.12872384	-0.16924527	-0.079087354	-0.15929012	0.12155403	0.10775659	-0.15633827	0.008852111	-0.09463298
-0.1196006	0.069067925	-0.09684215	0.045573298	0.13971668	-0.106576554	0.0943121	-0.1324603	-0.14453368	-0.0641532	-0.14099583	0.1225188	0.17194057	-0.12941292	-0.033004895	-0.0846345
-0.02447809	-0.028095448	0.008413006	-0.049463667	-0.020055128	-0.03030963	0.026492987	0.040602293	0.004013907	0.04335613	-0.04932456	-0.014133941	0.022165302	0.026927005	0.0037089363	-0.008106399
-0.17842148	0.11886183	-0.103471845	-0.0028676456	0.14483815	-0.19389099	0.18099813	-0.14238337	-0.15133014	-0.1484303	-0.1133466	0.14285065	-0.075642474	-0.110499635	-0.10848919	-0.114064455
-0.14830688	0.1167047	-0.19466816	-0.06793947	0.14870413	-0.1632461	0.18305019	-0.16322336	-0.19095741	-0.119781524	-0.10760688	0.17461741	-0.049722157	-0.14463313	-0.18805192	-0.18125752
-0.18215838	0.12381657	-0.1494738	-0.054459672	0.14439763	-0.12847327	0.1930526	-0.17883576	-0.12915316	-0.13680363	-0.1016974	0.16999756	-0.023280226	-0.16949464	-0.17267671	-0.12988321
0.0051344857	-0.018943787	0.049611006	0.032297675	-0.013448395	-0.03006487	0.007964276	0.031351972	-0.024678601	-0.025112081	0.04536592	-0.011141609	-0.0063982233	0.028495397	-0.034176446	0.04972676
-0.14488024	0.16990356	-0.18840393	-0.052871495	0.12984402	-0.17125495	0.11676746	-0.12357966	-0.1731272	-0.13345498	-0.1858805	0.121603675	-0.084534846	-0.13719347	-0.20230111	-0.1758092
-0.107753105	0.1382425	-0.1489872	-0.030240238	0.09104526	-0.18872401	0.16568235	-0.15263572	-0.14985935	-0.14311776	-0.14041473	0.103960834	0.024755552	-0.08434502	-0.17613444	-0.13509198
-0.15785104	0.15332769	-0.1335289	0.038791202	0.123747915	-0.17286174	0.17023371	-0.14184764	-0.155654	-0.12024579	-0.13158546	0.12912932	0.038155112	-0.14519788	-0.14433609	-0.17895521
-0.112614766	0.15056933	-0.1847281	-0.046832237	0.13294908	-0.11373268	0.17738865	-0.14924365	-0.12045425	-0.20083095	-0.15711012	0.18485814	-0.118392795	-0.10372224	-0.16614807	-0.11133344
-0.04993626	-0.014757454	-0.03973354	-0.011872865	-0.04357809	-0.016463388	-0.031802464	-0.047998607	-0.04848814	-0.049220074	0.0024981499	0.04974338	0.04112972	-0.005628146	0.020410623	0.042089906
0.013125662	0.00917387	0.031640414	-0.019955933	-0.02044933	-0.011820316	-0.017933868	0.041695382	-0.006461013	0.010682188	-0.04425445	0.036479365	0.009307347	-0.027367175	-0.009816207	0.021552924
0.04243714	-0.0016235486	-0.049102116	-0.006488811	0.0024480596	0.0060585514	0.022923183	0.027174283	0.013612535	-0.012735676	0.03940526	-0.03247632	0.037314545	0.043035496	0.037998307	-0.022219313
-0.107297406	0.13485546	-0.12868805	0.055177342	0.12727538	-0.14060827	0.14208153	-0.10006873	-0.09123426	-0.049723145	-0.1467365	0.14716007	0.11345173	-0.093346745	-0.06431912	-0.12245817
-0.08358835	0.09809787	-0.06168455	0.09949688	0.1664879	-0.13067868	0.097775884	-0.17160706	-0.077838816	-0.08648676	-0.1329053	0.108506165	0.07126883	-0.14683884	-0.031305622	-0.09613442
-0.10539964	0.08980811	-0.06814575	0.11203718	0.11374747	-0.08064532	0.09530009	-0.16636814	-0.13411516	-0.06490219	-0.10125871	0.082880065	0.09905328	-0.14889221	0.0052868137	-0.13516772
-0.097018436	0.1600099	-0.1335289	0.04525802	0.15427674	-0.1068735	0.17066886	-0.13297641	-0.09827226	-0.11867059	-0.10817927	0.12065255	0.041274235	-0.12283497	-0.012753343	-0.17698185
-0.060032375	0.098749645	-0.07985571	0.08144517	0.106892265	-0.1695954	0.108383656	-0.1267799	-0.13457865	-0.10939172	-0.074912556	0.09470018	0.10933892	-0.16789836	0.020047508	-0.16862126
-0.06392728	0.15592174	-0.12709837	0.06445423	0.14016756	-0.14583512	0.09661077	-0.10161562	-0.13773315	-0.037354693	-0.15409568	0.10245713	0.08493077	-0.13819294	-0.05225716	-0.102152765
-0.11998512	0.088814676	-0.1274701	0.039017737	0.16699499	-0.15772794	0.10169618	-0.095636934	-0.1254486	-0.07334362	-0.08948353	0.08643968	0.08464297	-0.11501501	-0.060297012	-0.08671315
-0.0469592	0.0015277267	0.022005681	0.024812806	-0.033595465	0.012155332	0.033586714	-0.004509639	-0.04716313	0.018285524	0.015349302	0.04481261	0.0020701773	-0.029225886	-0.023112154	0.044827346
-0.033398855	0.03533118	0.025300335	0.014561061	-0.024924684	0.027764712	-0.03462882	0.021075103	0.02751359	0.031634476	0.043715622	-0.026771342	-0.010882698	0.03586192	-0.018234551	0.034685638
-0.086365625	0.10320917	-0.081199706	0.13007717	0.1507875	-0.10608987	0.12077654	-0.050514057	-0.0798305	-0.10751149	-0.14573805	0.13538761	0.16336462	-0.111260585	0.037872616	-0.09436317
0.034673367	0.04297513	-0.0027238242	-0.03657037	-0.04026872	0.012188543	-0.024290979	-0.028810395	0.042269293	-0.0042328015	0.013077486	0.04109225	-0.009276997	-0.033838406	0.016353477	0.007497739
0.15656647	-0.19241717	0.17108607	0.033491794	-0.15682282	0.1536895	-0.20586681	0.13098814	0.18247977	0.14844707	0.1623552	-0.17543292	0.052685466	0.15881753	0.18342736	0.1512326
0.06874321	-0.11542864	0.120177105	0.1180137	0.061783753	0.08054652	-0.13367808	0.03487386	0.110159606	0.11902615	0.04057687	-0.11385683	0.10529052	0.09014423	0.05170375	0.11238812
0.1056328	-0.047879875	0.09688133	0.036851496	0.052830316	0.00018038624	-0.0863833	0.017941397	0.07667695	0.11533838	0.037327826	-0.1108102	0.06522574	0.13217105	0.083252355	0.092804834
0.10880782	-0.024102012	0.11740906	0.10574566	0.08693391	0.016203683	-0.05823693	0.08890609	0.06634125	0.045204572	0.10455705	-0.09713167	0.043423466	0.10316494	0.060492598	0.07064461
0.050063632	-0.057380334	0.050151657	0.056342784	0.07943396	0.042959783	-0.046323717	0.09073552	0.063233346	0.03681632	0.0749689	-0.08029145	0.06572779	0.040650506	0.085224144	0.09151302
-0.037077177	-0.027014315	0.039511036	0.005813621	0.036208	-0.0039282814	-0.010199536	-0.040183403	-0.013142753	-0.018181551	0.03509218	0.0004308112	-0.014483236	0.00752287	-0.049456168	-0.036226906
0.06666934	-0.11631113	0.09074478	0.021397078	0.044458643	0.06750796	-0.07505591	0.066254444	0.055134088	0.05350311	0.1216304	-0.13863887	0.13326955	0.11237729	0.13453513	0.060216896
0.13001221	-0.09773408	0.1126149	0.028486138	-0.028324438	0.057208996	-0.09132665	0.053087197	0.14109434	0.055557184	0.100225724	-0.076098226	0.07113396	0.13166836	0.123690926	0.039461568
0.050772518	-0.09517055	0.09017008	0.031114155	-0.024758331	0.045084056	-0.034495283	0.029873777	0.13591994	0.07678587	0.112446144	-0.13424447	0.10921071	0.05067333	0.11724455	0.04833737
0.057054542	-0.05115842	0.11612262	0.045888558	0.044883717	0.049657952	-0.07627157	0.047112014	0.06116925	0.069910504	0.057545554	-0.09101693	0.14246763	0.114267275	0.06007045	0.11362441
0.03941887	-0.09214963	0.12041233	0.08150076	0.042125113	0.102883734	-0.099480234	0.019855939	0.0587744	0.09794873	0.12882794	-0.07474266	0.05438954	0.12170172	0.047800846	0.13422424
0.07577829	-0.06069375	0.046902	0.08866243	0.060384825	0.088631876	-0.062007587	0.09726272	0.08720402	0.0934756	0.0947102	-0.09421834	0.12097261	0.10030761	0.07756169	0.14279856
0.12815714	-0.044753164	0.116083845	0.07303171	0.07280546	0.040667042	-0.07113352	0.049819026	0.08697082	0.05159795	0.049296234	-0.12580518	0.08032055	0.12843955	0.05893946	0.054310054
0.07625508	-0.05289018	0.1162621	0.12488391	0.06791952	0.11491418	-0.06564968	0.07449788	0.10963401	0.053295907	0.07650043	-0.074339576	0.102526106	0.13061896	0.083328396	0.09080982
0.09895681	-0.096024364	0.06537963	0.10064959	0.046307594	0.043081827	-0.058400616	0.09287936	0.08324707	0.05522025	0.08793402	-0.1191542	0.10090759	0.1102047	0.117179744	0.10221177
-0.014386378	0.043267418	0.008574687	-0.03311609	0.0306569	0.0046529546	-0.04290242	0.0024825707	-0.031604875	-0.033951737	-0.014313519	0.04234953	0.01977991	0.034920182	-0.007546831	-0.023266649
-0.0088963285	0.034408476	-0.04874834	-0.032774642	0.022178318	0.026319254	-0.008462228	-0.007978868	-0.029793894	-0.032260858	-0.04448066	-0.018910814	-0.0078936	-0.013786532	0.027945641	0.049728025
-0.03161625	-0.0059375055	-0.019602358	0.023548458	0.03280678	-0.001386214	0.03134496	0.032307077	0.0076150075	-0.048604466	-0.046622384	-0.033921815	0.007893302	-0.01880498	-0.048044264	-0.046681333
-0.027722275	0.048804168	-0.0026032552	-0.03904078	-0.009814225	0.019697	0.005327247	0.042479504	0.03387486	-0.008519985	0.0071353316	0.0013130419	0.038633775	0.0055236444	-0.015527893	0.025312904
-0.038155306	0.01703732	-0.0112374425	0.02761716	0.03943887	0.039952565	0.02260622	-0.036582075	0.04605559	0.0314142	0.047443185	-0.039798796	0.016845215	-0.049359836	-0.021711959	0.015608516
0.011230908	0.0495294	-0.033354536	0.043432977	0.014409963	-0.006765198	-0.026524855	-0.03561566	0.028818097	-0.014245905	0.047489893	-0.015351079	-0.032986894	-0.0457376	0.045371998	0.019654814
0.032936994	-0.0059662946	0.042532634	-0.003278114	0.024680328	0.018398073	0.012673009	-0.039438844	-0.048737504	0.03346653	0.022852663	-0.04580101	-0.008534778	0.03221364	-0.038948953	0.010610271
0.22762723	-0.19776247	0.22657956	0.1311408	-0.22390121	0.20365833	-0.20965034	0.16944148	0.19983837	0.20316356	0.20208412	-0.15293497	0.055927325	0.16465998	0.17855322	0.1513808
0.13566023	-0.12157786	0.15104765	0.07901927	-0.08812881	0.1358859	-0.14377213	0.13166355	0.1380173	0.18192883	0.10035662	-0.124709934	0.105173185	0.111587405	0.15502593	0.13767628
0.11260162	-0.19113769	0.13437968	0.013630167	-0.10611742	0.14557911	-0.15627961	0.14569758	0.17096548	0.15572344	0.14602745	-0.114159	0.074607104	0.14176488	0.17168975	0.15056886
0.106036514	-0.12953751	0.091250286	0.01241217	-0.13624781	0.14135145	-0.16858177	0.09694402	0.13492039	0.18998829	0.19090025	-0.12599115	0.014925836	0.18263121	0.1286418	0.14576961
0.034548793	0.01964892	-0.010778975	0.016740572	0.031864967	0.039609622	-0.00519339	-0.047607362	-0.019932806	-0.03963058	-0.029771078	0.040635888	-0.04180882	-0.0019350424	-0.019507969	0.04765984
0.18953414	-0.16634883	0.14728123	0.14669573	-0.18572143	0.17984748	-0.12887156	0.18283175	0.1409054	0.13419956	0.14752224	-0.15414795	0.09940951	0.12374021	0.13617972	0.16434953
0.16284193	-0.11826048	0.17015484	0.09416762	-0.16468138	0.20939627	-0.1888464	0.19368802	0.13755596	0.21009225	0.16319476	-0.16931023	0.08684962	0.18400703	0.18414213	0.13226527
0.18691944	-0.13217326	0.21970086	0.102533326	-0.13464968	0.18312597	-0.17578025	0.123585194	0.17373879	0.1977543	0.14509693	-0.17892222	0.14537741	0.19473346	0.2244112	0.21584655
0.048019182	-0.038194012	0.020330202	0.021903288	-0.023578191	-0.025911415	-0.026292682	0.00021092966	0.04456197	-0.0046048984	0.022073094	-0.019191373	0.024190333	0.010093819	-0.037226606	-0.0316208
-0.039200164	-0.037629735	-0.0050833225	0.04337691	0.041453276	0.017227221	-0.03317181	-0.028757906	-0.027784873	0.022222888	0.023153696	-0.03803257	0.018975127	-0.042654302	0.026307967	-0.022377862
0.0058993325	0.030967679	0.017096091	0.024182882	-0.01096604	0.0056908727	-0.034349762	0.020005394	-0.028808951	0.011740364	0.028647933	0.0076341256	0.0030493252	-0.01673304	0.023872767	-0.036425017
-0.036508035	-0.03716446	0.024443176	-0.008285474	-0.011442624	-0.022490228	0.0102411285	0.040797856	-0.012230337	0.046028662	-0.00053634495	0.011685215	-0.04323405	0.03387547	-0.048407782	0.03901783
0.045002293	0.047035243	0.029981542	-0.018267535	0.045185592	0.0348004	-0.03516098	-0.009560846	0.0055201054	0.042958524	-0.017325569	-0.0107572675	0.014186028	0.009835172	-0.012427665	0.021396164
0.011495698	0.036343742	0.04341984	0.016944911	-0.027664293	-0.04951444	0.04641414	-0.02076912	0.048385475	0.03406297	0.021250915	-0.010190379	-0.015250064	-0.001519788	-0.033758655	0.013802972
0.015918229	-0.04720683	-0.012360536	-0.008740734	0.0060516708	-0.045963574	0.02930561	0.043583367	0.019489694	0.04343996	0.03930987	0.027667034	-0.015017498	0.04903544	0.042564634	-0.022365047
0.009394921	0.012665067	-0.0068678632	-0.049439635	0.020132665	-0.03703197	0.030359033	0.0013574474	-0.02103262	0.0040042773	0.029093098	-0.0439685	0.0033452027	-0.0092167035	-0.029581403	-0.016692303
0.013216864	0.035594616	-0.04036343	-0.039948117	-0.03127166	0.010186233	0.044106428	0.0035187006	0.02897909	-0.045110025	-0.02345152	0.003072165	-0.009572495	0.037564326	3.2283366e-05	0.02516291
0.009657275	-0.027135933	0.015322614	-0.016156148	0.029989276	-0.0013815649	0.042601373	-0.034030057	-0.016071726	-0.049508896	0.013489198	-9.346753e-06	-0.04623518	0.01689564	0.020513464	-0.025733365
-0.043934762	0.037410643	-0.016635526	-0.015218724	-0.037577022	-0.019302035	-0.009559475	0.01975732	0.035610054	-0.040106762	-0.014465034	0.023299579	-0.0065279715	-0.030466689	-0.009032834	0.0021690018
-0.17402108	0.1112398	-0.13240615	-0.100241765	0.21063064	-0.12569521	0.1674924	-0.17488687	-0.20130034	-0.21508169	-0.11986751	0.15177366	-0.10185313	-0.117087945	-0.21370524	-0.14818902
-0.19571884	0.17625533	-0.13597387	-0.1126237	0.19083013	-0.16531663	0.19896363	-0.12597013	-0.19327916	-0.16849434	-0.11836272	0.1400207	-0.13125536	-0.16833594	-0.14556089	-0.18154076
0.10999553	-0.0963585	0.107790776	0.13219291	0.048854448	0.13049862	-0.060930133	0.097679175	0.13386428	0.14333825	0.11059406	-0.08155607	0.12617639	0.06662398	0.11912104	0.10249841
0.08541663	-0.07612216	0.14902577	0.10839175	0.008675762	0.12600195	-0.0756489	0.056116547	0.10416852	0.07671571	0.0968203	-0.05069877	0.04290261	0.08469234	0.054017548	0.11444344
0.013088021	-0.039481975	-0.04131349	0.008581925	0.030516636	-0.016830277	-0.018557	-0.038890243	0.03892291	0.03786624	0.01943728	0.03783733	-0.02401346	0.020359103	-0.005407285	0.029925589
0.014052	-0.0075940266	0.0029720664	-0.0056972876	0.045881998	-0.022277653	0.004851185	0.024728205	0.022653725	0.0367305	-0.016274441	-0.046735432	-0.024643553	-0.011980213	-0.043955993	0.03631789
0.046459507	-0.023136318	0.002278041	-0.043200623	-0.043091238	-0.04458387	0.0062514544	-0.02179364	0.001543738	-0.02948103	0.042132664	-0.040995874	0.031463217	0.022767033	0.0036784038	-0.015869092
0.028370738	-0.13166584	0.08083103	0.06931369	0.01117416	0.03059974	-0.11878581	0.01868246	0.07614036	0.08383492	0.07851539	-0.046732284	0.107375376	0.07108877	0.027247023	0.038777694
0.10894407	-0.17415398	0.13104466	0.022722868	-0.13357806	0.14563228	-0.16611077	0.17516114	0.1986337	0.17242439	0.14087388	-0.19292967	0.11463325	0.13207929	0.1616781	0.114042714
0.1834449	-0.15142098	0.1790488	0.055697065	-0.08386055	0.12149687	-0.15262875	0.174422	0.18189241	0.11495385	0.12961133	-0.19226912	0.027702404	0.12837513	0.18373682	0.1542832
0.17336658	-0.09537652	0.093834564	0.08307074	-0.16395138	0.13889155	-0.11237541	0.11911812	0.1614385	0.16391423	0.12608187	-0.15145643	0.045113303	0.098538004	0.16553344	0.16319774
0.12500659	-0.11866398	0.10027937	0.019241652	-0.094659604	0.16840911	-0.14536671	0.14200097	0.16762237	0.18386939	0.18658325	-0.13991526	0.08487243	0.1964192	0.16521329	0.102509014
0.12234151	-0.17437243	0.11618333	0.0007419085	-0.10920608	0.13840003	-0.14385648	0.16691975	0.1786407	0.11945664	0.12219464	-0.09974989	0.035798255	0.16036656	0.14332414	0.116746575
0.11040932	-0.18299296	0.18589827	0.03128382	-0.1264406	0.19555862	-0.1874597	0.08446942	0.12009218	0.11570113	0.15691434	-0.12956119	0.03193979	0.18441218	0.12667854	0.106537744
-0.042379964	-0.011034645	0.041407418	-0.013774253	-0.0058134086	0.017490435	-0.034483887	-0.0005066879	-8.507818e-05	0.02781928	-0.04129654	0.0109215155	-0.040823292	-0.012064911	-0.0126592405	-0.035229634
0.08078857	-0.08031685	0.11162854	0.052578982	0.072224975	-0.016529951	-0.12791573	0.030523168	0.09673748	0.04949954	0.07195928	-0.020005336	0.10087995	0.112594664	0.08568127	0.07339503
0.12386135	-0.070001274	0.032682374	0.04452398	0.04621377	0.032220885	-0.100275755	0.06262926	0.11166176	0.093277626	0.102218956	-0.09857031	0.03882251	0.051672377	0.055468574	0.11825836
-0.038081836	-0.022169137	-0.03664621	-0.01841556	-0.01184801	-0.033445895	0.020211052	-0.045671236	-0.0043366067	-0.016896714	-0.012401093	0.0013567694	-0.041412354	0.019371126	-0.040973783	-0.023667777
0.039674852	-0.028066123	0.023955796	-0.041084386	-0.007038664	-0.04296596	0.018039297	0.003614448	0.033163514	0.0011621118	0.042592358	-0.008176148	0.020025197	-0.0077538267	0.0015795715	-0.011937249
0.0044804923	-0.008905612	0.017679978	-0.0056424513	0.04682142	0.011463404	0.028237734	0.0062391385	0.034948315	0.048275676	0.019128788	-0.0053399913	0.027134392	0.028897475	-0.04723152	0.045399617
-0.0211751	0.039974038	0.023869429	0.012008797	-0.0068061575	0.029511321	0.04694916	0.038677905	-0.036160648	0.013286855	0.042044032	-0.029990196	0.038942445	-0.049699653	0.044415187	-0.037896596
0.044099655	-0.02378483	0.019298147	-0.043851174	-0.041174866	0.036038313	0.044168856	-0.0025392547	0.042067815	-0.03682282	0.026199032	0.022494439	-0.034995317	-0.021782804	0.044126812	0.03070226
-0.002935052	-0.027426744	-0.019541323	0.04317714	0.017782617	0.041715633	-0.032116964	0.0033938773	-0.023398936	-0.039005734	0.0155509	-0.0063099638	-0.046450593	-0.0055314526	-0.029223407	0.027687144
0.020498563	0.03862835	-0.025498284	0.016175952	0.021864537	0.0011159554	0.020652447	0.029184114	0.011490535	0.014063071	0.023560453	-0.030764317	-0.018380392	-0.025570406	0.04776707	0.010182582
-0.04115801	-0.020280039	-0.043584347	-0.041598916	0.009517394	-0.020132912	-0.01898837	-0.0072344914	0.04792447	-0.039071836	0.017152477	-0.019431734	-0.029648995	-0.048180796	0.017043602	-0.00044276565
0.018496905	-0.0069366693	-0.048926186	0.033918645	-0.028927505	-0.023770882	-0.041154373	0.017803762	-0.040298305	0.020293858	0.013955805	0.03212178	0.014531922	-0.035727203	-0.02831458	-0.003237225
0.1546585	-0.15923613	0.13763286	0.038938396	-0.17247249	0.19878371	-0.10764863	0.112285726	0.21863653	0.1444143	0.14695874	-0.13701849	0.12542313	0.15381823	0.18441859	0.12955892
0.19008312	-0.15649733	0.121199876	0.05118186	-0.20145077	0.21547116	-0.16699106	0.11122823	0.19040307	0.19219401	0.15882203	-0.1712531	0.036883213	0.09608827	0.14180653	0.13435797
0.121732235	-0.08702581	0.15056276	0.088387795	-0.12272626	0.14304319	-0.15717173	0.16543639	0.16392627	0.114894114	0.13760713	-0.12203668	0.099568404	0.09657659	0.19395283	0.15280373
-0.14487232	0.15115613	-0.18957245	-0.01421308	0.12978108	-0.1668141	0.111821644	-0.13154745	-0.12108376	-0.12967671	-0.18680023	0.17551027	-0.010757914	-0.14632662	-0.087078296	-0.10926099
-0.13396631	0.19123869	-0.16316664	-0.018829212	0.16208977	-0.12976274	0.16685152	-0.14659461	-0.117467806	-0.17870013	-0.1355381	0.16866398	-0.003791868	-0.10597115	-0.17883222	-0.12908149
-0.1690757	0.17845437	-0.122462414	-0.06909126	0.076501474	-0.16641824	0.12365844	-0.1728899	-0.12447151	-0.16603535	-0.12045686	0.162632	-0.024527755	-0.14461058	-0.13071585	-0.19702025
0.049811903	-0.031049205	-0.0039412268	0.00567	-0.026906908	0.0073733814	-0.0026042834	0.02704667	-0.018804645	0.03051779	0.04162732	0.023934375	-0.00259576	0.022629175	0.047148358	-0.032354355
-0.019853283	-0.035281457	-0.042133402	0.04743201	0.035163973	0.044021834	0.041527677	0.048392717	0.026967455	-0.04989308	-0.033410072	-0.03826927	-0.016101085	0.0056107864	-0.010885917	0.02490108
-0.17249921	0.1737791	-0.156128	0.01063102	0.045302995	-0.056476757	0.096630156	-0.062445246	-0.14476043	-0.11909568	-0.10718526	0.105597205	0.0022776509	-0.16002373	-0.09076146	-0.08544302
-0.12713996	0.16118449	-0.112810045	-0.027205821	0.068812676	-0.06979613	0.119198866	-0.04147481	-0.1627827	-0.08752495	-0.11083601	0.15623002	0.0022261823	-0.15121047	-0.12982932	-0.14385973
-0.1704166	0.16279218	-0.11209218	-0.017537054	0.10421535	-0.1289716	0.13363479	-0.0846997	-0.16528922	-0.15767285	-0.16085243	0.1630748	0.021729331	-0.13491286	-0.1110283	-0.14700955
-0.15570597	0.11850997	-0.12257351	-0.0007254174	0.0752239	-0.11985691	0.10911206	-0.043909073	-0.10411037	-0.16403066	-0.17572384	0.18019833	0.0614203	-0.15039496	-0.08508911	-0.13859046
-0.13385831	0.1611216	-0.124603495	0.030336302	0.08277806	-0.060660355	0.09207834	-0.045192845	-0.10743022	-0.120963946	-0.16551077	0.15651082	0.03403694	-0.11723527	-0.04559777	-0.12807089
-0.1225112	0.11470432	-0.11985141	0.041027	0.036314107	-0.14007694	0.10618787	-0.057365604	-0.15346217	-0.087018564	-0.12056861	0.17445746	0.05313187	-0.12258035	-0.12177508	-0.090632096
-0.12683925	0.13075195	-0.12697189	0.11936383	0.11532537	-0.09342835	0.10340063	-0.063361876	-0.08632884	-0.079374604	-0.17745341	0.1572957	0.066922545	-0.105620995	-0.056997504	-0.06201865
-0.11359049	0.11700872	-0.07468408	0.09989318	0.1549085	-0.068703145	0.09299974	-0.13858263	-0.1235041	-0.058985494	-0.122096196	0.080429025	0.14604683	-0.09856664	-0.038246043	-0.14030674
-0.04233085	0.028729808	0.02201942	-0.046728253	-0.015227176	0.035028126	-0.04040861	0.03837723	0.005564846	-0.007216476	0.009573005	-0.026212681	-0.00619898	0.02881496	-0.03727311	-0.026189243
-0.049125947	-0.0055098534	0.045508627	-0.034912407	-0.019420683	-0.031618	0.032174323	0.04551277	-0.03244369	0.028370414	-0.00014286116	-0.04959437	0.0052642114	-0.04414904	-0.0314423	-0.008981787
-0.04720774	-0.025117207	0.039532017	0.002452027	-0.0016224161	-0.048858177	-0.027974559	-0.019563664	-0.0027235262	-0.04968388	-0.0053990707	-0.032878242	-0.012351133	-0.00309515	0.039915506	0.008912146
-0.17886391	0.20817125	-0.18473879	-0.11900731	0.15545776	-0.1677789	0.17234719	-0.2332004	-0.1835461	-0.20587014	-0.22265571	0.19281799	-0.14402944	-0.22415109	-0.25678822	-0.239472
-0.19004078	0.17471349	-0.20329997	-0.12287346	0.226874	-0.20533933	0.25369695	-0.20222864	-0.250455	-0.22691418	-0.1855249	0.22965176	-0.17813936	-0.17303176	-0.21178845	-0.24572353
-0.0010548942	-0.023283077	0.010681044	0.00012248755	0.027843941	-0.009894669	-0.03750533	-0.00062780455	0.0031606182	-0.03322997	-0.020015944	0.04230764	-0.036390852	-0.021973802	0.015469383	0.047665108
0.03351328	-0.011824667	0.029890168	-0.010652054	-0.038347684	0.019938145	0.0113274455	0.009376336	-0.045782723	0.015143838	-0.02754966	-0.003978204	0.048557725	0.04556552	0.032234278	-0.025375938
-0.04358647	-0.04538971	0.03946637	-0.0453961	-0.044330742	0.019335333	0.024072055	0.017659377	-0.045180596	0.049323086	-0.04828279	-0.012335636	0.0018734224	0.026050162	0.026226882	-0.01870612
-0.039261244	0.047624562	-0.03080131	-0.00051479414	0.027015839	-0.038971532	0.006082546	0.009198178	0.048403177	-0.004687108	-0.046061814	-0.013954796	-0.028275514	-0.033557154	-0.0010506995	-0.017685663
-0.03343427	-0.03548888	0.01576526	-0.034984805	0.019248258	0.008683037	-0.025708163	0.01532935	-0.0359102	-0.007163264	0.030350003	-0.012930416	0.025758956	-0.033856012	-0.008943509	-0.04826149
0.034227442	0.032048825	-0.032391928	0.04402418	-0.029729677	0.019235518	-0.0013875142	0.04093692	-0.0041538253	0.04531939	0.0076744333	0.03034414	0.020963166	-0.04247539	0.013361599	0.02443831
0.037968483	0.021654997	-0.016734552	-0.008457709	-0.0047032237	0.019799162	0.0003168583	-0.04431225	0.020532463	-0.039763488	-0.03147905	-0.02861296	-0.011421669	0.009694897	0.024780545	-0.046546247
0.01713233	-0.035681747	-0.04488281	-0.020256639	0.018286537	0.010931015	-0.038749576	0.02059779	0.0022260547	0.033819403	0.013559092	-0.032646157	-0.024435747	-0.0409878	9.937212e-05	-0.03452573
-0.02220062	0.037978176	0.03739978	0.010488652	-0.04671928	0.018509213	0.03737655	0.0228487	-0.0020865574	-0.029897416	0.040242005	0.035083894	0.036860514	-0.041978143	0.03591906	-0.019213272
0.02532145	-0.022015214	-0.015365757	-0.015103899	-0.017516684	-0.03713845	-0.007746469	0.0074282177	-0.030425323	0.040726546	-0.0355142	0.04050454	-0.00043165684	-0.021681214	-0.037444867	-0.0473395
0.19476052	-0.16789308	0.17899083	0.10039042	-0.17820722	0.19405866	-0.2257733	0.21449474	0.21701972	0.21018663	0.1585501	-0.21815453	0.088412054	0.1477406	0.18051778	0.20968112
0.12662895	-0.18203826	0.21823677	0.10431173	-0.13132901	0.22235599	-0.13984276	0.18992913	0.22436751	0.19992766	0.20376725	-0.1762248	0.0733068	0.22875346	0.13073207	0.16059805
0.18507104	-0.20331095	0.20572346	0.058206253	-0.16573718	0.19459504	-0.21911609	0.2240098	0.2219639	0.15422067	0.21832581	-0.20088078	0.11950906	0.1841693	0.21666975	0.18807498
-0.04436226	-0.03431189	0.046086516	-7.103756e-05	0.01848742	0.04463208	-0.03460008	0.007106386	-0.03194921	-0.022626592	-0.04261273	-0.036561273	-0.004142165	-0.025088752	0.0017224327	0.014608476
-0.0219388	0.04775616	-0.033254996	0.032723438	0.041868094	0.03295633	-0.004524745	-0.0489473	0.0442106	-0.018293463	0.023030471	0.04043975	-0.025388574	0.04145651	-0.03461492	0.031515706
0.11850356	-0.09832539	0.048979737	0.12500791	0.0033598486	0.004657904	-0.054732576	0.061828986	0.05776033	0.05727463	0.1034778	-0.07758532	0.06452574	0.059479956	0.104434	0.08953516
0.12479814	-0.078048244	0.08185744	0.033580773	-0.010313386	0.04790403	-0.07151313	0.03312156	0.10497431	0.09673318	0.081981495	-0.078311026	0.09283763	0.03950619	0.1378331	0.12609212
0.06972442	-0.06320218	0.09156035	0.039893962	-0.013904929	0.102248356	-0.037445072	0.11183682	0.13910045	0.096018955	0.13212518	-0.07334271	0.11910716	0.07979994	0.14338027	0.04862004
0.099923596	-0.09541154	0.09589054	0.11485842	-0.04612582	0.11051376	-0.09745473	0.023590395	0.14864907	0.08222093	0.118436635	-0.09721016	0.08211629	0.112764336	0.13260894	0.101618886
0.070986554	-0.13504505	0.12059669	0.035587482	-0.019525757	0.07095188	-0.063177876	0.048813518	0.15019187	0.13984525	0.14172053	-0.14665204	0.12579691	0.08477076	0.13160644	0.076356776
-0.024718642	0.028941777	0.037510786	-0.0045599453	-0.04614222	-0.032512844	-0.002834402	0.0067501776	0.00064017624	0.03267883	0.0006850362	-0.0048368685	0.022044871	0.009033252	0.0071053132	0.019487191
-0.017891861	-0.028228749	0.0043677203	-0.0173674	0.042629454	0.043493543	-0.012593329	-0.012446344	0.036379028	0.04395804	-0.02559849	-0.044180524	0.025030244	0.014729176	0.016335193	0.0003022179
0.0152072795	-0.024724936	0.04722066	-0.0092507005	0.0016874783	-0.016695786	-0.04945892	-0.037249945	-0.017527808	-0.0013230331	0.04010481	-0.030626928	-0.0073056817	-0.003332246	-0.006150555	-0.01885493
0.11303599	-0.17181528	0.11654623	0.04444488	-0.06321035	0.09469408	-0.16888928	0.09869426	0.11584793	0.1978823	0.14420334	-0.14410996	0.01193289	0.16007695	0.16948168	0.1776504
0.010773063	-0.010257147	0.022580061	-0.044688977	0.038126055	-0.017936967	-0.019065237	0.0061142445	-0.021104146	0.013438765	0.033383142	0.011923958	-0.029646242	-0.0332515	-0.021110272	-0.004175484
-0.011464	0.031355847	-0.04386742	0.029366616	-0.013153218	-0.027801145	-0.022689177	0.022776749	-0.030889977	-0.020077515	0.027008463	-0.026730789	0.014815759	-0.023140801	0.046135057	-0.049097158
0.025789808	-0.013897348	-0.020169271	0.006574191	0.046422865	-0.043808818	0.025343787	0.029860172	0.043396663	-0.028070211	-0.03549539	0.036309924	-0.046850897	-0.032959186	-0.005380489	0.034325015
0.010156177	0.00179521	0.016624857	-0.015538834	-0.018036999	-0.036482655	-0.00041212887	-0.030409897	0.02836192	-0.039094627	0.022685591	0.0041714683	0.015276339	0.025627997	-0.0035229549	-0.04650235
-0.18913889	0.23311307	-0.15024935	-0.1325298	0.16279013	-0.21815386	0.15123197	-0.2258736	-0.20111373	-0.20234968	-0.19643046	0.20528959	-0.11997952	-0.18867736	-0.17142968	-0.24715252
-0.17646922	0.17831695	-0.22665279	-0.14856154	0.20204143	-0.18469292	0.22219726	-0.20878191	-0.19799668	-0.23824789	-0.19659121	0.17027989	-0.075865895	-0.19779418	-0.16463304	-0.15422463
0.012085594	-0.044793773	-0.035072446	0.0018364303	0.029018965	-0.025404453	-0.022452546	-0.023949683	0.023626257	-0.005780112	-0.00038469955	0.0026109926	-0.03630085	0.039184358	-0.008246947	0.02393702
-0.14438261	0.11345315	-0.058045633	0.13886373	0.1197679	-0.064648755	0.12656288	-0.16788915	-0.085480906	-0.03376798	-0.11131878	0.07722654	0.036190793	-0.11013941	-0.0013338669	-0.16038375
-0.092986226	0.11572665	-0.11823256	0.11761979	0.10821802	-0.07856754	0.073231496	-0.10038791	-0.12396623	-0.048126355	-0.1564801	0.104298726	0.11455161	-0.123673275	-0.008815991	-0.12745816
-0.09402697	0.11215474	-0.03175034	0.046166778	0.14697619	-0.062262736	0.08842226	-0.15970367	-0.123508126	-0.014888649	-0.09187111	0.093894035	0.043894265	-0.15483262	-0.010619566	-0.15776049
-0.028761853	-0.017383326	0.041424286	0.028933894	-0.0059215315	0.02593008	-0.04586797	0.042265344	0.024450365	-0.02454487	-0.00035065413	0.039895523	-0.04959128	-0.0035919324	0.0025756136	-0.0040639043
0.028191928	-0.044682313	0.030294906	-0.042067874	0.036972914	0.007502448	0.038482953	0.013520662	0.005290173	0.023341265	-0.029838955	-0.01679064	0.0032261014	-0.044351935	0.035360705	0.026859228
-0.12017853	0.08796486	-0.090660416	0.07057133	0.15437438	-0.16846095	0.0799467	-0.0958692	-0.058403753	-0.107565	-0.088785544	0.1393125	0.07519336	-0.10352736	-0.048884757	-0.11428429
-0.072153516	0.048745364	-0.073376074	0.08583041	0.118727855	-0.14475529	0.15663944	-0.11261667	-0.059491947	-0.115042925	-0.14083755	0.08496966	0.16277198	-0.07765505	-0.068877436	-0.11095101
-0.16805385	0.21455425	-0.18931866	-0.14331622	0.2361597	-0.20511702	0.20971724	-0.18906069	-0.24232766	-0.20727056	-0.23353659	0.22923276	-0.07240636	-0.16842398	-0.20583165	-0.20749058
0.16288319	-0.10897612	0.109661266	0.06814163	0.06670841	0.13256557	-0.0888454	0.08953116	0.1342108	0.13020113	0.12976271	-0.109008	0.07950016	0.11991754	0.12572183	0.15203446
0.105521925	-0.1113014	0.13240908	0.11959908	0.017521447	0.101460174	-0.0913177	0.08250912	0.15716995	0.09035875	0.11588536	-0.1673822	0.15206356	0.12645712	0.06559032	0.07120648
0.14642544	-0.14391015	0.06451081	0.14461382	0.021634901	0.0984489	-0.08661455	0.15027177	0.09827864	0.10890163	0.082073525	-0.120829076	0.13930707	0.17065279	0.11338558	0.13821073
0.071461156	-0.15860005	0.13179535	0.15392008	0.020166982	0.10557248	-0.1033015	0.09378476	0.09467651	0.08963439	0.10466775	-0.09107495	0.13560385	0.10583311	0.118738644	0.09971948
0.11873957	-0.123919256	0.17531854	0.06731173	-0.093220636	0.17373434	-0.087885916	0.15274467	0.2016905	0.11249297	0.13142619	-0.14799663	0.05665991	0.09489841	0.1109764	0.17221963
0.10165138	-0.17159443	0.11898491	0.010899812	-0.13140422	0.14871053	-0.17752524	0.16225967	0.15679735	0.12583031	0.1298384	-0.12355933	0.046537455	0.17678104	0.13280447	0.15360512
0.12640291	-0.13798037	0.18183059	0.03212221	-0.1684609	0.120240025	-0.12324816	0.13819176	0.1465235	0.14629583	0.13427554	-0.1289583	0.11445938	0.177296	0.16817783	0.16966015
0.17539604	-0.08892762	0.11667727	0.093949296	-0.042346045	0.14054826	-0.1415889	0.089781955	0.1554096	0.097175315	0.15261383	-0.13361181	0.08579482	0.13928716	0.16788155	0.13810326
0.16833214	-0.07602554	0.09249297	0.16039325	-0.0050841086	0.12877387	-0.16248837	0.06415118	0.1267803	0.095521644	0.15578301	-0.120118655	0.08927399	0.15259428	0.15796849	0.114154965
0.07814121	-0.15184101	0.123451106	0.05275597	0.011652633	0.107202925	-0.051974367	0.11489429	0.089905225	0.12497657	0.0764555	-0.13041425	0.07206413	0.06194839	0.090133235	0.074227914
0.19198148	-0.2474095	0.20902291	0.13855208	-0.24125418	0.22735238	-0.20605125	0.2274025	0.1673534	0.2282784	0.17344633	-0.1989918	0.15399857	0.18298359	0.20256375	0.15365821
0.09836758	-0.054319873	0.12873761	0.09845488	0.025693245	0.12422847	-0.075381264	0.11880399	0.108227335	0.058527756	0.08812552	-0.13087796	0.12862056	0.126905	0.10012644	0.09892305
0.13730706	-0.13151717	0.112901	0.04597632	0.02852787	0.13914624	-0.102900356	0.09210309	0.15987892	0.0771158	0.052551884	-0.1283216	0.09651735	0.12355102	0.14695057	0.06317797
0.14691144	-0.09096727	0.06205232	0.08122289	0.07766026	0.08506361	-0.054906685	0.10034618	0.124960475	0.15220855	0.07950933	-0.087805875	0.062610835	0.13369235	0.1166467	0.07295264
0.13133961	-0.14479527	0.062280726	0.06581078	0.017471448	0.061706737	-0.08919046	0.09599739	0.096488096	0.08555746	0.13547674	-0.090470366	0.04611103	0.05616554	0.0907686	0.14718394
0.13439354	-0.15996258	0.1300717	0.08462101	-0.19637942	0.16372707	-0.22129038	0.15881816	0.18033049	0.12738864	0.1421357	-0.20107783	0.14840542	0.16563764	0.17320673	0.21602042
0.21197338	-0.21017952	0.14356175	0.08571175	-0.17219314	0.1991271	-0.21247108	0.20852843	0.21478742	0.14301604	0.18276137	-0.19734035	0.14985423	0.16538544	0.15677911	0.14446878
0.14287134	-0.15930727	0.136163	0.14265434	-0.14039925	0.19521342	-0.20756108	0.2031818	0.16547236	0.1252824	0.16927207	-0.1367004	0.05622795	0.13252571	0.16162832	0.15921703
0.20758013	-0.12404031	0.19495271	0.08626391	-0.19199333	0.19236967	-0.17694493	0.1346774	0.17823207	0.17894976	0.18746997	-0.16306198	0.06311322	0.11953219	0.16494761	0.17240256
0.16344507	-0.15410754	0.18852715	0.15533453	-0.20664549	0.16103363	-0.1841693	0.18219338	0.22101516	0.12042303	0.15468284	-0.14092012	0.06829041	0.14595571	0.20994794	0.17427029
0.016471777	-0.047165263	-0.0016584769	-0.034834884	0.0052433126	0.01195959	-0.025568843	-0.02274177	0.029716302	-0.036996163	-0.048795093	0.0361788	-0.031770695	-0.04669863	-0.0149128325	0.01761726
0.073451206	-0.13225964	0.09011912	0.018556684	-0.041229233	0.15465668	-0.15339202	0.05483672	0.14087535	0.14817034	0.13240442	-0.085429005	0.08846656	0.07071711	0.09852602	0.14609507
-0.1535823	0.22337109	-0.16328938	-0.11535988	0.14851414	-0.16690248	0.1597735	-0.2133769	-0.20030485	-0.21823594	-0.16839285	0.22044267	-0.09800993	-0.19631733	-0.17902301	-0.19011462
-0.2315386	0.21729775	-0.1744387	-0.06998794	0.1081714	-0.2296842	0.20810147	-0.20463325	-0.18004249	-0.2000172	-0.19681402	0.24387339	-0.10892728	-0.16176158	-0.16193357	-0.16074935
-0.14976797	0.23211865	-0.24012078	-0.16447444	0.18117042	-0.19423106	0.16617788	-0.15775229	-0.20423953	-0.2489339	-0.24864435	0.1645728	-0.12922794	-0.19053409	-0.18824734	-0.20971718
-0.18790872	0.18783112	-0.2391214	-0.15226725	0.19082226	-0.21387866	0.15830766	-0.16547073	-0.22829472	-0.17243128	-0.19410297	0.19595839	-0.15045114	-0.2034184	-0.22530621	-0.18946032
-0.008166719	-0.043656886	0.040804986	0.01717968	0.011180293	0.004333306	0.00964551	0.026803102	0.017571513	-0.02235098	-0.02966795	0.011736583	-0.04979073	-0.004167963	0.015662517	0.047486756
0.044952404	-0.0052651986	-0.00017697737	0.040081847	0.017901171	0.012262128	0.0488146	-0.036866523	0.031038273	0.040696595	-0.0057022795	0.027406726	-0.031902708	0.04890244	0.03651649	-0.023343598
-0.028290344	-0.044667102	0.031691615	0.002483569	0.037350345	0.032732975	0.011043191	0.03227509	-0.018846476	0.010764409	0.018680263	0.019318532	-0.016674958	0.013538543	-0.027862942	0.014676582
-0.041617595	-0.039192297	-0.030303633	-0.00659151	-0.049305964	-0.027724434	0.016844582	-0.02186544	0.04788113	-0.04692949	0.020188797	0.028894532	0.04913802	-0.03514246	-0.01051743	-0.038229097
-0.043022145	0.043981757	0.0069862828	-0.002726078	-0.045449268	0.040967796	-0.014812209	-0.048163425	0.032595966	0.045874882	0.04255033	-0.028647054	0.006315209	-0.022766186	-0.0072647333	-0.04093834
0.03568231	0.00066193193	-0.038223457	-0.006498646	-0.03602705	-0.026340151	-0.01022749	0.029829983	-0.016251098	0.023638833	-0.021976782	0.005996667	0.009163737	-0.014233064	0.0015733615	0.020368788
-0.13024701	0.10297005	-0.08943463	0.040559955	0.08577949	-0.10312387	0.11466277	-0.07918777	-0.086753406	-0.13525777	-0.15950166	0.10268068	0.019855041	-0.10605978	-0.13706586	-0.09350345
-0.15185721	0.16861129	-0.09880418	0.017426223	0.06380422	-0.12955423	0.15369537	-0.13301636	-0.15022899	-0.14406274	-0.17032368	0.17176369	0.057296187	-0.14671278	-0.08171568	-0.149717
-0.12989362	0.13568884	-0.08294638	0.038159765	0.11069426	-0.15692984	0.16030084	-0.14435606	-0.10746864	-0.123545684	-0.17793487	0.18034549	0.02759261	-0.10491286	-0.12989691	-0.07517678
-0.13383226	0.12195115	-0.14987712	-0.0069405152	0.14978433	-0.15818496	0.118969515	-0.09501592	-0.12622708	-0.13314562	-0.15742289	0.13430259	0.047120452	-0.18024246	-0.13545156	-0.14636125
-0.101333424	0.13703933	-0.15969194	0.028639581	0.06626789	-0.08573822	0.11857964	-0.10743653	-0.1305946	-0.14610915	-0.12827905	0.14169712	0.09089961	-0.11938038	-0.10095204	-0.1425624
-0.046799507	0.03629608	0.01121515	0.0047051907	-0.039008223	-0.015160549	0.017163862	0.029640142	0.014809761	-0.00030883402	-0.011939324	-0.045746554	-0.027055109	0.031825755	0.036689762	-0.019592678
0.0007903576	-0.029396331	0.009797145	0.011286579	0.023989584	-0.0071026795	0.034232024	-0.013164867	-0.008807026	-0.0057381764	0.018966947	-0.006764807	0.020505812	-0.035401892	-0.0076953657	0.00025392696
0.01426268	-0.043672454	0.018165316	0.027494255	0.021116104	-0.020826234	0.016476046	0.008140087	-0.016163908	0.019834671	0.03783698	-0.043460954	0.016113888	0.030707363	-0.04828266	0.02872261
-0.017945647	0.013454739	0.023615908	0.0120412335	-0.019598687	-0.04584675	0.049783755	0.030153524	-0.02726071	-0.016341291	-0.03392478	0.0057206973	-0.0067254305	-0.01870656	0.044422757	0.033233453
0.012542833	0.024694	-0.0011160858	0.00716573	0.03260244	3.2037497e-07	0.034271304	-0.043481182	-0.011794794	0.030224826	-0.03637854	0.03624207	0.036203746	0.025500264	-0.033272527	0.003481865
-0.029784394	0.01658741	-0.008976899	-0.0016834848	-0.0156168565	-0.022738768	-0.02129593	-0.017883815	0.048874464	-0.004256308	0.0055689923	0.028193403	-0.026416088	-0.03217882	0.04346383	-0.03487003
